"id","Scenario","Actual Range","Protocol","Buildings","Total nodes","Nodes on circ","Total coverage","Coverage on circ","Alert received mean time","Hops","Slots","Messages sent","Messages received"
0,0,100,0,0,6528,148,6377,140,1.01094e+07,68.45,76.4429,2025,6376
1,0,100,0,0,6528,148,6339,148,1.00924e+07,54.0811,60.9122,1920,6338
2,0,100,0,0,6528,148,6320,145,1.00985e+07,61.5862,68.1862,1921,6319
3,0,100,0,0,6528,148,6364,137,1.00957e+07,58.365,64.8467,1908,6363
4,0,100,0,0,6528,148,6395,143,1.01026e+07,61.1818,69.0699,2008,6394
5,0,100,0,0,6528,148,6361,146,1.00889e+07,53.7192,59.7671,1842,6360
6,0,100,0,0,6528,148,5217,114,1.0093e+07,56.9737,63.2105,1547,5216
