"id","Scenario","Actual Range","Protocol","Buildings","Total nodes","Nodes on circ","Total coverage","Coverage on circ","Alert received mean time","Hops","Slots","Messages sent","Messages received"
0,0,500,0,0,6528,148,6528,148,1.0012e+07,5.56757,7.40541,197,6527
1,0,500,0,0,6528,148,6528,148,1.00117e+07,5.87162,7.85135,217,6527
2,0,500,0,0,6528,148,6528,148,1.00107e+07,5.86486,6.80405,209,6527
3,0,500,0,0,6528,148,6528,148,1.00117e+07,5.47973,7.69595,195,6527
4,0,500,0,0,6528,148,6528,148,1.00117e+07,5.48649,7.5473,205,6527
