"id","Scenario","Actual Range","Protocol","Buildings","Total nodes","Nodes on circ","Total coverage","Coverage on circ","Alert received mean time","Hops","Slots","Messages sent","Messages received"
2,1,500,0,0,150,3,150,3,2.59938e+06,148,2544.67,150,149
3,1,500,0,0,150,3,150,3,2.55671e+06,148,2502,150,149
4,1,500,0,0,150,3,150,3,2.51371e+06,148,2459,150,149
5,1,500,0,0,150,3,150,3,2.69538e+06,148,2640.67,150,149
6,1,500,0,0,150,3,150,3,2.49038e+06,148,2435.67,150,149
7,1,500,0,0,150,3,150,3,2.56138e+06,148,2506.67,150,149
8,1,500,0,0,150,3,150,3,2.38571e+06,148,2331,150,149
9,1,500,0,0,150,3,150,3,2.45771e+06,148,2403,150,149
10,1,500,0,0,150,3,150,3,2.44338e+06,148,2388.67,150,149
11,1,500,0,0,150,3,150,3,2.50838e+06,148,2453.67,150,149
12,1,500,0,0,150,3,150,3,2.49804e+06,148,2443.33,150,149
13,1,500,0,0,150,3,150,3,2.40871e+06,148,2354,150,149
14,1,500,0,0,150,3,150,3,2.41538e+06,148,2360.67,150,149
15,1,500,0,0,150,3,150,3,2.53504e+06,148,2480.33,150,149
16,1,500,0,0,150,3,150,3,2.33971e+06,148,2285,150,149
17,1,500,0,0,150,3,150,3,2.50638e+06,148,2451.67,150,149
18,1,500,0,0,150,3,150,3,2.28771e+06,148,2233,150,149
19,1,500,0,0,150,3,150,3,2.49871e+06,148,2444,150,149
20,1,500,0,0,150,3,150,3,2.55571e+06,148,2501,150,149
21,1,500,0,0,150,3,150,3,2.54271e+06,148,2488,150,149
22,1,500,0,0,150,3,150,3,2.63704e+06,148,2582.33,150,149
23,1,500,0,0,150,3,150,3,2.46804e+06,148,2413.33,150,149
24,1,500,0,0,150,3,150,3,2.36504e+06,148,2310.33,150,149
25,1,500,0,0,150,3,150,3,2.52904e+06,148,2474.33,150,149
26,1,500,0,0,150,3,150,3,2.47771e+06,148,2423,150,149
27,1,500,0,0,150,3,150,3,2.67771e+06,148,2623,150,149
28,1,500,0,0,150,3,150,3,2.41871e+06,148,2364,150,149
29,1,500,0,0,150,3,150,3,2.47371e+06,148,2419,150,149
30,1,500,0,0,150,3,150,3,2.34438e+06,148,2289.67,150,149
31,1,500,0,0,150,3,150,3,2.50804e+06,148,2453.33,150,149
32,1,500,0,0,150,3,150,3,2.63571e+06,148,2581,150,149
33,1,500,0,0,150,3,150,3,2.59938e+06,148,2544.67,150,149
34,1,500,0,0,150,3,150,3,2.66138e+06,148,2606.67,150,149
35,1,500,0,0,150,3,150,3,2.49671e+06,148,2442,150,149
36,1,500,0,0,150,3,150,3,2.55904e+06,148,2504.33,150,149
37,1,500,0,0,150,3,150,3,2.57938e+06,148,2524.67,150,149
38,1,500,0,0,150,3,150,3,2.61871e+06,148,2564,150,149
39,1,500,0,0,150,3,150,3,2.41371e+06,148,2359,150,149
40,1,500,0,0,150,3,150,3,2.45038e+06,148,2395.67,150,149
41,1,500,0,0,150,3,150,3,2.54471e+06,148,2490,150,149
42,1,500,0,0,150,3,150,3,2.66971e+06,148,2615,150,149
43,1,500,0,0,150,3,150,3,2.62438e+06,148,2569.67,150,149
44,1,500,0,0,150,3,150,3,2.45838e+06,148,2403.67,150,149
45,1,500,0,0,150,3,150,3,2.40538e+06,148,2350.67,150,149
46,1,500,0,0,150,3,150,3,2.53404e+06,148,2479.33,150,149
47,1,500,0,0,150,3,150,3,2.43838e+06,148,2383.67,150,149
48,1,500,0,0,150,3,150,3,2.49371e+06,148,2439,150,149
49,1,500,0,0,150,3,150,3,2.51638e+06,148,2461.67,150,149
50,1,500,0,0,150,3,150,3,2.60938e+06,148,2554.67,150,149
51,1,500,0,0,150,3,150,3,2.46838e+06,148,2413.67,150,149
52,1,500,0,0,150,3,150,3,2.31304e+06,148,2258.33,150,149
53,1,500,0,0,150,3,150,3,2.58404e+06,148,2529.33,150,149
54,1,500,0,0,150,3,150,3,2.44938e+06,148,2394.67,150,149
55,1,500,0,0,150,3,150,3,2.22104e+06,148,2166.33,150,149
56,1,500,0,0,150,3,150,3,2.37138e+06,148,2316.67,150,149
57,1,500,0,0,150,3,150,3,2.39804e+06,148,2343.33,150,149
58,1,500,0,0,150,3,150,3,2.39438e+06,148,2339.67,150,149
59,1,500,0,0,150,3,150,3,2.27071e+06,148,2216,150,149
60,1,500,0,0,150,3,150,3,2.54004e+06,148,2485.33,150,149
61,1,500,0,0,150,3,150,3,2.50004e+06,148,2445.33,150,149
62,1,500,0,0,150,3,150,3,2.40638e+06,148,2351.67,150,149
63,1,500,0,0,150,3,150,3,2.51971e+06,148,2465,150,149
64,1,500,0,0,150,3,150,3,2.45171e+06,148,2397,150,149
65,1,500,0,0,150,3,150,3,2.46471e+06,148,2410,150,149
66,1,500,0,0,150,3,150,3,2.47271e+06,148,2418,150,149
67,1,500,0,0,150,3,150,3,2.61604e+06,148,2561.33,150,149
68,1,500,0,0,150,3,150,3,2.45304e+06,148,2398.33,150,149
69,1,500,0,0,150,3,150,3,2.38871e+06,148,2334,150,149
70,1,500,0,0,150,3,150,3,2.42138e+06,148,2366.67,150,149
71,1,500,0,0,150,3,150,3,2.37238e+06,148,2317.67,150,149
72,1,500,0,0,150,3,150,3,2.46271e+06,148,2408,150,149
73,1,500,0,0,150,3,150,3,2.31071e+06,148,2256,150,149
74,1,500,0,0,150,3,150,3,2.57971e+06,148,2525,150,149
75,1,500,0,0,150,3,150,3,2.30604e+06,148,2251.33,150,149
76,1,500,0,0,150,3,150,3,2.60504e+06,148,2550.33,150,149
77,1,500,0,0,150,3,150,3,2.31638e+06,148,2261.67,150,149
78,1,500,0,0,150,3,150,3,2.29838e+06,148,2243.67,150,149
79,1,500,0,0,150,3,150,3,2.38671e+06,148,2332,150,149
80,1,500,0,0,150,3,150,3,2.33071e+06,148,2276,150,149
81,1,500,0,0,150,3,150,3,2.39071e+06,148,2336,150,149
82,1,500,0,0,150,3,150,3,2.45338e+06,148,2398.67,150,149
83,1,500,0,0,150,3,150,3,2.51104e+06,148,2456.33,150,149
84,1,500,0,0,150,3,150,3,2.61404e+06,148,2559.33,150,149
85,1,500,0,0,150,3,150,3,2.55638e+06,148,2501.67,150,149
86,1,500,0,0,150,3,150,3,2.67604e+06,148,2621.33,150,149
87,1,500,0,0,150,3,150,3,2.52704e+06,148,2472.33,150,149
88,1,500,0,0,150,3,150,3,2.52404e+06,148,2469.33,150,149
89,1,500,0,0,150,3,150,3,2.44371e+06,148,2389,150,149
90,1,500,0,0,150,3,150,3,2.51071e+06,148,2456,150,149
91,1,500,0,0,150,3,150,3,2.50038e+06,148,2445.67,150,149
92,1,500,0,0,150,3,150,3,2.48071e+06,148,2426,150,149
93,1,500,0,0,150,3,150,3,2.31538e+06,148,2260.67,150,149
94,1,500,0,0,150,3,150,3,2.26671e+06,148,2212,150,149
95,1,500,0,0,150,3,150,3,2.51704e+06,148,2462.33,150,149
96,1,500,0,0,150,3,150,3,2.53304e+06,148,2478.33,150,149
97,1,500,0,0,150,3,150,3,2.54871e+06,148,2494,150,149
98,1,500,0,0,150,3,150,3,2.46604e+06,148,2411.33,150,149
99,1,500,0,0,150,3,150,3,2.34671e+06,148,2292,150,149
100,1,500,0,0,150,3,150,3,2.60871e+06,148,2554,150,149
101,1,500,0,0,150,3,150,3,2.49271e+06,148,2438,150,149
102,1,500,0,0,150,3,150,3,2.67938e+06,148,2624.67,150,149
103,1,500,0,0,150,3,150,3,2.34738e+06,148,2292.67,150,149
104,1,500,0,0,150,3,150,3,2.43504e+06,148,2380.33,150,149
105,1,500,0,0,150,3,150,3,2.43371e+06,148,2379,150,149
106,1,500,0,0,150,3,150,3,2.36604e+06,148,2311.33,150,149
107,1,500,0,0,150,3,150,3,2.32504e+06,148,2270.33,150,149
108,1,500,0,0,150,3,150,3,2.38838e+06,148,2333.67,150,149
109,1,500,0,0,150,3,150,3,2.61704e+06,148,2562.33,150,149
110,1,500,0,0,150,3,150,3,2.53571e+06,148,2481,150,149
111,1,500,0,0,150,3,150,3,2.32604e+06,148,2271.33,150,149
112,1,500,0,0,150,3,150,3,2.32504e+06,148,2270.33,150,149
113,1,500,0,0,150,3,150,3,2.47571e+06,148,2421,150,149
114,1,500,0,0,150,3,150,3,2.45204e+06,148,2397.33,150,149
115,1,500,0,0,150,3,150,3,2.53771e+06,148,2483,150,149
116,1,500,0,0,150,3,150,3,2.51504e+06,148,2460.33,150,149
117,1,500,0,0,150,3,150,3,2.60271e+06,148,2548,150,149
118,1,500,0,0,150,3,150,3,2.55071e+06,148,2496,150,149
119,1,500,0,0,150,3,150,3,2.59638e+06,148,2541.67,150,149
120,1,500,0,0,150,3,150,3,2.52538e+06,148,2470.67,150,149
121,1,500,0,0,150,3,150,3,2.43538e+06,148,2380.67,150,149
122,1,500,0,0,150,3,150,3,2.42304e+06,148,2368.33,150,149
123,1,500,0,0,150,3,150,3,2.39571e+06,148,2341,150,149
124,1,500,0,0,150,3,150,3,2.56538e+06,148,2510.67,150,149
125,1,500,0,0,150,3,150,3,2.71171e+06,148,2657,150,149
126,1,500,0,0,150,3,150,3,2.39471e+06,148,2340,150,149
127,1,500,0,0,150,3,150,3,2.61204e+06,148,2557.33,150,149
128,1,500,0,0,150,3,150,3,2.44971e+06,148,2395,150,149
129,1,500,0,0,150,3,150,3,2.45538e+06,148,2400.67,150,149
130,1,500,0,0,150,3,150,3,2.48238e+06,148,2427.67,150,149
131,1,500,0,0,150,3,150,3,2.40971e+06,148,2355,150,149
132,1,500,0,0,150,3,150,3,2.59004e+06,148,2535.33,150,149
133,1,500,0,0,150,3,150,3,2.48804e+06,148,2433.33,150,149
134,1,500,0,0,150,3,150,3,2.47938e+06,148,2424.67,150,149
135,1,500,0,0,150,3,150,3,2.54304e+06,148,2488.33,150,149
136,1,500,0,0,150,3,150,3,2.33238e+06,148,2277.67,150,149
137,1,500,0,0,150,3,150,3,2.49104e+06,148,2436.33,150,149
138,1,500,0,0,150,3,150,3,2.46971e+06,148,2415,150,149
139,1,500,0,0,150,3,150,3,2.31771e+06,148,2263,150,149
140,1,500,0,0,150,3,150,3,2.58471e+06,148,2530,150,149
141,1,500,0,0,150,3,150,3,2.45738e+06,148,2402.67,150,149
142,1,500,0,0,150,3,150,3,2.76204e+06,148,2707.33,150,149
143,1,500,0,0,150,3,150,3,2.46604e+06,148,2411.33,150,149
144,1,500,0,0,150,3,150,3,2.43838e+06,148,2383.67,150,149
145,1,500,0,0,150,3,150,3,2.49071e+06,148,2436,150,149
146,1,500,0,0,150,3,150,3,2.39138e+06,148,2336.67,150,149
147,1,500,0,0,150,3,150,3,2.34171e+06,148,2287,150,149
148,1,500,0,0,150,3,150,3,2.49204e+06,148,2437.33,150,149
149,1,500,0,0,150,3,150,3,2.54504e+06,148,2490.33,150,149
150,1,500,0,0,150,3,150,3,2.46438e+06,148,2409.67,150,149
151,1,500,0,0,150,3,150,3,2.16104e+06,148,2106.33,150,149
152,1,500,0,0,150,3,150,3,2.55304e+06,148,2498.33,150,149
153,1,500,0,0,150,3,150,3,2.34071e+06,148,2286,150,149
154,1,500,0,0,150,3,150,3,2.59404e+06,148,2539.33,150,149
155,1,500,0,0,150,3,150,3,2.48571e+06,148,2431,150,149
156,1,500,0,0,150,3,150,3,2.60638e+06,148,2551.67,150,149
157,1,500,0,0,150,3,150,3,2.43904e+06,148,2384.33,150,149
158,1,500,0,0,150,3,150,3,2.41771e+06,148,2363,150,149
159,1,500,0,0,150,3,150,3,2.58171e+06,148,2527,150,149
160,1,500,0,0,150,3,150,3,2.49738e+06,148,2442.67,150,149
161,1,500,0,0,150,3,150,3,2.56871e+06,148,2514,150,149
162,1,500,0,0,150,3,150,3,2.28238e+06,148,2227.67,150,149
163,1,500,0,0,150,3,150,3,2.28371e+06,148,2229,150,149
164,1,500,0,0,150,3,150,3,2.50338e+06,148,2448.67,150,149
165,1,500,0,0,150,3,150,3,2.60004e+06,148,2545.33,150,149
166,1,500,0,0,150,3,150,3,2.48404e+06,148,2429.33,150,149
167,1,500,0,0,150,3,150,3,2.54304e+06,148,2488.33,150,149
168,1,500,0,0,150,3,150,3,2.38871e+06,148,2334,150,149
169,1,500,0,0,150,3,150,3,2.49271e+06,148,2438,150,149
170,1,500,0,0,150,3,150,3,2.57871e+06,148,2524,150,149
171,1,500,0,0,150,3,150,3,2.41604e+06,148,2361.33,150,149
172,1,500,0,0,150,3,150,3,2.55871e+06,148,2504,150,149
173,1,500,0,0,150,3,150,3,2.35771e+06,148,2303,150,149
174,1,500,0,0,150,3,150,3,2.45971e+06,148,2405,150,149
175,1,500,0,0,150,3,150,3,2.46738e+06,148,2412.67,150,149
176,1,500,0,0,150,3,150,3,2.47871e+06,148,2424,150,149
177,1,500,0,0,150,3,150,3,2.57504e+06,148,2520.33,150,149
178,1,500,0,0,150,3,150,3,2.53638e+06,148,2481.67,150,149
179,1,500,0,0,150,3,150,3,2.47571e+06,148,2421,150,149
180,1,500,0,0,150,3,150,3,2.40904e+06,148,2354.33,150,149
181,1,500,0,0,150,3,150,3,2.44171e+06,148,2387,150,149
182,1,500,0,0,150,3,150,3,2.50438e+06,148,2449.67,150,149
183,1,500,0,0,150,3,150,3,2.57404e+06,148,2519.33,150,149
184,1,500,0,0,150,3,150,3,2.45104e+06,148,2396.33,150,149
185,1,500,0,0,150,3,150,3,2.52938e+06,148,2474.67,150,149
186,1,500,0,0,150,3,150,3,2.45404e+06,148,2399.33,150,149
187,1,500,0,0,150,3,150,3,2.28704e+06,148,2232.33,150,149
188,1,500,0,0,150,3,150,3,2.45471e+06,148,2400,150,149
189,1,500,0,0,150,3,150,3,2.32904e+06,148,2274.33,150,149
190,1,500,0,0,150,3,150,3,2.47038e+06,148,2415.67,150,149
191,1,500,0,0,150,3,150,3,2.52871e+06,148,2474,150,149
192,1,500,0,0,150,3,150,3,2.43338e+06,148,2378.67,150,149
193,1,500,0,0,150,3,150,3,2.44204e+06,148,2387.33,150,149
194,1,500,0,0,150,3,150,3,2.56004e+06,148,2505.33,150,149
195,1,500,0,0,150,3,150,3,2.43004e+06,148,2375.33,150,149
196,1,500,0,0,150,3,150,3,2.53738e+06,148,2482.67,150,149
197,1,500,0,0,150,3,150,3,2.36371e+06,148,2309,150,149
198,1,500,0,0,150,3,150,3,2.52638e+06,148,2471.67,150,149
199,1,500,0,0,150,3,150,3,2.42738e+06,148,2372.67,150,149
200,1,500,0,0,150,3,150,3,2.54938e+06,148,2494.67,150,149
201,1,500,0,0,150,3,150,3,2.48271e+06,148,2428,150,149
202,1,500,0,0,150,3,150,3,2.69171e+06,148,2637,150,149
203,1,500,0,0,150,3,150,3,2.34004e+06,148,2285.33,150,149
204,1,500,0,0,150,3,150,3,2.66204e+06,148,2607.33,150,149
205,1,500,0,0,150,3,150,3,2.39438e+06,148,2339.67,150,149
206,1,500,0,0,150,3,150,3,2.57938e+06,148,2524.67,150,149
207,1,500,0,0,150,3,150,3,2.31504e+06,148,2260.33,150,149
208,1,500,0,0,150,3,150,3,2.44838e+06,148,2393.67,150,149
209,1,500,0,0,150,3,150,3,2.51071e+06,148,2456,150,149
210,1,500,0,0,150,3,150,3,2.34238e+06,148,2287.67,150,149
211,1,500,0,0,150,3,150,3,2.58938e+06,148,2534.67,150,149
212,1,500,0,0,150,3,150,3,2.41504e+06,148,2360.33,150,149
213,1,500,0,0,150,3,150,3,2.43038e+06,148,2375.67,150,149
214,1,500,0,0,150,3,150,3,2.36171e+06,148,2307,150,149
215,1,500,0,0,150,3,150,3,2.66738e+06,148,2612.67,150,149
216,1,500,0,0,150,3,150,3,2.49871e+06,148,2444,150,149
217,1,500,0,0,150,3,150,3,2.49371e+06,148,2439,150,149
218,1,500,0,0,150,3,150,3,2.28904e+06,148,2234.33,150,149
219,1,500,0,0,150,3,150,3,2.39571e+06,148,2341,150,149
220,1,500,0,0,150,3,150,3,2.49704e+06,148,2442.33,150,149
221,1,500,0,0,150,3,150,3,2.43538e+06,148,2380.67,150,149
222,1,500,0,0,150,3,150,3,2.44304e+06,148,2388.33,150,149
223,1,500,0,0,150,3,150,3,2.45504e+06,148,2400.33,150,149
224,1,500,0,0,150,3,150,3,2.38238e+06,148,2327.67,150,149
225,1,500,0,0,150,3,150,3,2.37938e+06,148,2324.67,150,149
226,1,500,0,0,150,3,150,3,2.43338e+06,148,2378.67,150,149
227,1,500,0,0,150,3,150,3,2.59604e+06,148,2541.33,150,149
228,1,500,0,0,150,3,150,3,2.48604e+06,148,2431.33,150,149
229,1,500,0,0,150,3,150,3,2.75071e+06,148,2696,150,149
230,1,500,0,0,150,3,150,3,2.65938e+06,148,2604.67,150,149
231,1,500,0,0,150,3,150,3,2.41138e+06,148,2356.67,150,149
232,1,500,0,0,150,3,150,3,2.46871e+06,148,2414,150,149
233,1,500,0,0,150,3,150,3,2.28704e+06,148,2232.33,150,149
234,1,500,0,0,150,3,150,3,2.45571e+06,148,2401,150,149
235,1,500,0,0,150,3,150,3,2.41904e+06,148,2364.33,150,149
236,1,500,0,0,150,3,150,3,2.68071e+06,148,2626,150,149
237,1,500,0,0,150,3,150,3,2.42338e+06,148,2368.67,150,149
238,1,500,0,0,150,3,150,3,2.67871e+06,148,2624,150,149
239,1,500,0,0,150,3,150,3,2.33204e+06,148,2277.33,150,149
240,1,500,0,0,150,3,150,3,2.60338e+06,148,2548.67,150,149
241,1,500,0,0,150,3,150,3,2.56204e+06,148,2507.33,150,149
242,1,500,0,0,150,3,150,3,2.46338e+06,148,2408.67,150,149
243,1,500,0,0,150,3,150,3,2.70371e+06,148,2649,150,149
244,1,500,0,0,150,3,150,3,2.38971e+06,148,2335,150,149
245,1,500,0,0,150,3,150,3,2.56804e+06,148,2513.33,150,149
246,1,500,0,0,150,3,150,3,2.34671e+06,148,2292,150,149
247,1,500,0,0,150,3,150,3,2.47538e+06,148,2420.67,150,149
248,1,500,0,0,150,3,150,3,2.63438e+06,148,2579.67,150,149
249,1,500,0,0,150,3,150,3,2.42638e+06,148,2371.67,150,149
250,1,500,0,0,150,3,150,3,2.44838e+06,148,2393.67,150,149
251,1,500,0,0,150,3,150,3,2.52004e+06,148,2465.33,150,149
252,1,500,0,0,150,3,150,3,2.48171e+06,148,2427,150,149
253,1,500,0,0,150,3,150,3,2.32704e+06,148,2272.33,150,149
254,1,500,0,0,150,3,150,3,2.57938e+06,148,2524.67,150,149
255,1,500,0,0,150,3,150,3,2.43304e+06,148,2378.33,150,149
256,1,500,0,0,150,3,150,3,2.73871e+06,148,2684,150,149
257,1,500,0,0,150,3,150,3,2.37704e+06,148,2322.33,150,149
258,1,500,0,0,150,3,150,3,2.45138e+06,148,2396.67,150,149
259,1,500,0,0,150,3,150,3,2.43304e+06,148,2378.33,150,149
260,1,500,0,0,150,3,150,3,2.55671e+06,148,2502,150,149
261,1,500,0,0,150,3,150,3,2.52504e+06,148,2470.33,150,149
262,1,500,0,0,150,3,150,3,2.47971e+06,148,2425,150,149
263,1,500,0,0,150,3,150,3,2.55204e+06,148,2497.33,150,149
264,1,500,0,0,150,3,150,3,2.47738e+06,148,2422.67,150,149
265,1,500,0,0,150,3,150,3,2.62271e+06,148,2568,150,149
266,1,500,0,0,150,3,150,3,2.48238e+06,148,2427.67,150,149
267,1,500,0,0,150,3,150,3,2.65638e+06,148,2601.67,150,149
268,1,500,0,0,150,3,150,3,2.56138e+06,148,2506.67,150,149
269,1,500,0,0,150,3,150,3,2.31904e+06,148,2264.33,150,149
270,1,500,0,0,150,3,150,3,2.38638e+06,148,2331.67,150,149
271,1,500,0,0,150,3,150,3,2.47604e+06,148,2421.33,150,149
272,1,500,0,0,150,3,150,3,2.52171e+06,148,2467,150,149
273,1,500,0,0,150,3,150,3,2.39038e+06,148,2335.67,150,149
274,1,500,0,0,150,3,150,3,2.43871e+06,148,2384,150,149
275,1,500,0,0,150,3,150,3,2.49871e+06,148,2444,150,149
276,1,500,0,0,150,3,150,3,2.84271e+06,148,2788,150,149
277,1,500,0,0,150,3,150,3,2.53304e+06,148,2478.33,150,149
278,1,500,0,0,150,3,150,3,2.50338e+06,148,2448.67,150,149
279,1,500,0,0,150,3,150,3,2.47804e+06,148,2423.33,150,149
280,1,500,0,0,150,3,150,3,2.55938e+06,148,2504.67,150,149
281,1,500,0,0,150,3,150,3,2.20204e+06,148,2147.33,150,149
282,1,500,0,0,150,3,150,3,2.55038e+06,148,2495.67,150,149
283,1,500,0,0,150,3,150,3,2.35171e+06,148,2297,150,149
284,1,500,0,0,150,3,150,3,2.39904e+06,148,2344.33,150,149
285,1,500,0,0,150,3,150,3,2.55771e+06,148,2503,150,149
286,1,500,0,0,150,3,150,3,2.40238e+06,148,2347.67,150,149
287,1,500,0,0,150,3,150,3,2.34638e+06,148,2291.67,150,149
288,1,500,0,0,150,3,150,3,2.24871e+06,148,2194,150,149
289,1,500,0,0,150,3,150,3,2.60138e+06,148,2546.67,150,149
290,1,500,0,0,150,3,150,3,2.50004e+06,148,2445.33,150,149
291,1,500,0,0,150,3,150,3,2.53038e+06,148,2475.67,150,149
292,1,500,0,0,150,3,150,3,2.52004e+06,148,2465.33,150,149
293,1,500,0,0,150,3,150,3,2.55704e+06,148,2502.33,150,149
294,1,500,0,0,150,3,150,3,2.64704e+06,148,2592.33,150,149
295,1,500,0,0,150,3,150,3,2.54038e+06,148,2485.67,150,149
296,1,500,0,0,150,3,150,3,2.47471e+06,148,2420,150,149
297,1,500,0,0,150,3,150,3,2.45371e+06,148,2399,150,149
298,1,500,0,0,150,3,150,3,2.35404e+06,148,2299.33,150,149
299,1,500,0,0,150,3,150,3,2.47638e+06,148,2421.67,150,149
300,1,500,0,0,150,3,150,3,2.41204e+06,148,2357.33,150,149
301,1,500,0,0,150,3,150,3,2.47104e+06,148,2416.33,150,149
302,1,500,0,0,150,3,150,3,2.42138e+06,148,2366.67,150,149
303,1,500,0,0,150,3,150,3,2.52704e+06,148,2472.33,150,149
304,1,500,0,0,150,3,150,3,2.64038e+06,148,2585.67,150,149
305,1,500,0,0,150,3,150,3,2.41438e+06,148,2359.67,150,149
306,1,500,0,0,150,3,150,3,2.56638e+06,148,2511.67,150,149
307,1,500,0,0,150,3,150,3,2.42071e+06,148,2366,150,149
308,1,500,0,0,150,3,150,3,2.53304e+06,148,2478.33,150,149
309,1,500,0,0,150,3,150,3,2.60271e+06,148,2548,150,149
310,1,500,0,0,150,3,150,3,2.32971e+06,148,2275,150,149
311,1,500,0,0,150,3,150,3,2.45538e+06,148,2400.67,150,149
312,1,500,0,0,150,3,150,3,2.48038e+06,148,2425.67,150,149
313,1,500,0,0,150,3,150,3,2.56538e+06,148,2510.67,150,149
314,1,500,0,0,150,3,150,3,2.23871e+06,148,2184,150,149
315,1,500,0,0,150,3,150,3,2.42104e+06,148,2366.33,150,149
316,1,500,0,0,150,3,150,3,2.47438e+06,148,2419.67,150,149
317,1,500,0,0,150,3,150,3,2.47104e+06,148,2416.33,150,149
318,1,500,0,0,150,3,150,3,2.43771e+06,148,2383,150,149
319,1,500,0,0,150,3,150,3,2.80071e+06,148,2746,150,149
320,1,500,0,0,150,3,150,3,2.68238e+06,148,2627.67,150,149
321,1,500,0,0,150,3,150,3,2.51871e+06,148,2464,150,149
322,1,500,0,0,150,3,150,3,2.48304e+06,148,2428.33,150,149
323,1,500,0,0,150,3,150,3,2.41071e+06,148,2356,150,149
324,1,500,0,0,150,3,150,3,2.54571e+06,148,2491,150,149
325,1,500,0,0,150,3,150,3,2.25838e+06,148,2203.67,150,149
326,1,500,0,0,150,3,150,3,2.51371e+06,148,2459,150,149
327,1,500,0,0,150,3,150,3,2.58138e+06,148,2526.67,150,149
328,1,500,0,0,150,3,150,3,2.43838e+06,148,2383.67,150,149
329,1,500,0,0,150,3,150,3,2.43138e+06,148,2376.67,150,149
330,1,500,0,0,150,3,150,3,2.51938e+06,148,2464.67,150,149
331,1,500,0,0,150,3,150,3,2.55371e+06,148,2499,150,149
332,1,500,0,0,150,3,150,3,2.20904e+06,148,2154.33,150,149
333,1,500,0,0,150,3,150,3,2.64371e+06,148,2589,150,149
334,1,500,0,0,150,3,150,3,2.58871e+06,148,2534,150,149
335,1,500,0,0,150,3,150,3,2.37571e+06,148,2321,150,149
336,1,500,0,0,150,3,150,3,2.35871e+06,148,2304,150,149
337,1,500,0,0,150,3,150,3,2.55404e+06,148,2499.33,150,149
338,1,500,0,0,150,3,150,3,2.30138e+06,148,2246.67,150,149
339,1,500,0,0,150,3,150,3,2.43504e+06,148,2380.33,150,149
340,1,500,0,0,150,3,150,3,2.55371e+06,148,2499,150,149
341,1,500,0,0,150,3,150,3,2.36638e+06,148,2311.67,150,149
342,1,500,0,0,150,3,150,3,2.41004e+06,148,2355.33,150,149
343,1,500,0,0,150,3,150,3,2.60171e+06,148,2547,150,149
344,1,500,0,0,150,3,150,3,2.38071e+06,148,2326,150,149
345,1,500,0,0,150,3,150,3,2.58071e+06,148,2526,150,149
346,1,500,0,0,150,3,150,3,2.36004e+06,148,2305.33,150,149
347,1,500,0,0,150,3,150,3,2.59271e+06,148,2538,150,149
348,1,500,0,0,150,3,150,3,2.28538e+06,148,2230.67,150,149
349,1,500,0,0,150,3,150,3,2.39371e+06,148,2339,150,149
350,1,500,0,0,150,3,150,3,2.62504e+06,148,2570.33,150,149
351,1,500,0,0,150,3,150,3,2.45204e+06,148,2397.33,150,149
352,1,500,0,0,150,3,150,3,2.51404e+06,148,2459.33,150,149
353,1,500,0,0,150,3,150,3,2.38471e+06,148,2330,150,149
354,1,500,0,0,150,3,150,3,2.50071e+06,148,2446,150,149
355,1,500,0,0,150,3,150,3,2.58304e+06,148,2528.33,150,149
356,1,500,0,0,150,3,150,3,2.64804e+06,148,2593.33,150,149
357,1,500,0,0,150,3,150,3,2.59738e+06,148,2542.67,150,149
358,1,500,0,0,150,3,150,3,2.45138e+06,148,2396.67,150,149
359,1,500,0,0,150,3,150,3,2.62171e+06,148,2567,150,149
360,1,500,0,0,150,3,150,3,2.18804e+06,148,2133.33,150,149
361,1,500,0,0,150,3,150,3,2.40838e+06,148,2353.67,150,149
362,1,500,0,0,150,3,150,3,2.53938e+06,148,2484.67,150,149
363,1,500,0,0,150,3,150,3,2.39604e+06,148,2341.33,150,149
364,1,500,0,0,150,3,150,3,2.49638e+06,148,2441.67,150,149
365,1,500,0,0,150,3,150,3,2.64671e+06,148,2592,150,149
366,1,500,0,0,150,3,150,3,2.56404e+06,148,2509.33,150,149
367,1,500,0,0,150,3,150,3,2.26838e+06,148,2213.67,150,149
368,1,500,0,0,150,3,150,3,2.49038e+06,148,2435.67,150,149
369,1,500,0,0,150,3,150,3,2.43171e+06,148,2377,150,149
370,1,500,0,0,150,3,150,3,2.36938e+06,148,2314.67,150,149
371,1,500,0,0,150,3,150,3,2.58038e+06,148,2525.67,150,149
372,1,500,0,0,150,3,150,3,2.55538e+06,148,2500.67,150,149
373,1,500,0,0,150,3,150,3,2.39738e+06,148,2342.67,150,149
374,1,500,0,0,150,3,150,3,2.59404e+06,148,2539.33,150,149
375,1,500,0,0,150,3,150,3,2.40771e+06,148,2353,150,149
376,1,500,0,0,150,3,150,3,2.35638e+06,148,2301.67,150,149
377,1,500,0,0,150,3,150,3,2.48371e+06,148,2429,150,149
378,1,500,0,0,150,3,150,3,2.71338e+06,148,2658.67,150,149
379,1,500,0,0,150,3,150,3,2.43338e+06,148,2378.67,150,149
380,1,500,0,0,150,3,150,3,2.18871e+06,148,2134,150,149
381,1,500,0,0,150,3,150,3,2.62771e+06,148,2573,150,149
382,1,500,0,0,150,3,150,3,2.39371e+06,148,2339,150,149
383,1,500,0,0,150,3,150,3,2.43904e+06,148,2384.33,150,149
384,1,500,0,0,150,3,150,3,2.36704e+06,148,2312.33,150,149
385,1,500,0,0,150,3,150,3,2.53271e+06,148,2478,150,149
386,1,500,0,0,150,3,150,3,2.53104e+06,148,2476.33,150,149
387,1,500,0,0,150,3,150,3,2.31004e+06,148,2255.33,150,149
388,1,500,0,0,150,3,150,3,2.57038e+06,148,2515.67,150,149
389,1,500,0,0,150,3,150,3,2.45871e+06,148,2404,150,149
390,1,500,0,0,150,3,150,3,2.46004e+06,148,2405.33,150,149
391,1,500,0,0,150,3,150,3,2.37704e+06,148,2322.33,150,149
392,1,500,0,0,150,3,150,3,2.36238e+06,148,2307.67,150,149
393,1,500,0,0,150,3,150,3,2.41038e+06,148,2355.67,150,149
394,1,500,0,0,150,3,150,3,2.40938e+06,148,2354.67,150,149
395,1,500,0,0,150,3,150,3,2.30304e+06,148,2248.33,150,149
396,1,500,0,0,150,3,150,3,2.46538e+06,148,2410.67,150,149
397,1,500,0,0,150,3,150,3,2.36471e+06,148,2310,150,149
398,1,500,0,0,150,3,150,3,2.51471e+06,148,2460,150,149
399,1,500,0,0,150,3,150,3,2.42738e+06,148,2372.67,150,149
400,1,500,0,0,150,3,150,3,2.46338e+06,148,2408.67,150,149
401,1,500,0,0,150,3,150,3,2.38604e+06,148,2331.33,150,149
402,1,500,0,0,150,3,150,3,2.63971e+06,148,2585,150,149
403,1,500,0,0,150,3,150,3,2.23638e+06,148,2181.67,150,149
404,1,500,0,0,150,3,150,3,2.59471e+06,148,2540,150,149
405,1,500,0,0,150,3,150,3,2.55571e+06,148,2501,150,149
406,1,500,0,0,150,3,150,3,2.42738e+06,148,2372.67,150,149
407,1,500,0,0,150,3,150,3,2.41438e+06,148,2359.67,150,149
408,1,500,0,0,150,3,150,3,2.75471e+06,148,2700,150,149
409,1,500,0,0,150,3,150,3,2.33238e+06,148,2277.67,150,149
410,1,500,0,0,150,3,150,3,2.44938e+06,148,2394.67,150,149
411,1,500,0,0,150,3,150,3,2.19538e+06,148,2140.67,150,149
412,1,500,0,0,150,3,150,3,2.55104e+06,148,2496.33,150,149
413,1,500,0,0,150,3,150,3,2.49071e+06,148,2436,150,149
414,1,500,0,0,150,3,150,3,2.59304e+06,148,2538.33,150,149
415,1,500,0,0,150,3,150,3,2.38938e+06,148,2334.67,150,149
416,1,500,0,0,150,3,150,3,2.40104e+06,148,2346.33,150,149
417,1,500,0,0,150,3,150,3,2.45871e+06,148,2404,150,149
418,1,500,0,0,150,3,150,3,2.38971e+06,148,2335,150,149
419,1,500,0,0,150,3,150,3,2.51138e+06,148,2456.67,150,149
420,1,500,0,0,150,3,150,3,2.57738e+06,148,2522.67,150,149
421,1,500,0,0,150,3,150,3,2.41771e+06,148,2363,150,149
422,1,500,0,0,150,3,150,3,2.53871e+06,148,2484,150,149
423,1,500,0,0,150,3,150,3,2.37004e+06,148,2315.33,150,149
424,1,500,0,0,150,3,150,3,2.64604e+06,148,2591.33,150,149
425,1,500,0,0,150,3,150,3,2.32038e+06,148,2265.67,150,149
426,1,500,0,0,150,3,150,3,2.54771e+06,148,2493,150,149
427,1,500,0,0,150,3,150,3,2.40238e+06,148,2347.67,150,149
428,1,500,0,0,150,3,150,3,2.54438e+06,148,2489.67,150,149
429,1,500,0,0,150,3,150,3,2.39771e+06,148,2343,150,149
430,1,500,0,0,150,3,150,3,2.43404e+06,148,2379.33,150,149
431,1,500,0,0,150,3,150,3,2.54371e+06,148,2489,150,149
432,1,500,0,0,150,3,150,3,2.43271e+06,148,2378,150,149
433,1,500,0,0,150,3,150,3,2.61938e+06,148,2564.67,150,149
434,1,500,0,0,150,3,150,3,2.61904e+06,148,2564.33,150,149
435,1,500,0,0,150,3,150,3,2.42771e+06,148,2373,150,149
436,1,500,0,0,150,3,150,3,2.35538e+06,148,2300.67,150,149
437,1,500,0,0,150,3,150,3,2.46471e+06,148,2410,150,149
438,1,500,0,0,150,3,150,3,2.35104e+06,148,2296.33,150,149
439,1,500,0,0,150,3,150,3,2.35404e+06,148,2299.33,150,149
440,1,500,0,0,150,3,150,3,2.51804e+06,148,2463.33,150,149
441,1,500,0,0,150,3,150,3,2.69338e+06,148,2638.67,150,149
442,1,500,0,0,150,3,150,3,2.52871e+06,148,2474,150,149
443,1,500,0,0,150,3,150,3,2.31471e+06,148,2260,150,149
444,1,500,0,0,150,3,150,3,2.56338e+06,148,2508.67,150,149
445,1,500,0,0,150,3,150,3,2.56071e+06,148,2506,150,149
446,1,500,0,0,150,3,150,3,2.46471e+06,148,2410,150,149
447,1,500,0,0,150,3,150,3,2.35904e+06,148,2304.33,150,149
448,1,500,0,0,150,3,150,3,2.46504e+06,148,2410.33,150,149
449,1,500,0,0,150,3,150,3,2.33171e+06,148,2277,150,149
450,1,500,0,0,150,3,150,3,2.51304e+06,148,2458.33,150,149
451,1,500,0,0,150,3,150,3,2.63304e+06,148,2578.33,150,149
452,1,500,0,0,150,3,150,3,2.24238e+06,148,2187.67,150,149
453,1,500,0,0,150,3,150,3,2.65304e+06,148,2598.33,150,149
454,1,500,0,0,150,3,150,3,2.49738e+06,148,2442.67,150,149
455,1,500,0,0,150,3,150,3,2.45038e+06,148,2395.67,150,149
456,1,500,0,0,150,3,150,3,2.84971e+06,148,2795,150,149
457,1,500,0,0,150,3,150,3,2.54238e+06,148,2487.67,150,149
458,1,500,0,0,150,3,150,3,2.44738e+06,148,2392.67,150,149
459,1,500,0,0,150,3,150,3,2.53438e+06,148,2479.67,150,149
460,1,500,0,0,150,3,150,3,2.48971e+06,148,2435,150,149
461,1,500,0,0,150,3,150,3,2.22904e+06,148,2174.33,150,149
462,1,500,0,0,150,3,150,3,2.49838e+06,148,2443.67,150,149
463,1,500,0,0,150,3,150,3,2.43238e+06,148,2377.67,150,149
464,1,500,0,0,150,3,150,3,2.55171e+06,148,2497,150,149
465,1,500,0,0,150,3,150,3,2.42338e+06,148,2368.67,150,149
466,1,500,0,0,150,3,150,3,2.38338e+06,148,2328.67,150,149
467,1,500,0,0,150,3,150,3,2.44938e+06,148,2394.67,150,149
468,1,500,0,0,150,3,150,3,2.61904e+06,148,2564.33,150,149
469,1,500,0,0,150,3,150,3,2.44171e+06,148,2387,150,149
470,1,500,0,0,150,3,150,3,2.26438e+06,148,2209.67,150,149
471,1,500,0,0,150,3,150,3,2.46404e+06,148,2409.33,150,149
472,1,500,0,0,150,3,150,3,2.59338e+06,148,2538.67,150,149
473,1,500,0,0,150,3,150,3,2.63404e+06,148,2579.33,150,149
474,1,500,0,0,150,3,150,3,2.54004e+06,148,2485.33,150,149
475,1,500,0,0,150,3,150,3,2.30104e+06,148,2246.33,150,149
476,1,500,0,0,150,3,150,3,2.42871e+06,148,2374,150,149
477,1,500,0,0,150,3,150,3,2.49238e+06,148,2437.67,150,149
478,1,500,0,0,150,3,150,3,2.54704e+06,148,2492.33,150,149
479,1,500,0,0,150,3,150,3,2.65171e+06,148,2597,150,149
480,1,500,0,0,150,3,150,3,2.23571e+06,148,2181,150,149
481,1,500,0,0,150,3,150,3,2.57504e+06,148,2520.33,150,149
482,1,500,0,0,150,3,150,3,2.30838e+06,148,2253.67,150,149
483,1,500,0,0,150,3,150,3,2.66738e+06,148,2612.67,150,149
484,1,500,0,0,150,3,150,3,2.46871e+06,148,2414,150,149
485,1,500,0,0,150,3,150,3,2.40871e+06,148,2354,150,149
486,1,500,0,0,150,3,150,3,2.43438e+06,148,2379.67,150,149
487,1,500,0,0,150,3,150,3,2.57838e+06,148,2523.67,150,149
488,1,500,0,0,150,3,150,3,2.36938e+06,148,2314.67,150,149
489,1,500,0,0,150,3,150,3,2.30604e+06,148,2251.33,150,149
490,1,500,0,0,150,3,150,3,2.56971e+06,148,2515,150,149
491,1,500,0,0,150,3,150,3,2.47071e+06,148,2416,150,149
492,1,500,0,0,150,3,150,3,2.44704e+06,148,2392.33,150,149
493,1,500,0,0,150,3,150,3,2.57604e+06,148,2521.33,150,149
494,1,500,0,0,150,3,150,3,2.50904e+06,148,2454.33,150,149
495,1,500,0,0,150,3,150,3,2.43604e+06,148,2381.33,150,149
496,1,500,0,0,150,3,150,3,2.62371e+06,148,2569,150,149
497,1,500,0,0,150,3,150,3,2.45471e+06,148,2400,150,149
498,1,500,0,0,150,3,150,3,2.46871e+06,148,2414,150,149
499,1,500,0,0,150,3,150,3,2.36838e+06,148,2313.67,150,149
500,1,500,0,0,150,3,150,3,2.37504e+06,148,2320.33,150,149
501,1,500,0,0,150,3,150,3,2.58571e+06,148,2531,150,149
502,1,500,0,0,150,3,150,3,2.52371e+06,148,2469,150,149
503,1,500,0,0,150,3,150,3,2.52071e+06,148,2466,150,149
504,1,500,0,0,150,3,150,3,2.53571e+06,148,2481,150,149
505,1,500,0,0,150,3,150,3,2.38338e+06,148,2328.67,150,149
506,1,500,0,0,150,3,150,3,2.46271e+06,148,2408,150,149
507,1,500,0,0,150,3,150,3,2.39704e+06,148,2342.33,150,149
508,1,500,0,0,150,3,150,3,2.67504e+06,148,2620.33,150,149
509,1,500,0,0,150,3,150,3,2.47304e+06,148,2418.33,150,149
510,1,500,0,0,150,3,150,3,2.60604e+06,148,2551.33,150,149
511,1,500,0,0,150,3,150,3,2.63038e+06,148,2575.67,150,149
512,1,500,0,0,150,3,150,3,2.51904e+06,148,2464.33,150,149
513,1,500,0,0,150,3,150,3,2.48171e+06,148,2427,150,149
514,1,500,0,0,150,3,150,3,2.53738e+06,148,2482.67,150,149
515,1,500,0,0,150,3,150,3,2.44538e+06,148,2390.67,150,149
516,1,500,0,0,150,3,150,3,2.60271e+06,148,2548,150,149
517,1,500,0,0,150,3,150,3,2.45438e+06,148,2399.67,150,149
518,1,500,0,0,150,3,150,3,2.57038e+06,148,2515.67,150,149
519,1,500,0,0,150,3,150,3,2.80071e+06,148,2746,150,149
520,1,500,0,0,150,3,150,3,2.49504e+06,148,2440.33,150,149
521,1,500,0,0,150,3,150,3,2.41871e+06,148,2364,150,149
522,1,500,0,0,150,3,150,3,2.41504e+06,148,2360.33,150,149
523,1,500,0,0,150,3,150,3,2.53638e+06,148,2481.67,150,149
524,1,500,0,0,150,3,150,3,2.43738e+06,148,2382.67,150,149
525,1,500,0,0,150,3,150,3,2.46804e+06,148,2413.33,150,149
526,1,500,0,0,150,3,150,3,2.42171e+06,148,2367,150,149
527,1,500,0,0,150,3,150,3,2.52638e+06,148,2471.67,150,149
528,1,500,0,0,150,3,150,3,2.61971e+06,148,2565,150,149
529,1,500,0,0,150,3,150,3,2.49938e+06,148,2444.67,150,149
530,1,500,0,0,150,3,150,3,2.49038e+06,148,2435.67,150,149
531,1,500,0,0,150,3,150,3,2.38004e+06,148,2325.33,150,149
532,1,500,0,0,150,3,150,3,2.40304e+06,148,2348.33,150,149
533,1,500,0,0,150,3,150,3,2.44738e+06,148,2392.67,150,149
534,1,500,0,0,150,3,150,3,2.35371e+06,148,2299,150,149
535,1,500,0,0,150,3,150,3,2.35638e+06,148,2301.67,150,149
536,1,500,0,0,150,3,150,3,2.50671e+06,148,2452,150,149
537,1,500,0,0,150,3,150,3,2.48771e+06,148,2433,150,149
538,1,500,0,0,150,3,150,3,2.68938e+06,148,2634.67,150,149
539,1,500,0,0,150,3,150,3,2.31204e+06,148,2257.33,150,149
540,1,500,0,0,150,3,150,3,2.31038e+06,148,2255.67,150,149
541,1,500,0,0,150,3,150,3,2.53938e+06,148,2484.67,150,149
542,1,500,0,0,150,3,150,3,2.34204e+06,148,2287.33,150,149
543,1,500,0,0,150,3,150,3,2.59904e+06,148,2544.33,150,149
544,1,500,0,0,150,3,150,3,2.52004e+06,148,2465.33,150,149
545,1,500,0,0,150,3,150,3,2.46838e+06,148,2413.67,150,149
546,1,500,0,0,150,3,150,3,2.43638e+06,148,2381.67,150,149
547,1,500,0,0,150,3,150,3,2.29571e+06,148,2241,150,149
548,1,500,0,0,150,3,150,3,2.41638e+06,148,2361.67,150,149
549,1,500,0,0,150,3,150,3,2.39604e+06,148,2341.33,150,149
550,1,500,0,0,150,3,150,3,2.45671e+06,148,2402,150,149
551,1,500,0,0,150,3,150,3,2.56338e+06,148,2508.67,150,149
552,1,500,0,0,150,3,150,3,2.30538e+06,148,2250.67,150,149
553,1,500,0,0,150,3,150,3,2.48938e+06,148,2434.67,150,149
554,1,500,0,0,150,3,150,3,2.53571e+06,148,2481,150,149
555,1,500,0,0,150,3,150,3,2.51771e+06,148,2463,150,149
556,1,500,0,0,150,3,150,3,2.48704e+06,148,2432.33,150,149
557,1,500,0,0,150,3,150,3,2.56371e+06,148,2509,150,149
558,1,500,0,0,150,3,150,3,2.45638e+06,148,2401.67,150,149
559,1,500,0,0,150,3,150,3,2.41138e+06,148,2356.67,150,149
560,1,500,0,0,150,3,150,3,2.57504e+06,148,2520.33,150,149
561,1,500,0,0,150,3,150,3,2.48771e+06,148,2433,150,149
562,1,500,0,0,150,3,150,3,2.44238e+06,148,2387.67,150,149
563,1,500,0,0,150,3,150,3,2.61571e+06,148,2561,150,149
564,1,500,0,0,150,3,150,3,2.52238e+06,148,2467.67,150,149
565,1,500,0,0,150,3,150,3,2.46871e+06,148,2414,150,149
566,1,500,0,0,150,3,150,3,2.68604e+06,148,2631.33,150,149
567,1,500,0,0,150,3,150,3,2.33638e+06,148,2281.67,150,149
568,1,500,0,0,150,3,150,3,2.49938e+06,148,2444.67,150,149
569,1,500,0,0,150,3,150,3,2.59571e+06,148,2541,150,149
570,1,500,0,0,150,3,150,3,2.49238e+06,148,2437.67,150,149
571,1,500,0,0,150,3,150,3,2.41271e+06,148,2358,150,149
572,1,500,0,0,150,3,150,3,2.43038e+06,148,2375.67,150,149
573,1,500,0,0,150,3,150,3,2.58071e+06,148,2526,150,149
574,1,500,0,0,150,3,150,3,2.42671e+06,148,2372,150,149
575,1,500,0,0,150,3,150,3,2.36804e+06,148,2313.33,150,149
576,1,500,0,0,150,3,150,3,2.72838e+06,148,2673.67,150,149
577,1,500,0,0,150,3,150,3,2.64371e+06,148,2589,150,149
578,1,500,0,0,150,3,150,3,2.40338e+06,148,2348.67,150,149
579,1,500,0,0,150,3,150,3,2.49071e+06,148,2436,150,149
580,1,500,0,0,150,3,150,3,2.61204e+06,148,2557.33,150,149
581,1,500,0,0,150,3,150,3,2.49404e+06,148,2439.33,150,149
582,1,500,0,0,150,3,150,3,2.39238e+06,148,2337.67,150,149
583,1,500,0,0,150,3,150,3,2.54271e+06,148,2488,150,149
584,1,500,0,0,150,3,150,3,2.35804e+06,148,2303.33,150,149
585,1,500,0,0,150,3,150,3,2.46438e+06,148,2409.67,150,149
586,1,500,0,0,150,3,150,3,2.50204e+06,148,2447.33,150,149
587,1,500,0,0,150,3,150,3,2.22004e+06,148,2165.33,150,149
588,1,500,0,0,150,3,150,3,2.40404e+06,148,2349.33,150,149
589,1,500,0,0,150,3,150,3,2.55738e+06,148,2502.67,150,149
590,1,500,0,0,150,3,150,3,2.29838e+06,148,2243.67,150,149
591,1,500,0,0,150,3,150,3,2.51738e+06,148,2462.67,150,149
592,1,500,0,0,150,3,150,3,2.60704e+06,148,2552.33,150,149
593,1,500,0,0,150,3,150,3,2.49671e+06,148,2442,150,149
594,1,500,0,0,150,3,150,3,2.36438e+06,148,2309.67,150,149
595,1,500,0,0,150,3,150,3,2.40971e+06,148,2355,150,149
596,1,500,0,0,150,3,150,3,2.65904e+06,148,2604.33,150,149
597,1,500,0,0,150,3,150,3,2.57604e+06,148,2521.33,150,149
598,1,500,0,0,150,3,150,3,2.71871e+06,148,2664,150,149
599,1,500,0,0,150,3,150,3,2.40738e+06,148,2352.67,150,149
600,1,500,0,0,150,3,150,3,2.37071e+06,148,2316,150,149
601,1,500,0,0,150,3,150,3,2.47204e+06,148,2417.33,150,149
602,1,500,0,0,150,3,150,3,2.36838e+06,148,2313.67,150,149
603,1,500,0,0,150,3,150,3,2.38871e+06,148,2334,150,149
604,1,500,0,0,150,3,150,3,2.39238e+06,148,2337.67,150,149
605,1,500,0,0,150,3,150,3,2.46604e+06,148,2411.33,150,149
606,1,500,0,0,150,3,150,3,2.40171e+06,148,2347,150,149
607,1,500,0,0,150,3,150,3,2.49271e+06,148,2438,150,149
608,1,500,0,0,150,3,150,3,2.67871e+06,148,2624,150,149
609,1,500,0,0,150,3,150,3,2.39671e+06,148,2342,150,149
610,1,500,0,0,150,3,150,3,2.44871e+06,148,2394,150,149
611,1,500,0,0,150,3,150,3,2.48304e+06,148,2428.33,150,149
612,1,500,0,0,150,3,150,3,2.54271e+06,148,2488,150,149
613,1,500,0,0,150,3,150,3,2.49404e+06,148,2439.33,150,149
614,1,500,0,0,150,3,150,3,2.50004e+06,148,2445.33,150,149
615,1,500,0,0,150,3,150,3,2.46304e+06,148,2408.33,150,149
616,1,500,0,0,150,3,150,3,2.53238e+06,148,2477.67,150,149
617,1,500,0,0,150,3,150,3,2.40804e+06,148,2353.33,150,149
618,1,500,0,0,150,3,150,3,2.51538e+06,148,2460.67,150,149
619,1,500,0,0,150,3,150,3,2.41471e+06,148,2360,150,149
620,1,500,0,0,150,3,150,3,2.37671e+06,148,2322,150,149
621,1,500,0,0,150,3,150,3,2.40471e+06,148,2350,150,149
622,1,500,0,0,150,3,150,3,2.27938e+06,148,2224.67,150,149
623,1,500,0,0,150,3,150,3,2.63604e+06,148,2581.33,150,149
624,1,500,0,0,150,3,150,3,2.35138e+06,148,2296.67,150,149
625,1,500,0,0,150,3,150,3,2.64971e+06,148,2595,150,149
626,1,500,0,0,150,3,150,3,2.38004e+06,148,2325.33,150,149
627,1,500,0,0,150,3,150,3,2.63838e+06,148,2583.67,150,149
628,1,500,0,0,150,3,150,3,2.44871e+06,148,2394,150,149
629,1,500,0,0,150,3,150,3,2.43304e+06,148,2378.33,150,149
630,1,500,0,0,150,3,150,3,2.54804e+06,148,2493.33,150,149
631,1,500,0,0,150,3,150,3,2.62271e+06,148,2568,150,149
632,1,500,0,0,150,3,150,3,2.44304e+06,148,2388.33,150,149
633,1,500,0,0,150,3,150,3,2.55504e+06,148,2500.33,150,149
634,1,500,0,0,150,3,150,3,2.45204e+06,148,2397.33,150,149
635,1,500,0,0,150,3,150,3,2.70771e+06,148,2653,150,149
636,1,500,0,0,150,3,150,3,2.50104e+06,148,2446.33,150,149
637,1,500,0,0,150,3,150,3,2.54638e+06,148,2491.67,150,149
638,1,500,0,0,150,3,150,3,2.55171e+06,148,2497,150,149
639,1,500,0,0,150,3,150,3,2.42304e+06,148,2368.33,150,149
640,1,500,0,0,150,3,150,3,2.58871e+06,148,2534,150,149
641,1,500,0,0,150,3,150,3,2.67704e+06,148,2622.33,150,149
642,1,500,0,0,150,3,150,3,2.43271e+06,148,2378,150,149
643,1,500,0,0,150,3,150,3,2.42038e+06,148,2365.67,150,149
644,1,500,0,0,150,3,150,3,2.25338e+06,148,2198.67,150,149
645,1,500,0,0,150,3,150,3,2.41038e+06,148,2355.67,150,149
646,1,500,0,0,150,3,150,3,2.38238e+06,148,2327.67,150,149
647,1,500,0,0,150,3,150,3,2.59638e+06,148,2541.67,150,149
648,1,500,0,0,150,3,150,3,2.39004e+06,148,2335.33,150,149
649,1,500,0,0,150,3,150,3,2.35671e+06,148,2302,150,149
650,1,500,0,0,150,3,150,3,2.44704e+06,148,2392.33,150,149
651,1,500,0,0,150,3,150,3,2.68471e+06,148,2630,150,149
652,1,500,0,0,150,3,150,3,2.45104e+06,148,2396.33,150,149
653,1,500,0,0,150,3,150,3,2.38171e+06,148,2327,150,149
654,1,500,0,0,150,3,150,3,2.44504e+06,148,2390.33,150,149
655,1,500,0,0,150,3,150,3,2.53938e+06,148,2484.67,150,149
656,1,500,0,0,150,3,150,3,2.34504e+06,148,2290.33,150,149
657,1,500,0,0,150,3,150,3,2.32771e+06,148,2273,150,149
658,1,500,0,0,150,3,150,3,2.61471e+06,148,2560,150,149
659,1,500,0,0,150,3,150,3,2.24971e+06,148,2195,150,149
660,1,500,0,0,150,3,150,3,2.33104e+06,148,2276.33,150,149
661,1,500,0,0,150,3,150,3,2.44271e+06,148,2388,150,149
662,1,500,0,0,150,3,150,3,2.32804e+06,148,2273.33,150,149
663,1,500,0,0,150,3,150,3,2.54871e+06,148,2494,150,149
664,1,500,0,0,150,3,150,3,2.64471e+06,148,2590,150,149
665,1,500,0,0,150,3,150,3,2.47638e+06,148,2421.67,150,149
666,1,500,0,0,150,3,150,3,2.66138e+06,148,2606.67,150,149
667,1,500,0,0,150,3,150,3,2.48204e+06,148,2427.33,150,149
668,1,500,0,0,150,3,150,3,2.46738e+06,148,2412.67,150,149
669,1,500,0,0,150,3,150,3,2.36638e+06,148,2311.67,150,149
670,1,500,0,0,150,3,150,3,2.50804e+06,148,2453.33,150,149
671,1,500,0,0,150,3,150,3,2.40371e+06,148,2349,150,149
672,1,500,0,0,150,3,150,3,2.51738e+06,148,2462.67,150,149
673,1,500,0,0,150,3,150,3,2.55738e+06,148,2502.67,150,149
674,1,500,0,0,150,3,150,3,2.53438e+06,148,2479.67,150,149
675,1,500,0,0,150,3,150,3,2.68504e+06,148,2630.33,150,149
676,1,500,0,0,150,3,150,3,2.48504e+06,148,2430.33,150,149
677,1,500,0,0,150,3,150,3,2.41738e+06,148,2362.67,150,149
678,1,500,0,0,150,3,150,3,2.58204e+06,148,2527.33,150,149
679,1,500,0,0,150,3,150,3,2.58038e+06,148,2525.67,150,149
680,1,500,0,0,150,3,150,3,2.50538e+06,148,2450.67,150,149
681,1,500,0,0,150,3,150,3,2.33171e+06,148,2277,150,149
682,1,500,0,0,150,3,150,3,2.44571e+06,148,2391,150,149
683,1,500,0,0,150,3,150,3,2.63104e+06,148,2576.33,150,149
684,1,500,0,0,150,3,150,3,2.55638e+06,148,2501.67,150,149
685,1,500,0,0,150,3,150,3,2.40371e+06,148,2349,150,149
686,1,500,0,0,150,3,150,3,2.41938e+06,148,2364.67,150,149
687,1,500,0,0,150,3,150,3,2.24604e+06,148,2191.33,150,149
688,1,500,0,0,150,3,150,3,2.45138e+06,148,2396.67,150,149
689,1,500,0,0,150,3,150,3,2.43804e+06,148,2383.33,150,149
690,1,500,0,0,150,3,150,3,2.58404e+06,148,2529.33,150,149
691,1,500,0,0,150,3,150,3,2.56171e+06,148,2507,150,149
692,1,500,0,0,150,3,150,3,2.44571e+06,148,2391,150,149
693,1,500,0,0,150,3,150,3,2.65904e+06,148,2604.33,150,149
694,1,500,0,0,150,3,150,3,2.66738e+06,148,2612.67,150,149
695,1,500,0,0,150,3,150,3,2.50604e+06,148,2451.33,150,149
696,1,500,0,0,150,3,150,3,2.66438e+06,148,2609.67,150,149
697,1,500,0,0,150,3,150,3,2.36871e+06,148,2314,150,149
698,1,500,0,0,150,3,150,3,2.48704e+06,148,2432.33,150,149
699,1,500,0,0,150,3,150,3,2.51471e+06,148,2460,150,149
700,1,500,0,0,150,3,150,3,2.54438e+06,148,2489.67,150,149
701,1,500,0,0,150,3,150,3,2.52538e+06,148,2470.67,150,149
702,1,500,0,0,150,3,150,3,2.46704e+06,148,2412.33,150,149
703,1,500,0,0,150,3,150,3,2.47971e+06,148,2425,150,149
704,1,500,0,0,150,3,150,3,2.34504e+06,148,2290.33,150,149
705,1,500,0,0,150,3,150,3,2.40504e+06,148,2350.33,150,149
706,1,500,0,0,150,3,150,3,2.60304e+06,148,2548.33,150,149
707,1,500,0,0,150,3,150,3,2.37271e+06,148,2318,150,149
708,1,500,0,0,150,3,150,3,2.61404e+06,148,2559.33,150,149
709,1,500,0,0,150,3,150,3,2.55704e+06,148,2502.33,150,149
710,1,500,0,0,150,3,150,3,2.49571e+06,148,2441,150,149
711,1,500,0,0,150,3,150,3,2.44938e+06,148,2394.67,150,149
712,1,500,0,0,150,3,150,3,2.39204e+06,148,2337.33,150,149
713,1,500,0,0,150,3,150,3,2.38571e+06,148,2331,150,149
714,1,500,0,0,150,3,150,3,2.41204e+06,148,2357.33,150,149
715,1,500,0,0,150,3,150,3,2.44804e+06,148,2393.33,150,149
716,1,500,0,0,150,3,150,3,2.61438e+06,148,2559.67,150,149
717,1,500,0,0,150,3,150,3,2.46371e+06,148,2409,150,149
718,1,500,0,0,150,3,150,3,2.46104e+06,148,2406.33,150,149
719,1,500,0,0,150,3,150,3,2.57804e+06,148,2523.33,150,149
720,1,500,0,0,150,3,150,3,2.39138e+06,148,2336.67,150,149
721,1,500,0,0,150,3,150,3,2.43271e+06,148,2378,150,149
722,1,500,0,0,150,3,150,3,2.42371e+06,148,2369,150,149
723,1,500,0,0,150,3,150,3,2.36338e+06,148,2308.67,150,149
724,1,500,0,0,150,3,150,3,2.44238e+06,148,2387.67,150,149
725,1,500,0,0,150,3,150,3,2.16771e+06,148,2113,150,149
726,1,500,0,0,150,3,150,3,2.57004e+06,148,2515.33,150,149
727,1,500,0,0,150,3,150,3,2.36371e+06,148,2309,150,149
728,1,500,0,0,150,3,150,3,2.57904e+06,148,2524.33,150,149
729,1,500,0,0,150,3,150,3,2.43071e+06,148,2376,150,149
730,1,500,0,0,150,3,150,3,2.42771e+06,148,2373,150,149
731,1,500,0,0,150,3,150,3,2.45171e+06,148,2397,150,149
732,1,500,0,0,150,3,150,3,2.53071e+06,148,2476,150,149
733,1,500,0,0,150,3,150,3,2.50738e+06,148,2452.67,150,149
734,1,500,0,0,150,3,150,3,2.37904e+06,148,2324.33,150,149
735,1,500,0,0,150,3,150,3,2.43771e+06,148,2383,150,149
736,1,500,0,0,150,3,150,3,2.44038e+06,148,2385.67,150,149
737,1,500,0,0,150,3,150,3,2.45638e+06,148,2401.67,150,149
738,1,500,0,0,150,3,150,3,2.43904e+06,148,2384.33,150,149
739,1,500,0,0,150,3,150,3,2.36438e+06,148,2309.67,150,149
740,1,500,0,0,150,3,150,3,2.38171e+06,148,2327,150,149
741,1,500,0,0,150,3,150,3,2.56104e+06,148,2506.33,150,149
742,1,500,0,0,150,3,150,3,2.41371e+06,148,2359,150,149
743,1,500,0,0,150,3,150,3,2.57104e+06,148,2516.33,150,149
744,1,500,0,0,150,3,150,3,2.73104e+06,148,2676.33,150,149
745,1,500,0,0,150,3,150,3,2.69438e+06,148,2639.67,150,149
746,1,500,0,0,150,3,150,3,2.35138e+06,148,2296.67,150,149
747,1,500,0,0,150,3,150,3,2.62238e+06,148,2567.67,150,149
748,1,500,0,0,150,3,150,3,2.39338e+06,148,2338.67,150,149
749,1,500,0,0,150,3,150,3,2.57738e+06,148,2522.67,150,149
750,1,500,0,0,150,3,150,3,2.40004e+06,148,2345.33,150,149
751,1,500,0,0,150,3,150,3,2.47938e+06,148,2424.67,150,149
752,1,500,0,0,150,3,150,3,2.45871e+06,148,2404,150,149
753,1,500,0,0,150,3,150,3,2.53104e+06,148,2476.33,150,149
754,1,500,0,0,150,3,150,3,2.61371e+06,148,2559,150,149
755,1,500,0,0,150,3,150,3,2.25804e+06,148,2203.33,150,149
756,1,500,0,0,150,3,150,3,2.68871e+06,148,2634,150,149
757,1,500,0,0,150,3,150,3,2.51104e+06,148,2456.33,150,149
758,1,500,0,0,150,3,150,3,2.43771e+06,148,2383,150,149
759,1,500,0,0,150,3,150,3,2.33538e+06,148,2280.67,150,149
760,1,500,0,0,150,3,150,3,2.46538e+06,148,2410.67,150,149
761,1,500,0,0,150,3,150,3,2.30038e+06,148,2245.67,150,149
762,1,500,0,0,150,3,150,3,2.38338e+06,148,2328.67,150,149
763,1,500,0,0,150,3,150,3,2.57138e+06,148,2516.67,150,149
764,1,500,0,0,150,3,150,3,2.60204e+06,148,2547.33,150,149
765,1,500,0,0,150,3,150,3,2.60071e+06,148,2546,150,149
766,1,500,0,0,150,3,150,3,2.60971e+06,148,2555,150,149
767,1,500,0,0,150,3,150,3,2.42838e+06,148,2373.67,150,149
768,1,500,0,0,150,3,150,3,2.46871e+06,148,2414,150,149
769,1,500,0,0,150,3,150,3,2.55671e+06,148,2502,150,149
770,1,500,0,0,150,3,150,3,2.45038e+06,148,2395.67,150,149
771,1,500,0,0,150,3,150,3,2.32304e+06,148,2268.33,150,149
772,1,500,0,0,150,3,150,3,2.44271e+06,148,2388,150,149
773,1,500,0,0,150,3,150,3,2.44571e+06,148,2391,150,149
774,1,500,0,0,150,3,150,3,2.34938e+06,148,2294.67,150,149
775,1,500,0,0,150,3,150,3,2.63004e+06,148,2575.33,150,149
776,1,500,0,0,150,3,150,3,2.59738e+06,148,2542.67,150,149
777,1,500,0,0,150,3,150,3,2.30771e+06,148,2253,150,149
778,1,500,0,0,150,3,150,3,2.40604e+06,148,2351.33,150,149
779,1,500,0,0,150,3,150,3,2.22238e+06,148,2167.67,150,149
780,1,500,0,0,150,3,150,3,2.52138e+06,148,2466.67,150,149
781,1,500,0,0,150,3,150,3,2.68604e+06,148,2631.33,150,149
782,1,500,0,0,150,3,150,3,2.47171e+06,148,2417,150,149
783,1,500,0,0,150,3,150,3,2.19604e+06,148,2141.33,150,149
784,1,500,0,0,150,3,150,3,2.53504e+06,148,2480.33,150,149
785,1,500,0,0,150,3,150,3,2.37471e+06,148,2320,150,149
786,1,500,0,0,150,3,150,3,2.36004e+06,148,2305.33,150,149
787,1,500,0,0,150,3,150,3,2.44938e+06,148,2394.67,150,149
788,1,500,0,0,150,3,150,3,2.49438e+06,148,2439.67,150,149
789,1,500,0,0,150,3,150,3,2.47038e+06,148,2415.67,150,149
790,1,500,0,0,150,3,150,3,2.34638e+06,148,2291.67,150,149
791,1,500,0,0,150,3,150,3,2.62404e+06,148,2569.33,150,149
792,1,500,0,0,150,3,150,3,2.36338e+06,148,2308.67,150,149
793,1,500,0,0,150,3,150,3,2.38204e+06,148,2327.33,150,149
794,1,500,0,0,150,3,150,3,2.37771e+06,148,2323,150,149
795,1,500,0,0,150,3,150,3,2.28204e+06,148,2227.33,150,149
796,1,500,0,0,150,3,150,3,2.37938e+06,148,2324.67,150,149
797,1,500,0,0,150,3,150,3,2.65471e+06,148,2600,150,149
798,1,500,0,0,150,3,150,3,2.63271e+06,148,2578,150,149
799,1,500,0,0,150,3,150,3,2.55504e+06,148,2500.33,150,149
800,1,500,0,0,150,3,150,3,2.28104e+06,148,2226.33,150,149
801,1,500,0,0,150,3,150,3,2.55471e+06,148,2500,150,149
802,1,500,0,0,150,3,150,3,2.52304e+06,148,2468.33,150,149
803,1,500,0,0,150,3,150,3,2.39238e+06,148,2337.67,150,149
804,1,500,0,0,150,3,150,3,2.42504e+06,148,2370.33,150,149
805,1,500,0,0,150,3,150,3,2.50304e+06,148,2448.33,150,149
806,1,500,0,0,150,3,150,3,2.62838e+06,148,2573.67,150,149
807,1,500,0,0,150,3,150,3,2.51004e+06,148,2455.33,150,149
808,1,500,0,0,150,3,150,3,2.51771e+06,148,2463,150,149
809,1,500,0,0,150,3,150,3,2.44971e+06,148,2395,150,149
810,1,500,0,0,150,3,150,3,2.38171e+06,148,2327,150,149
811,1,500,0,0,150,3,150,3,2.41704e+06,148,2362.33,150,149
812,1,500,0,0,150,3,150,3,2.66104e+06,148,2606.33,150,149
813,1,500,0,0,150,3,150,3,2.23204e+06,148,2177.33,150,149
814,1,500,0,0,150,3,150,3,2.57804e+06,148,2523.33,150,149
815,1,500,0,0,150,3,150,3,2.52904e+06,148,2474.33,150,149
816,1,500,0,0,150,3,150,3,2.58471e+06,148,2530,150,149
817,1,500,0,0,150,3,150,3,2.61771e+06,148,2563,150,149
818,1,500,0,0,150,3,150,3,2.42104e+06,148,2366.33,150,149
819,1,500,0,0,150,3,150,3,2.30871e+06,148,2254,150,149
820,1,500,0,0,150,3,150,3,2.63171e+06,148,2577,150,149
821,1,500,0,0,150,3,150,3,2.63238e+06,148,2577.67,150,149
822,1,500,0,0,150,3,150,3,2.49771e+06,148,2443,150,149
823,1,500,0,0,150,3,150,3,2.33138e+06,148,2276.67,150,149
824,1,500,0,0,150,3,150,3,2.37304e+06,148,2318.33,150,149
825,1,500,0,0,150,3,150,3,2.55571e+06,148,2501,150,149
826,1,500,0,0,150,3,150,3,2.69638e+06,148,2641.67,150,149
827,1,500,0,0,150,3,150,3,2.51171e+06,148,2457,150,149
828,1,500,0,0,150,3,150,3,2.41338e+06,148,2358.67,150,149
829,1,500,0,0,150,3,150,3,2.58171e+06,148,2527,150,149
830,1,500,0,0,150,3,150,3,2.40204e+06,148,2347.33,150,149
831,1,500,0,0,150,3,150,3,2.29838e+06,148,2243.67,150,149
832,1,500,0,0,150,3,150,3,2.46604e+06,148,2411.33,150,149
833,1,500,0,0,150,3,150,3,2.54271e+06,148,2488,150,149
834,1,500,0,0,150,3,150,3,2.36338e+06,148,2308.67,150,149
835,1,500,0,0,150,3,150,3,2.67104e+06,148,2616.33,150,149
836,1,500,0,0,150,3,150,3,2.38238e+06,148,2327.67,150,149
837,1,500,0,0,150,3,150,3,2.51838e+06,148,2463.67,150,149
838,1,500,0,0,150,3,150,3,2.48904e+06,148,2434.33,150,149
839,1,500,0,0,150,3,150,3,2.43238e+06,148,2377.67,150,149
840,1,500,0,0,150,3,150,3,2.68738e+06,148,2632.67,150,149
841,1,500,0,0,150,3,150,3,2.43471e+06,148,2380,150,149
842,1,500,0,0,150,3,150,3,2.53504e+06,148,2480.33,150,149
843,1,500,0,0,150,3,150,3,2.32338e+06,148,2268.67,150,149
844,1,500,0,0,150,3,150,3,2.49804e+06,148,2443.33,150,149
845,1,500,0,0,150,3,150,3,2.45071e+06,148,2396,150,149
846,1,500,0,0,150,3,150,3,2.51971e+06,148,2465,150,149
847,1,500,0,0,150,3,150,3,2.48671e+06,148,2432,150,149
848,1,500,0,0,150,3,150,3,2.37571e+06,148,2321,150,149
849,1,500,0,0,150,3,150,3,2.57804e+06,148,2523.33,150,149
850,1,500,0,0,150,3,150,3,2.50638e+06,148,2451.67,150,149
851,1,500,0,0,150,3,150,3,2.40071e+06,148,2346,150,149
852,1,500,0,0,150,3,150,3,2.37138e+06,148,2316.67,150,149
853,1,500,0,0,150,3,150,3,2.68504e+06,148,2630.33,150,149
854,1,500,0,0,150,3,150,3,2.36171e+06,148,2307,150,149
855,1,500,0,0,150,3,150,3,2.66804e+06,148,2613.33,150,149
856,1,500,0,0,150,3,150,3,2.24338e+06,148,2188.67,150,149
857,1,500,0,0,150,3,150,3,2.56204e+06,148,2507.33,150,149
858,1,500,0,0,150,3,150,3,2.34971e+06,148,2295,150,149
859,1,500,0,0,150,3,150,3,2.53838e+06,148,2483.67,150,149
860,1,500,0,0,150,3,150,3,2.47904e+06,148,2424.33,150,149
861,1,500,0,0,150,3,150,3,2.44604e+06,148,2391.33,150,149
862,1,500,0,0,150,3,150,3,2.50071e+06,148,2446,150,149
863,1,500,0,0,150,3,150,3,2.53238e+06,148,2477.67,150,149
864,1,500,0,0,150,3,150,3,2.45938e+06,148,2404.67,150,149
865,1,500,0,0,150,3,150,3,2.49904e+06,148,2444.33,150,149
866,1,500,0,0,150,3,150,3,2.69171e+06,148,2637,150,149
867,1,500,0,0,150,3,150,3,2.39871e+06,148,2344,150,149
868,1,500,0,0,150,3,150,3,2.45438e+06,148,2399.67,150,149
869,1,500,0,0,150,3,150,3,2.71438e+06,148,2659.67,150,149
870,1,500,0,0,150,3,150,3,2.34971e+06,148,2295,150,149
871,1,500,0,0,150,3,150,3,2.63904e+06,148,2584.33,150,149
872,1,500,0,0,150,3,150,3,2.34304e+06,148,2288.33,150,149
873,1,500,0,0,150,3,150,3,2.51771e+06,148,2463,150,149
874,1,500,0,0,150,3,150,3,2.58271e+06,148,2528,150,149
875,1,500,0,0,150,3,150,3,2.55571e+06,148,2501,150,149
876,1,500,0,0,150,3,150,3,2.61104e+06,148,2556.33,150,149
877,1,500,0,0,150,3,150,3,2.36971e+06,148,2315,150,149
878,1,500,0,0,150,3,150,3,2.75804e+06,148,2703.33,150,149
879,1,500,0,0,150,3,150,3,2.42071e+06,148,2366,150,149
880,1,500,0,0,150,3,150,3,2.54904e+06,148,2494.33,150,149
881,1,500,0,0,150,3,150,3,2.42738e+06,148,2372.67,150,149
882,1,500,0,0,150,3,150,3,2.53404e+06,148,2479.33,150,149
883,1,500,0,0,150,3,150,3,2.44371e+06,148,2389,150,149
884,1,500,0,0,150,3,150,3,2.50804e+06,148,2453.33,150,149
885,1,500,0,0,150,3,150,3,2.41304e+06,148,2358.33,150,149
886,1,500,0,0,150,3,150,3,2.52038e+06,148,2465.67,150,149
887,1,500,0,0,150,3,150,3,2.51304e+06,148,2458.33,150,149
888,1,500,0,0,150,3,150,3,2.36304e+06,148,2308.33,150,149
889,1,500,0,0,150,3,150,3,2.50671e+06,148,2452,150,149
890,1,500,0,0,150,3,150,3,2.53938e+06,148,2484.67,150,149
891,1,500,0,0,150,3,150,3,2.54704e+06,148,2492.33,150,149
892,1,500,0,0,150,3,150,3,2.60738e+06,148,2552.67,150,149
893,1,500,0,0,150,3,150,3,2.45071e+06,148,2396,150,149
894,1,500,0,0,150,3,150,3,2.63071e+06,148,2576,150,149
895,1,500,0,0,150,3,150,3,2.19904e+06,148,2144.33,150,149
896,1,500,0,0,150,3,150,3,2.55938e+06,148,2504.67,150,149
897,1,500,0,0,150,3,150,3,2.62104e+06,148,2566.33,150,149
898,1,500,0,0,150,3,150,3,2.55704e+06,148,2502.33,150,149
899,1,500,0,0,150,3,150,3,2.72338e+06,148,2668.67,150,149
900,1,500,0,0,150,3,150,3,2.54904e+06,148,2494.33,150,149
901,1,500,0,0,150,3,150,3,2.40104e+06,148,2346.33,150,149
902,1,500,0,0,150,3,150,3,2.46204e+06,148,2407.33,150,149
903,1,500,0,0,150,3,150,3,2.52338e+06,148,2468.67,150,149
904,1,500,0,0,150,3,150,3,2.33104e+06,148,2276.33,150,149
905,1,500,0,0,150,3,150,3,2.42771e+06,148,2373,150,149
906,1,500,0,0,150,3,150,3,2.45871e+06,148,2404,150,149
907,1,500,0,0,150,3,150,3,2.57138e+06,148,2516.67,150,149
908,1,500,0,0,150,3,150,3,2.70171e+06,148,2647,150,149
909,1,500,0,0,150,3,150,3,2.39138e+06,148,2336.67,150,149
910,1,500,0,0,150,3,150,3,2.42204e+06,148,2367.33,150,149
911,1,500,0,0,150,3,150,3,2.67704e+06,148,2622.33,150,149
912,1,500,0,0,150,3,150,3,2.65871e+06,148,2604,150,149
913,1,500,0,0,150,3,150,3,2.54438e+06,148,2489.67,150,149
914,1,500,0,0,150,3,150,3,2.46571e+06,148,2411,150,149
915,1,500,0,0,150,3,150,3,2.48471e+06,148,2430,150,149
916,1,500,0,0,150,3,150,3,2.63071e+06,148,2576,150,149
917,1,500,0,0,150,3,150,3,2.42738e+06,148,2372.67,150,149
918,1,500,0,0,150,3,150,3,2.46371e+06,148,2409,150,149
919,1,500,0,0,150,3,150,3,2.36804e+06,148,2313.33,150,149
920,1,500,0,0,150,3,150,3,2.46471e+06,148,2410,150,149
921,1,500,0,0,150,3,150,3,2.73471e+06,148,2680,150,149
922,1,500,0,0,150,3,150,3,2.57471e+06,148,2520,150,149
923,1,500,0,0,150,3,150,3,2.52004e+06,148,2465.33,150,149
924,1,500,0,0,150,3,150,3,2.42204e+06,148,2367.33,150,149
925,1,500,0,0,150,3,150,3,2.53971e+06,148,2485,150,149
926,1,500,0,0,150,3,150,3,2.57471e+06,148,2520,150,149
927,1,500,0,0,150,3,150,3,2.45104e+06,148,2396.33,150,149
928,1,500,0,0,150,3,150,3,2.56371e+06,148,2509,150,149
929,1,500,0,0,150,3,150,3,2.39304e+06,148,2338.33,150,149
930,1,500,0,0,150,3,150,3,2.60071e+06,148,2546,150,149
931,1,500,0,0,150,3,150,3,2.66404e+06,148,2609.33,150,149
932,1,500,0,0,150,3,150,3,2.30271e+06,148,2248,150,149
933,1,500,0,0,150,3,150,3,2.68304e+06,148,2628.33,150,149
934,1,500,0,0,150,3,150,3,2.42604e+06,148,2371.33,150,149
935,1,500,0,0,150,3,150,3,2.30538e+06,148,2250.67,150,149
936,1,500,0,0,150,3,150,3,2.44771e+06,148,2393,150,149
937,1,500,0,0,150,3,150,3,2.42604e+06,148,2371.33,150,149
938,1,500,0,0,150,3,150,3,2.41838e+06,148,2363.67,150,149
939,1,500,0,0,150,3,150,3,2.24738e+06,148,2192.67,150,149
940,1,500,0,0,150,3,150,3,2.33838e+06,148,2283.67,150,149
941,1,500,0,0,150,3,150,3,2.41604e+06,148,2361.33,150,149
942,1,500,0,0,150,3,150,3,2.49604e+06,148,2441.33,150,149
943,1,500,0,0,150,3,150,3,2.65638e+06,148,2601.67,150,149
944,1,500,0,0,150,3,150,3,2.41238e+06,148,2357.67,150,149
945,1,500,0,0,150,3,150,3,2.56871e+06,148,2514,150,149
946,1,500,0,0,150,3,150,3,2.41104e+06,148,2356.33,150,149
947,1,500,0,0,150,3,150,3,2.29504e+06,148,2240.33,150,149
948,1,500,0,0,150,3,150,3,2.50271e+06,148,2448,150,149
949,1,500,0,0,150,3,150,3,2.46571e+06,148,2411,150,149
950,1,500,0,0,150,3,150,3,2.55271e+06,148,2498,150,149
951,1,500,0,0,150,3,150,3,2.25904e+06,148,2204.33,150,149
952,1,500,0,0,150,3,150,3,2.51104e+06,148,2456.33,150,149
953,1,500,0,0,150,3,150,3,2.44004e+06,148,2385.33,150,149
954,1,500,0,0,150,3,150,3,2.45304e+06,148,2398.33,150,149
955,1,500,0,0,150,3,150,3,2.54471e+06,148,2490,150,149
956,1,500,0,0,150,3,150,3,2.33471e+06,148,2280,150,149
957,1,500,0,0,150,3,150,3,2.64804e+06,148,2593.33,150,149
958,1,500,0,0,150,3,150,3,2.35471e+06,148,2300,150,149
959,1,500,0,0,150,3,150,3,2.51938e+06,148,2464.67,150,149
960,1,500,0,0,150,3,150,3,2.41804e+06,148,2363.33,150,149
961,1,500,0,0,150,3,150,3,2.33638e+06,148,2281.67,150,149
962,1,500,0,0,150,3,150,3,2.44638e+06,148,2391.67,150,149
963,1,500,0,0,150,3,150,3,2.54438e+06,148,2489.67,150,149
964,1,500,0,0,150,3,150,3,2.43238e+06,148,2377.67,150,149
965,1,500,0,0,150,3,150,3,2.65671e+06,148,2602,150,149
966,1,500,0,0,150,3,150,3,2.49671e+06,148,2442,150,149
967,1,500,0,0,150,3,150,3,2.37004e+06,148,2315.33,150,149
968,1,500,0,0,150,3,150,3,2.48438e+06,148,2429.67,150,149
969,1,500,0,0,150,3,150,3,2.52071e+06,148,2466,150,149
970,1,500,0,0,150,3,150,3,2.39971e+06,148,2345,150,149
971,1,500,0,0,150,3,150,3,2.43504e+06,148,2380.33,150,149
972,1,500,0,0,150,3,150,3,2.23104e+06,148,2176.33,150,149
973,1,500,0,0,150,3,150,3,2.34671e+06,148,2292,150,149
974,1,500,0,0,150,3,150,3,2.53604e+06,148,2481.33,150,149
975,1,500,0,0,150,3,150,3,2.55038e+06,148,2495.67,150,149
976,1,500,0,0,150,3,150,3,2.57138e+06,148,2516.67,150,149
977,1,500,0,0,150,3,150,3,2.58404e+06,148,2529.33,150,149
978,1,500,0,0,150,3,150,3,2.33571e+06,148,2281,150,149
979,1,500,0,0,150,3,150,3,2.34904e+06,148,2294.33,150,149
980,1,500,0,0,150,3,150,3,2.51004e+06,148,2455.33,150,149
981,1,500,0,0,150,3,150,3,2.42704e+06,148,2372.33,150,149
982,1,500,0,0,150,3,150,3,2.54538e+06,148,2490.67,150,149
983,1,500,0,0,150,3,150,3,2.50871e+06,148,2454,150,149
984,1,500,0,0,150,3,150,3,2.36571e+06,148,2311,150,149
985,1,500,0,0,150,3,150,3,2.55871e+06,148,2504,150,149
986,1,500,0,0,150,3,150,3,2.26304e+06,148,2208.33,150,149
987,1,500,0,0,150,3,150,3,2.44004e+06,148,2385.33,150,149
988,1,500,0,0,150,3,150,3,2.42104e+06,148,2366.33,150,149
989,1,500,0,0,150,3,150,3,2.42404e+06,148,2369.33,150,149
990,1,500,0,0,150,3,150,3,2.39571e+06,148,2341,150,149
991,1,500,0,0,150,3,150,3,2.36671e+06,148,2312,150,149
992,1,500,0,0,150,3,150,3,2.65004e+06,148,2595.33,150,149
993,1,500,0,0,150,3,150,3,2.54671e+06,148,2492,150,149
994,1,500,0,0,150,3,150,3,2.40204e+06,148,2347.33,150,149
995,1,500,0,0,150,3,150,3,2.53704e+06,148,2482.33,150,149
996,1,500,0,0,150,3,150,3,2.36471e+06,148,2310,150,149
997,1,500,0,0,150,3,150,3,2.36538e+06,148,2310.67,150,149
998,1,500,0,0,150,3,150,3,2.39704e+06,148,2342.33,150,149
999,1,500,0,0,150,3,150,3,2.48071e+06,148,2426,150,149
1000,1,500,0,0,150,3,150,3,2.31871e+06,148,2264,150,149
1001,1,500,0,0,150,3,150,3,2.50538e+06,148,2450.67,150,149
1002,1,500,0,0,150,3,150,3,2.39704e+06,148,2342.33,150,149
1003,1,500,0,0,150,3,150,3,2.56871e+06,148,2514,150,149
1004,1,500,0,0,150,3,150,3,2.40371e+06,148,2349,150,149
1005,1,500,0,0,150,3,150,3,2.18904e+06,148,2134.33,150,149
1006,1,500,0,0,150,3,150,3,2.50604e+06,148,2451.33,150,149
1007,1,500,0,0,150,3,150,3,2.61371e+06,148,2559,150,149
1008,1,500,0,0,150,3,150,3,2.53604e+06,148,2481.33,150,149
1009,1,500,0,0,150,3,150,3,2.19004e+06,148,2135.33,150,149
1010,1,500,0,0,150,3,150,3,2.39804e+06,148,2343.33,150,149
1011,1,500,0,0,150,3,150,3,2.52471e+06,148,2470,150,149
1012,1,500,0,0,150,3,150,3,2.53604e+06,148,2481.33,150,149
1013,1,500,0,0,150,3,150,3,2.45371e+06,148,2399,150,149
1014,1,500,0,0,150,3,150,3,2.45738e+06,148,2402.67,150,149
1015,1,500,0,0,150,3,150,3,2.50271e+06,148,2448,150,149
1016,1,500,0,0,150,3,150,3,2.54204e+06,148,2487.33,150,149
1017,1,500,0,0,150,3,150,3,2.49338e+06,148,2438.67,150,149
1018,1,500,0,0,150,3,150,3,2.47138e+06,148,2416.67,150,149
1019,1,500,0,0,150,3,150,3,2.63371e+06,148,2579,150,149
1020,1,500,0,0,150,3,150,3,2.45504e+06,148,2400.33,150,149
1021,1,500,0,0,150,3,150,3,2.45104e+06,148,2396.33,150,149
1022,1,500,0,0,150,3,150,3,2.46404e+06,148,2409.33,150,149
1023,1,500,0,0,150,3,150,3,2.36771e+06,148,2313,150,149
1024,1,500,0,0,150,3,150,3,2.59504e+06,148,2540.33,150,149
1025,1,500,0,0,150,3,150,3,2.46538e+06,148,2410.67,150,149
1026,1,500,0,0,150,3,150,3,2.40204e+06,148,2347.33,150,149
1027,1,500,0,0,150,3,150,3,2.68404e+06,148,2629.33,150,149
1028,1,500,0,0,150,3,150,3,2.31604e+06,148,2261.33,150,149
1029,1,500,0,0,150,3,150,3,2.42638e+06,148,2371.67,150,149
1030,1,500,0,0,150,3,150,3,2.54104e+06,148,2486.33,150,149
1031,1,500,0,0,150,3,150,3,2.42604e+06,148,2371.33,150,149
1032,1,500,0,0,150,3,150,3,2.42138e+06,148,2366.67,150,149
1033,1,500,0,0,150,3,150,3,2.24104e+06,148,2186.33,150,149
1034,1,500,0,0,150,3,150,3,2.42838e+06,148,2373.67,150,149
1035,1,500,0,0,150,3,150,3,2.57971e+06,148,2525,150,149
1036,1,500,0,0,150,3,150,3,2.47038e+06,148,2415.67,150,149
1037,1,500,0,0,150,3,150,3,2.52671e+06,148,2472,150,149
1038,1,500,0,0,150,3,150,3,2.45538e+06,148,2400.67,150,149
1039,1,500,0,0,150,3,150,3,2.61804e+06,148,2563.33,150,149
1040,1,500,0,0,150,3,150,3,2.43138e+06,148,2376.67,150,149
1041,1,500,0,0,150,3,150,3,2.30304e+06,148,2248.33,150,149
1042,1,500,0,0,150,3,150,3,2.47438e+06,148,2419.67,150,149
1043,1,500,0,0,150,3,150,3,2.30871e+06,148,2254,150,149
1044,1,500,0,0,150,3,150,3,2.58771e+06,148,2533,150,149
1045,1,500,0,0,150,3,150,3,2.32638e+06,148,2271.67,150,149
1046,1,500,0,0,150,3,150,3,2.51404e+06,148,2459.33,150,149
1047,1,500,0,0,150,3,150,3,2.59271e+06,148,2538,150,149
1048,1,500,0,0,150,3,150,3,2.33138e+06,148,2276.67,150,149
1049,1,500,0,0,150,3,150,3,2.54004e+06,148,2485.33,150,149
1050,1,500,0,0,150,3,150,3,2.55371e+06,148,2499,150,149
1051,1,500,0,0,150,3,150,3,2.64838e+06,148,2593.67,150,149
1052,1,500,0,0,150,3,150,3,2.49238e+06,148,2437.67,150,149
1053,1,500,0,0,150,3,150,3,2.32204e+06,148,2267.33,150,149
1054,1,500,0,0,150,3,150,3,2.39238e+06,148,2337.67,150,149
1055,1,500,0,0,150,3,150,3,2.48671e+06,148,2432,150,149
1056,1,500,0,0,150,3,150,3,2.39771e+06,148,2343,150,149
1057,1,500,0,0,150,3,150,3,2.49004e+06,148,2435.33,150,149
1058,1,500,0,0,150,3,150,3,2.44704e+06,148,2392.33,150,149
1059,1,500,0,0,150,3,150,3,2.55504e+06,148,2500.33,150,149
1060,1,500,0,0,150,3,150,3,2.55838e+06,148,2503.67,150,149
1061,1,500,0,0,150,3,150,3,2.53438e+06,148,2479.67,150,149
1062,1,500,0,0,150,3,150,3,2.43604e+06,148,2381.33,150,149
1063,1,500,0,0,150,3,150,3,2.35238e+06,148,2297.67,150,149
1064,1,500,0,0,150,3,150,3,2.57938e+06,148,2524.67,150,149
1065,1,500,0,0,150,3,150,3,2.59071e+06,148,2536,150,149
1066,1,500,0,0,150,3,150,3,2.46838e+06,148,2413.67,150,149
1067,1,500,0,0,150,3,150,3,2.65838e+06,148,2603.67,150,149
1068,1,500,0,0,150,3,150,3,2.47171e+06,148,2417,150,149
1069,1,500,0,0,150,3,150,3,2.48371e+06,148,2429,150,149
1070,1,500,0,0,150,3,150,3,2.57271e+06,148,2518,150,149
1071,1,500,0,0,150,3,150,3,2.53471e+06,148,2480,150,149
1072,1,500,0,0,150,3,150,3,2.70638e+06,148,2651.67,150,149
1073,1,500,0,0,150,3,150,3,2.53438e+06,148,2479.67,150,149
1074,1,500,0,0,150,3,150,3,2.47971e+06,148,2425,150,149
1075,1,500,0,0,150,3,150,3,2.56838e+06,148,2513.67,150,149
1076,1,500,0,0,150,3,150,3,2.32604e+06,148,2271.33,150,149
1077,1,500,0,0,150,3,150,3,2.46604e+06,148,2411.33,150,149
1078,1,500,0,0,150,3,150,3,2.57738e+06,148,2522.67,150,149
1079,1,500,0,0,150,3,150,3,2.50238e+06,148,2447.67,150,149
1080,1,500,0,0,150,3,150,3,2.31504e+06,148,2260.33,150,149
1081,1,500,0,0,150,3,150,3,2.27738e+06,148,2222.67,150,149
1082,1,500,0,0,150,3,150,3,2.58038e+06,148,2525.67,150,149
1083,1,500,0,0,150,3,150,3,2.55371e+06,148,2499,150,149
1084,1,500,0,0,150,3,150,3,2.51571e+06,148,2461,150,149
1085,1,500,0,0,150,3,150,3,2.31038e+06,148,2255.67,150,149
1086,1,500,0,0,150,3,150,3,2.56071e+06,148,2506,150,149
1087,1,500,0,0,150,3,150,3,2.45438e+06,148,2399.67,150,149
1088,1,500,0,0,150,3,150,3,2.46038e+06,148,2405.67,150,149
1089,1,500,0,0,150,3,150,3,2.39838e+06,148,2343.67,150,149
1090,1,500,0,0,150,3,150,3,2.77738e+06,148,2722.67,150,149
1091,1,500,0,0,150,3,150,3,2.45738e+06,148,2402.67,150,149
1092,1,500,0,0,150,3,150,3,2.29171e+06,148,2237,150,149
1093,1,500,0,0,150,3,150,3,2.32404e+06,148,2269.33,150,149
1094,1,500,0,0,150,3,150,3,2.59571e+06,148,2541,150,149
1095,1,500,0,0,150,3,150,3,2.43771e+06,148,2383,150,149
1096,1,500,0,0,150,3,150,3,2.54204e+06,148,2487.33,150,149
1097,1,500,0,0,150,3,150,3,2.55238e+06,148,2497.67,150,149
1098,1,500,0,0,150,3,150,3,2.27871e+06,148,2224,150,149
1099,1,500,0,0,150,3,150,3,2.43938e+06,148,2384.67,150,149
1100,1,500,0,0,150,3,150,3,2.31438e+06,148,2259.67,150,149
1101,1,500,0,0,150,3,150,3,2.60571e+06,148,2551,150,149
1102,1,500,0,0,150,3,150,3,2.54204e+06,148,2487.33,150,149
1103,1,500,0,0,150,3,150,3,2.53804e+06,148,2483.33,150,149
1104,1,500,0,0,150,3,150,3,2.50338e+06,148,2448.67,150,149
1105,1,500,0,0,150,3,150,3,2.43371e+06,148,2379,150,149
1106,1,500,0,0,150,3,150,3,2.50138e+06,148,2446.67,150,149
1107,1,500,0,0,150,3,150,3,2.39404e+06,148,2339.33,150,149
1108,1,500,0,0,150,3,150,3,2.45504e+06,148,2400.33,150,149
1109,1,500,0,0,150,3,150,3,2.26738e+06,148,2212.67,150,149
1110,1,500,0,0,150,3,150,3,2.42271e+06,148,2368,150,149
1111,1,500,0,0,150,3,150,3,2.61471e+06,148,2560,150,149
1112,1,500,0,0,150,3,150,3,2.47071e+06,148,2416,150,149
1113,1,500,0,0,150,3,150,3,2.51071e+06,148,2456,150,149
1114,1,500,0,0,150,3,150,3,2.45104e+06,148,2396.33,150,149
1115,1,500,0,0,150,3,150,3,2.46904e+06,148,2414.33,150,149
1116,1,500,0,0,150,3,150,3,2.23971e+06,148,2185,150,149
1117,1,500,0,0,150,3,150,3,2.64104e+06,148,2586.33,150,149
1118,1,500,0,0,150,3,150,3,2.69671e+06,148,2642,150,149
1119,1,500,0,0,150,3,150,3,2.40971e+06,148,2355,150,149
1120,1,500,0,0,150,3,150,3,2.56738e+06,148,2512.67,150,149
1121,1,500,0,0,150,3,150,3,2.56404e+06,148,2509.33,150,149
1122,1,500,0,0,150,3,150,3,2.68304e+06,148,2628.33,150,149
1123,1,500,0,0,150,3,150,3,2.56271e+06,148,2508,150,149
1124,1,500,0,0,150,3,150,3,2.54371e+06,148,2489,150,149
1125,1,500,0,0,150,3,150,3,2.38638e+06,148,2331.67,150,149
1126,1,500,0,0,150,3,150,3,2.76438e+06,148,2709.67,150,149
1127,1,500,0,0,150,3,150,3,2.53804e+06,148,2483.33,150,149
1128,1,500,0,0,150,3,150,3,2.41904e+06,148,2364.33,150,149
1129,1,500,0,0,150,3,150,3,2.45438e+06,148,2399.67,150,149
1130,1,500,0,0,150,3,150,3,2.53404e+06,148,2479.33,150,149
1131,1,500,0,0,150,3,150,3,2.44771e+06,148,2393,150,149
1132,1,500,0,0,150,3,150,3,2.61338e+06,148,2558.67,150,149
1133,1,500,0,0,150,3,150,3,2.42371e+06,148,2369,150,149
1134,1,500,0,0,150,3,150,3,2.50904e+06,148,2454.33,150,149
1135,1,500,0,0,150,3,150,3,2.22638e+06,148,2171.67,150,149
1136,1,500,0,0,150,3,150,3,2.75338e+06,148,2698.67,150,149
1137,1,500,0,0,150,3,150,3,2.53004e+06,148,2475.33,150,149
1138,1,500,0,0,150,3,150,3,2.34404e+06,148,2289.33,150,149
1139,1,500,0,0,150,3,150,3,2.49238e+06,148,2437.67,150,149
1140,1,500,0,0,150,3,150,3,2.54404e+06,148,2489.33,150,149
1141,1,500,0,0,150,3,150,3,2.51471e+06,148,2460,150,149
1142,1,500,0,0,150,3,150,3,2.61704e+06,148,2562.33,150,149
1143,1,500,0,0,150,3,150,3,2.62038e+06,148,2565.67,150,149
1144,1,500,0,0,150,3,150,3,2.41638e+06,148,2361.67,150,149
1145,1,500,0,0,150,3,150,3,2.52138e+06,148,2466.67,150,149
1146,1,500,0,0,150,3,150,3,2.66004e+06,148,2605.33,150,149
1147,1,500,0,0,150,3,150,3,2.39804e+06,148,2343.33,150,149
1148,1,500,0,0,150,3,150,3,2.46004e+06,148,2405.33,150,149
1149,1,500,0,0,150,3,150,3,2.45971e+06,148,2405,150,149
1150,1,500,0,0,150,3,150,3,2.63738e+06,148,2582.67,150,149
1151,1,500,0,0,150,3,150,3,2.42471e+06,148,2370,150,149
1152,1,500,0,0,150,3,150,3,2.34004e+06,148,2285.33,150,149
1153,1,500,0,0,150,3,150,3,2.37671e+06,148,2322,150,149
1154,1,500,0,0,150,3,150,3,2.32438e+06,148,2269.67,150,149
1155,1,500,0,0,150,3,150,3,2.33638e+06,148,2281.67,150,149
1156,1,500,0,0,150,3,150,3,2.41871e+06,148,2364,150,149
1157,1,500,0,0,150,3,150,3,2.35704e+06,148,2302.33,150,149
1158,1,500,0,0,150,3,150,3,2.44538e+06,148,2390.67,150,149
1159,1,500,0,0,150,3,150,3,2.36004e+06,148,2305.33,150,149
1160,1,500,0,0,150,3,150,3,2.32871e+06,148,2274,150,149
1161,1,500,0,0,150,3,150,3,2.42938e+06,148,2374.67,150,149
1162,1,500,0,0,150,3,150,3,2.58438e+06,148,2529.67,150,149
1163,1,500,0,0,150,3,150,3,2.41904e+06,148,2364.33,150,149
1164,1,500,0,0,150,3,150,3,2.70671e+06,148,2652,150,149
1165,1,500,0,0,150,3,150,3,2.50604e+06,148,2451.33,150,149
1166,1,500,0,0,150,3,150,3,2.42671e+06,148,2372,150,149
1167,1,500,0,0,150,3,150,3,2.35271e+06,148,2298,150,149
1168,1,500,0,0,150,3,150,3,2.42338e+06,148,2368.67,150,149
1169,1,500,0,0,150,3,150,3,2.44138e+06,148,2386.67,150,149
1170,1,500,0,0,150,3,150,3,2.45338e+06,148,2398.67,150,149
1171,1,500,0,0,150,3,150,3,2.49871e+06,148,2444,150,149
1172,1,500,0,0,150,3,150,3,2.40038e+06,148,2345.67,150,149
1173,1,500,0,0,150,3,150,3,2.49571e+06,148,2441,150,149
1174,1,500,0,0,150,3,150,3,2.58204e+06,148,2527.33,150,149
1175,1,500,0,0,150,3,150,3,2.54604e+06,148,2491.33,150,149
1176,1,500,0,0,150,3,150,3,2.25738e+06,148,2202.67,150,149
1177,1,500,0,0,150,3,150,3,2.27171e+06,148,2217,150,149
1178,1,500,0,0,150,3,150,3,2.40438e+06,148,2349.67,150,149
1179,1,500,0,0,150,3,150,3,2.52438e+06,148,2469.67,150,149
1180,1,500,0,0,150,3,150,3,2.36704e+06,148,2312.33,150,149
1181,1,500,0,0,150,3,150,3,2.38138e+06,148,2326.67,150,149
1182,1,500,0,0,150,3,150,3,2.55538e+06,148,2500.67,150,149
1183,1,500,0,0,150,3,150,3,2.47571e+06,148,2421,150,149
1184,1,500,0,0,150,3,150,3,2.37371e+06,148,2319,150,149
1185,1,500,0,0,150,3,150,3,2.51304e+06,148,2458.33,150,149
1186,1,500,0,0,150,3,150,3,2.46271e+06,148,2408,150,149
1187,1,500,0,0,150,3,150,3,2.49238e+06,148,2437.67,150,149
1188,1,500,0,0,150,3,150,3,2.72938e+06,148,2674.67,150,149
1189,1,500,0,0,150,3,150,3,2.38704e+06,148,2332.33,150,149
1190,1,500,0,0,150,3,150,3,2.41171e+06,148,2357,150,149
1191,1,500,0,0,150,3,150,3,2.44771e+06,148,2393,150,149
1192,1,500,0,0,150,3,150,3,2.52471e+06,148,2470,150,149
1193,1,500,0,0,150,3,150,3,2.58171e+06,148,2527,150,149
1194,1,500,0,0,150,3,150,3,2.55938e+06,148,2504.67,150,149
1195,1,500,0,0,150,3,150,3,2.52571e+06,148,2471,150,149
1196,1,500,0,0,150,3,150,3,2.60071e+06,148,2546,150,149
1197,1,500,0,0,150,3,150,3,2.50738e+06,148,2452.67,150,149
1198,1,500,0,0,150,3,150,3,2.69338e+06,148,2638.67,150,149
1199,1,500,0,0,150,3,150,3,2.33171e+06,148,2277,150,149
1200,1,500,0,0,150,3,150,3,2.38338e+06,148,2328.67,150,149
1201,1,500,0,0,150,3,150,3,2.53171e+06,148,2477,150,149
1202,1,500,0,0,150,3,150,3,2.52971e+06,148,2475,150,149
1203,1,500,0,0,150,3,150,3,2.49738e+06,148,2442.67,150,149
1204,1,500,0,0,150,3,150,3,2.47804e+06,148,2423.33,150,149
1205,1,500,0,0,150,3,150,3,2.48804e+06,148,2433.33,150,149
1206,1,500,0,0,150,3,150,3,2.41371e+06,148,2359,150,149
1207,1,500,0,0,150,3,150,3,2.33571e+06,148,2281,150,149
1208,1,500,0,0,150,3,150,3,2.61938e+06,148,2564.67,150,149
1209,1,500,0,0,150,3,150,3,2.24638e+06,148,2191.67,150,149
1210,1,500,0,0,150,3,150,3,2.72371e+06,148,2669,150,149
1211,1,500,0,0,150,3,150,3,2.58704e+06,148,2532.33,150,149
1212,1,500,0,0,150,3,150,3,2.49571e+06,148,2441,150,149
1213,1,500,0,0,150,3,150,3,2.59304e+06,148,2538.33,150,149
1214,1,500,0,0,150,3,150,3,2.67671e+06,148,2622,150,149
1215,1,500,0,0,150,3,150,3,2.50638e+06,148,2451.67,150,149
1216,1,500,0,0,150,3,150,3,2.56271e+06,148,2508,150,149
1217,1,500,0,0,150,3,150,3,2.55704e+06,148,2502.33,150,149
1218,1,500,0,0,150,3,150,3,2.44838e+06,148,2393.67,150,149
1219,1,500,0,0,150,3,150,3,2.44171e+06,148,2387,150,149
1220,1,500,0,0,150,3,150,3,2.51738e+06,148,2462.67,150,149
1221,1,500,0,0,150,3,150,3,2.39204e+06,148,2337.33,150,149
1222,1,500,0,0,150,3,150,3,2.41638e+06,148,2361.67,150,149
1223,1,500,0,0,150,3,150,3,2.51071e+06,148,2456,150,149
1224,1,500,0,0,150,3,150,3,2.38638e+06,148,2331.67,150,149
1225,1,500,0,0,150,3,150,3,2.52604e+06,148,2471.33,150,149
1226,1,500,0,0,150,3,150,3,2.45738e+06,148,2402.67,150,149
1227,1,500,0,0,150,3,150,3,2.40438e+06,148,2349.67,150,149
1228,1,500,0,0,150,3,150,3,2.50071e+06,148,2446,150,149
1229,1,500,0,0,150,3,150,3,2.40071e+06,148,2346,150,149
1230,1,500,0,0,150,3,150,3,2.75171e+06,148,2697,150,149
1231,1,500,0,0,150,3,150,3,2.51071e+06,148,2456,150,149
1232,1,500,0,0,150,3,150,3,2.42571e+06,148,2371,150,149
1233,1,500,0,0,150,3,150,3,2.49871e+06,148,2444,150,149
1234,1,500,0,0,150,3,150,3,2.39504e+06,148,2340.33,150,149
1235,1,500,0,0,150,3,150,3,2.53638e+06,148,2481.67,150,149
1236,1,500,0,0,150,3,150,3,2.48404e+06,148,2429.33,150,149
1237,1,500,0,0,150,3,150,3,2.46438e+06,148,2409.67,150,149
1238,1,500,0,0,150,3,150,3,2.58671e+06,148,2532,150,149
1239,1,500,0,0,150,3,150,3,2.42938e+06,148,2374.67,150,149
1240,1,500,0,0,150,3,150,3,2.42838e+06,148,2373.67,150,149
1241,1,500,0,0,150,3,150,3,2.49038e+06,148,2435.67,150,149
1242,1,500,0,0,150,3,150,3,2.63371e+06,148,2579,150,149
1243,1,500,0,0,150,3,150,3,2.58438e+06,148,2529.67,150,149
1244,1,500,0,0,150,3,150,3,2.65304e+06,148,2598.33,150,149
1245,1,500,0,0,150,3,150,3,2.52838e+06,148,2473.67,150,149
1246,1,500,0,0,150,3,150,3,2.34838e+06,148,2293.67,150,149
1247,1,500,0,0,150,3,150,3,2.33138e+06,148,2276.67,150,149
1248,1,500,0,0,150,3,150,3,2.59304e+06,148,2538.33,150,149
1249,1,500,0,0,150,3,150,3,2.33038e+06,148,2275.67,150,149
1250,1,500,0,0,150,3,150,3,2.49071e+06,148,2436,150,149
1251,1,500,0,0,150,3,150,3,2.63704e+06,148,2582.33,150,149
1252,1,500,0,0,150,3,150,3,2.44138e+06,148,2386.67,150,149
1253,1,500,0,0,150,3,150,3,2.40238e+06,148,2347.67,150,149
1254,1,500,0,0,150,3,150,3,2.55738e+06,148,2502.67,150,149
1255,1,500,0,0,150,3,150,3,2.61204e+06,148,2557.33,150,149
1256,1,500,0,0,150,3,150,3,2.40771e+06,148,2353,150,149
1257,1,500,0,0,150,3,150,3,2.43438e+06,148,2379.67,150,149
1258,1,500,0,0,150,3,150,3,2.55071e+06,148,2496,150,149
1259,1,500,0,0,150,3,150,3,2.60371e+06,148,2549,150,149
1260,1,500,0,0,150,3,150,3,2.49538e+06,148,2440.67,150,149
1261,1,500,0,0,150,3,150,3,2.32004e+06,148,2265.33,150,149
1262,1,500,0,0,150,3,150,3,2.27771e+06,148,2223,150,149
1263,1,500,0,0,150,3,150,3,2.51771e+06,148,2463,150,149
1264,1,500,0,0,150,3,150,3,2.38404e+06,148,2329.33,150,149
1265,1,500,0,0,150,3,150,3,2.30971e+06,148,2255,150,149
1266,1,500,0,0,150,3,150,3,2.49104e+06,148,2436.33,150,149
1267,1,500,0,0,150,3,150,3,2.62204e+06,148,2567.33,150,149
1268,1,500,0,0,150,3,150,3,2.59638e+06,148,2541.67,150,149
1269,1,500,0,0,150,3,150,3,2.47038e+06,148,2415.67,150,149
1270,1,500,0,0,150,3,150,3,2.48304e+06,148,2428.33,150,149
1271,1,500,0,0,150,3,150,3,2.60904e+06,148,2554.33,150,149
1272,1,500,0,0,150,3,150,3,2.45271e+06,148,2398,150,149
1273,1,500,0,0,150,3,150,3,2.38738e+06,148,2332.67,150,149
1274,1,500,0,0,150,3,150,3,2.15238e+06,148,2097.67,150,149
1275,1,500,0,0,150,3,150,3,2.58404e+06,148,2529.33,150,149
1276,1,500,0,0,150,3,150,3,2.52371e+06,148,2469,150,149
1277,1,500,0,0,150,3,150,3,2.51838e+06,148,2463.67,150,149
1278,1,500,0,0,150,3,150,3,2.46471e+06,148,2410,150,149
1279,1,500,0,0,150,3,150,3,2.58071e+06,148,2526,150,149
1280,1,500,0,0,150,3,150,3,2.41038e+06,148,2355.67,150,149
1281,1,500,0,0,150,3,150,3,2.48404e+06,148,2429.33,150,149
1282,1,500,0,0,150,3,150,3,2.80971e+06,148,2755,150,149
1283,1,500,0,0,150,3,150,3,2.56304e+06,148,2508.33,150,149
1284,1,500,0,0,150,3,150,3,2.60404e+06,148,2549.33,150,149
1285,1,500,0,0,150,3,150,3,2.54138e+06,148,2486.67,150,149
1286,1,500,0,0,150,3,150,3,2.51004e+06,148,2455.33,150,149
1287,1,500,0,0,150,3,150,3,2.47204e+06,148,2417.33,150,149
1288,1,500,0,0,150,3,150,3,2.37238e+06,148,2317.67,150,149
1289,1,500,0,0,150,3,150,3,2.70871e+06,148,2654,150,149
1290,1,500,0,0,150,3,150,3,2.43304e+06,148,2378.33,150,149
1291,1,500,0,0,150,3,150,3,2.56171e+06,148,2507,150,149
1292,1,500,0,0,150,3,150,3,2.43371e+06,148,2379,150,149
1293,1,500,0,0,150,3,150,3,2.65138e+06,148,2596.67,150,149
1294,1,500,0,0,150,3,150,3,2.58471e+06,148,2530,150,149
1295,1,500,0,0,150,3,150,3,2.45438e+06,148,2399.67,150,149
1296,1,500,0,0,150,3,150,3,2.52371e+06,148,2469,150,149
1297,1,500,0,0,150,3,150,3,2.40204e+06,148,2347.33,150,149
1298,1,500,0,0,150,3,150,3,2.45538e+06,148,2400.67,150,149
1299,1,500,0,0,150,3,150,3,2.45771e+06,148,2403,150,149
1300,1,500,0,0,150,3,150,3,2.33771e+06,148,2283,150,149
1301,1,500,0,0,150,3,150,3,2.47538e+06,148,2420.67,150,149
1302,1,500,0,0,150,3,150,3,2.49738e+06,148,2442.67,150,149
1303,1,500,0,0,150,3,150,3,2.50971e+06,148,2455,150,149
1304,1,500,0,0,150,3,150,3,2.39404e+06,148,2339.33,150,149
1305,1,500,0,0,150,3,150,3,2.48704e+06,148,2432.33,150,149
1306,1,500,0,0,150,3,150,3,2.59304e+06,148,2538.33,150,149
1307,1,500,0,0,150,3,150,3,2.33671e+06,148,2282,150,149
1308,1,500,0,0,150,3,150,3,2.45338e+06,148,2398.67,150,149
1309,1,500,0,0,150,3,150,3,2.57171e+06,148,2517,150,149
1310,1,500,0,0,150,3,150,3,2.57538e+06,148,2520.67,150,149
1311,1,500,0,0,150,3,150,3,2.37904e+06,148,2324.33,150,149
1312,1,500,0,0,150,3,150,3,2.64971e+06,148,2595,150,149
1313,1,500,0,0,150,3,150,3,2.59071e+06,148,2536,150,149
1314,1,500,0,0,150,3,150,3,2.47204e+06,148,2417.33,150,149
1315,1,500,0,0,150,3,150,3,2.57504e+06,148,2520.33,150,149
1316,1,500,0,0,150,3,150,3,2.66971e+06,148,2615,150,149
1317,1,500,0,0,150,3,150,3,2.54404e+06,148,2489.33,150,149
1318,1,500,0,0,150,3,150,3,2.44704e+06,148,2392.33,150,149
1319,1,500,0,0,150,3,150,3,2.30571e+06,148,2251,150,149
1320,1,500,0,0,150,3,150,3,2.32471e+06,148,2270,150,149
1321,1,500,0,0,150,3,150,3,2.42438e+06,148,2369.67,150,149
1322,1,500,0,0,150,3,150,3,2.47904e+06,148,2424.33,150,149
1323,1,500,0,0,150,3,150,3,2.59304e+06,148,2538.33,150,149
1324,1,500,0,0,150,3,150,3,2.35104e+06,148,2296.33,150,149
1325,1,500,0,0,150,3,150,3,2.63671e+06,148,2582,150,149
1326,1,500,0,0,150,3,150,3,2.41604e+06,148,2361.33,150,149
1327,1,500,0,0,150,3,150,3,2.30571e+06,148,2251,150,149
1328,1,500,0,0,150,3,150,3,2.43971e+06,148,2385,150,149
1329,1,500,0,0,150,3,150,3,2.35738e+06,148,2302.67,150,149
1330,1,500,0,0,150,3,150,3,2.56271e+06,148,2508,150,149
1331,1,500,0,0,150,3,150,3,2.52538e+06,148,2470.67,150,149
1332,1,500,0,0,150,3,150,3,2.54604e+06,148,2491.33,150,149
1333,1,500,0,0,150,3,150,3,2.61738e+06,148,2562.67,150,149
1334,1,500,0,0,150,3,150,3,2.43204e+06,148,2377.33,150,149
1335,1,500,0,0,150,3,150,3,2.59571e+06,148,2541,150,149
1336,1,500,0,0,150,3,150,3,2.65438e+06,148,2599.67,150,149
1337,1,500,0,0,150,3,150,3,2.59104e+06,148,2536.33,150,149
1338,1,500,0,0,150,3,150,3,2.45638e+06,148,2401.67,150,149
1339,1,500,0,0,150,3,150,3,2.49904e+06,148,2444.33,150,149
1340,1,500,0,0,150,3,150,3,2.48438e+06,148,2429.67,150,149
1341,1,500,0,0,150,3,150,3,2.64571e+06,148,2591,150,149
1342,1,500,0,0,150,3,150,3,2.36538e+06,148,2310.67,150,149
1343,1,500,0,0,150,3,150,3,2.80071e+06,148,2746,150,149
1344,1,500,0,0,150,3,150,3,2.20538e+06,148,2150.67,150,149
1345,1,500,0,0,150,3,150,3,2.69604e+06,148,2641.33,150,149
1346,1,500,0,0,150,3,150,3,2.30371e+06,148,2249,150,149
1347,1,500,0,0,150,3,150,3,2.38371e+06,148,2329,150,149
1348,1,500,0,0,150,3,150,3,2.54238e+06,148,2487.67,150,149
1349,1,500,0,0,150,3,150,3,2.53538e+06,148,2480.67,150,149
1350,1,500,0,0,150,3,150,3,2.41604e+06,148,2361.33,150,149
1351,1,500,0,0,150,3,150,3,2.59338e+06,148,2538.67,150,149
1352,1,500,0,0,150,3,150,3,2.51671e+06,148,2462,150,149
1353,1,500,0,0,150,3,150,3,2.21938e+06,148,2164.67,150,149
1354,1,500,0,0,150,3,150,3,2.35438e+06,148,2299.67,150,149
1355,1,500,0,0,150,3,150,3,2.28571e+06,148,2231,150,149
1356,1,500,0,0,150,3,150,3,2.34904e+06,148,2294.33,150,149
1357,1,500,0,0,150,3,150,3,2.41971e+06,148,2365,150,149
1358,1,500,0,0,150,3,150,3,2.37171e+06,148,2317,150,149
1359,1,500,0,0,150,3,150,3,2.33704e+06,148,2282.33,150,149
1360,1,500,0,0,150,3,150,3,2.61871e+06,148,2564,150,149
1361,1,500,0,0,150,3,150,3,2.53904e+06,148,2484.33,150,149
1362,1,500,0,0,150,3,150,3,2.49804e+06,148,2443.33,150,149
1363,1,500,0,0,150,3,150,3,2.65338e+06,148,2598.67,150,149
1364,1,500,0,0,150,3,150,3,2.48604e+06,148,2431.33,150,149
1365,1,500,0,0,150,3,150,3,2.31371e+06,148,2259,150,149
1366,1,500,0,0,150,3,150,3,2.66738e+06,148,2612.67,150,149
1367,1,500,0,0,150,3,150,3,2.49471e+06,148,2440,150,149
1368,1,500,0,0,150,3,150,3,2.47571e+06,148,2421,150,149
1369,1,500,0,0,150,3,150,3,2.54971e+06,148,2495,150,149
1370,1,500,0,0,150,3,150,3,2.49771e+06,148,2443,150,149
1371,1,500,0,0,150,3,150,3,2.51571e+06,148,2461,150,149
1372,1,500,0,0,150,3,150,3,2.52104e+06,148,2466.33,150,149
1373,1,500,0,0,150,3,150,3,2.62771e+06,148,2573,150,149
1374,1,500,0,0,150,3,150,3,2.44904e+06,148,2394.33,150,149
1375,1,500,0,0,150,3,150,3,2.72304e+06,148,2668.33,150,149
1376,1,500,0,0,150,3,150,3,2.33638e+06,148,2281.67,150,149
1377,1,500,0,0,150,3,150,3,2.60471e+06,148,2550,150,149
1378,1,500,0,0,150,3,150,3,2.33938e+06,148,2284.67,150,149
1379,1,500,0,0,150,3,150,3,2.40138e+06,148,2346.67,150,149
1380,1,500,0,0,150,3,150,3,2.29538e+06,148,2240.67,150,149
1381,1,500,0,0,150,3,150,3,2.36171e+06,148,2307,150,149
1382,1,500,0,0,150,3,150,3,2.52071e+06,148,2466,150,149
1383,1,500,0,0,150,3,150,3,2.46104e+06,148,2406.33,150,149
1384,1,500,0,0,150,3,150,3,2.67704e+06,148,2622.33,150,149
1385,1,500,0,0,150,3,150,3,2.41638e+06,148,2361.67,150,149
1386,1,500,0,0,150,3,150,3,2.53671e+06,148,2482,150,149
1387,1,500,0,0,150,3,150,3,2.61304e+06,148,2558.33,150,149
1388,1,500,0,0,150,3,150,3,2.48504e+06,148,2430.33,150,149
1389,1,500,0,0,150,3,150,3,2.56304e+06,148,2508.33,150,149
1390,1,500,0,0,150,3,150,3,2.48438e+06,148,2429.67,150,149
1391,1,500,0,0,150,3,150,3,2.45904e+06,148,2404.33,150,149
1392,1,500,0,0,150,3,150,3,2.43371e+06,148,2379,150,149
1393,1,500,0,0,150,3,150,3,2.59104e+06,148,2536.33,150,149
1394,1,500,0,0,150,3,150,3,2.51838e+06,148,2463.67,150,149
1395,1,500,0,0,150,3,150,3,2.52438e+06,148,2469.67,150,149
1396,1,500,0,0,150,3,150,3,2.36504e+06,148,2310.33,150,149
1397,1,500,0,0,150,3,150,3,2.63338e+06,148,2578.67,150,149
1398,1,500,0,0,150,3,150,3,2.34271e+06,148,2288,150,149
1399,1,500,0,0,150,3,150,3,2.41204e+06,148,2357.33,150,149
1400,1,500,0,0,150,3,150,3,2.24838e+06,148,2193.67,150,149
1401,1,500,0,0,150,3,150,3,2.38604e+06,148,2331.33,150,149
1402,1,500,0,0,150,3,150,3,2.33571e+06,148,2281,150,149
1403,1,500,0,0,150,3,150,3,2.30071e+06,148,2246,150,149
1404,1,500,0,0,150,3,150,3,2.52571e+06,148,2471,150,149
1405,1,500,0,0,150,3,150,3,2.65171e+06,148,2597,150,149
1406,1,500,0,0,150,3,150,3,2.29638e+06,148,2241.67,150,149
1407,1,500,0,0,150,3,150,3,2.48971e+06,148,2435,150,149
1408,1,500,0,0,150,3,150,3,2.48438e+06,148,2429.67,150,149
1409,1,500,0,0,150,3,150,3,2.33371e+06,148,2279,150,149
1410,1,500,0,0,150,3,150,3,2.40638e+06,148,2351.67,150,149
1411,1,500,0,0,150,3,150,3,2.43904e+06,148,2384.33,150,149
1412,1,500,0,0,150,3,150,3,2.43004e+06,148,2375.33,150,149
1413,1,500,0,0,150,3,150,3,2.52038e+06,148,2465.67,150,149
1414,1,500,0,0,150,3,150,3,2.45871e+06,148,2404,150,149
1415,1,500,0,0,150,3,150,3,2.34138e+06,148,2286.67,150,149
1416,1,500,0,0,150,3,150,3,2.65704e+06,148,2602.33,150,149
1417,1,500,0,0,150,3,150,3,2.62604e+06,148,2571.33,150,149
1418,1,500,0,0,150,3,150,3,2.55438e+06,148,2499.67,150,149
1419,1,500,0,0,150,3,150,3,2.49871e+06,148,2444,150,149
1420,1,500,0,0,150,3,150,3,2.66171e+06,148,2607,150,149
1421,1,500,0,0,150,3,150,3,2.40804e+06,148,2353.33,150,149
1422,1,500,0,0,150,3,150,3,2.63504e+06,148,2580.33,150,149
1423,1,500,0,0,150,3,150,3,2.46171e+06,148,2407,150,149
1424,1,500,0,0,150,3,150,3,2.45504e+06,148,2400.33,150,149
1425,1,500,0,0,150,3,150,3,2.53138e+06,148,2476.67,150,149
1426,1,500,0,0,150,3,150,3,2.59871e+06,148,2544,150,149
1427,1,500,0,0,150,3,150,3,2.63904e+06,148,2584.33,150,149
1428,1,500,0,0,150,3,150,3,2.53304e+06,148,2478.33,150,149
1429,1,500,0,0,150,3,150,3,2.36671e+06,148,2312,150,149
1430,1,500,0,0,150,3,150,3,2.51938e+06,148,2464.67,150,149
1431,1,500,0,0,150,3,150,3,2.47804e+06,148,2423.33,150,149
1432,1,500,0,0,150,3,150,3,2.70838e+06,148,2653.67,150,149
1433,1,500,0,0,150,3,150,3,2.52304e+06,148,2468.33,150,149
1434,1,500,0,0,150,3,150,3,2.49904e+06,148,2444.33,150,149
1435,1,500,0,0,150,3,150,3,2.60804e+06,148,2553.33,150,149
1436,1,500,0,0,150,3,150,3,2.23838e+06,148,2183.67,150,149
1437,1,500,0,0,150,3,150,3,2.47404e+06,148,2419.33,150,149
1438,1,500,0,0,150,3,150,3,2.37771e+06,148,2323,150,149
1439,1,500,0,0,150,3,150,3,2.51271e+06,148,2458,150,149
1440,1,500,0,0,150,3,150,3,2.51338e+06,148,2458.67,150,149
1441,1,500,0,0,150,3,150,3,2.58004e+06,148,2525.33,150,149
1442,1,500,0,0,150,3,150,3,2.58204e+06,148,2527.33,150,149
1443,1,500,0,0,150,3,150,3,2.35604e+06,148,2301.33,150,149
1444,1,500,0,0,150,3,150,3,2.41338e+06,148,2358.67,150,149
1445,1,500,0,0,150,3,150,3,2.57071e+06,148,2516,150,149
1446,1,500,0,0,150,3,150,3,2.49538e+06,148,2440.67,150,149
1447,1,500,0,0,150,3,150,3,2.48504e+06,148,2430.33,150,149
1448,1,500,0,0,150,3,150,3,2.41838e+06,148,2363.67,150,149
1449,1,500,0,0,150,3,150,3,2.55171e+06,148,2497,150,149
1450,1,500,0,0,150,3,150,3,2.61871e+06,148,2564,150,149
1451,1,500,0,0,150,3,150,3,2.52238e+06,148,2467.67,150,149
1452,1,500,0,0,150,3,150,3,2.34671e+06,148,2292,150,149
1453,1,500,0,0,150,3,150,3,2.37504e+06,148,2320.33,150,149
1454,1,500,0,0,150,3,150,3,2.41238e+06,148,2357.67,150,149
1455,1,500,0,0,150,3,150,3,2.52738e+06,148,2472.67,150,149
1456,1,500,0,0,150,3,150,3,2.31104e+06,148,2256.33,150,149
1457,1,500,0,0,150,3,150,3,2.42338e+06,148,2368.67,150,149
1458,1,500,0,0,150,3,150,3,2.49138e+06,148,2436.67,150,149
1459,1,500,0,0,150,3,150,3,2.45238e+06,148,2397.67,150,149
1460,1,500,0,0,150,3,150,3,2.35471e+06,148,2300,150,149
1461,1,500,0,0,150,3,150,3,2.52838e+06,148,2473.67,150,149
1462,1,500,0,0,150,3,150,3,2.54471e+06,148,2490,150,149
1463,1,500,0,0,150,3,150,3,2.58171e+06,148,2527,150,149
1464,1,500,0,0,150,3,150,3,2.58104e+06,148,2526.33,150,149
1465,1,500,0,0,150,3,150,3,2.33238e+06,148,2277.67,150,149
1466,1,500,0,0,150,3,150,3,2.38571e+06,148,2331,150,149
1467,1,500,0,0,150,3,150,3,2.41904e+06,148,2364.33,150,149
1468,1,500,0,0,150,3,150,3,2.52438e+06,148,2469.67,150,149
1469,1,500,0,0,150,3,150,3,2.39804e+06,148,2343.33,150,149
1470,1,500,0,0,150,3,150,3,2.35338e+06,148,2298.67,150,149
1471,1,500,0,0,150,3,150,3,2.46738e+06,148,2412.67,150,149
1472,1,500,0,0,150,3,150,3,2.56504e+06,148,2510.33,150,149
1473,1,500,0,0,150,3,150,3,2.44204e+06,148,2387.33,150,149
1474,1,500,0,0,150,3,150,3,2.59638e+06,148,2541.67,150,149
1475,1,500,0,0,150,3,150,3,2.51838e+06,148,2463.67,150,149
1476,1,500,0,0,150,3,150,3,2.66871e+06,148,2614,150,149
1477,1,500,0,0,150,3,150,3,2.55671e+06,148,2502,150,149
1478,1,500,0,0,150,3,150,3,2.44704e+06,148,2392.33,150,149
1479,1,500,0,0,150,3,150,3,2.45871e+06,148,2404,150,149
1480,1,500,0,0,150,3,150,3,2.50504e+06,148,2450.33,150,149
1481,1,500,0,0,150,3,150,3,2.49038e+06,148,2435.67,150,149
1482,1,500,0,0,150,3,150,3,2.64504e+06,148,2590.33,150,149
1483,1,500,0,0,150,3,150,3,2.30371e+06,148,2249,150,149
1484,1,500,0,0,150,3,150,3,2.43371e+06,148,2379,150,149
1485,1,500,0,0,150,3,150,3,2.47004e+06,148,2415.33,150,149
1486,1,500,0,0,150,3,150,3,2.42938e+06,148,2374.67,150,149
1487,1,500,0,0,150,3,150,3,2.57571e+06,148,2521,150,149
1488,1,500,0,0,150,3,150,3,2.37971e+06,148,2325,150,149
1489,1,500,0,0,150,3,150,3,2.41838e+06,148,2363.67,150,149
1490,1,500,0,0,150,3,150,3,2.57271e+06,148,2518,150,149
1491,1,500,0,0,150,3,150,3,2.55304e+06,148,2498.33,150,149
1492,1,500,0,0,150,3,150,3,2.36838e+06,148,2313.67,150,149
1493,1,500,0,0,150,3,150,3,2.35704e+06,148,2302.33,150,149
1494,1,500,0,0,150,3,150,3,2.29671e+06,148,2242,150,149
1495,1,500,0,0,150,3,150,3,2.14138e+06,148,2086.67,150,149
1496,1,500,0,0,150,3,150,3,2.26238e+06,148,2207.67,150,149
1497,1,500,0,0,150,3,150,3,2.47038e+06,148,2415.67,150,149
1498,1,500,0,0,150,3,150,3,2.48004e+06,148,2425.33,150,149
1499,1,500,0,0,150,3,150,3,2.43671e+06,148,2382,150,149
1500,1,500,0,0,150,3,150,3,2.41171e+06,148,2357,150,149
1501,1,500,0,0,150,3,150,3,2.52471e+06,148,2470,150,149
1502,1,500,0,0,150,3,150,3,2.46871e+06,148,2414,150,149
1503,1,500,0,0,150,3,150,3,2.52104e+06,148,2466.33,150,149
1504,1,500,0,0,150,3,150,3,2.44371e+06,148,2389,150,149
1505,1,500,0,0,150,3,150,3,2.44504e+06,148,2390.33,150,149
1506,1,500,0,0,150,3,150,3,2.60238e+06,148,2547.67,150,149
1507,1,500,0,0,150,3,150,3,2.49638e+06,148,2441.67,150,149
1508,1,500,0,0,150,3,150,3,2.45338e+06,148,2398.67,150,149
1509,1,500,0,0,150,3,150,3,2.35904e+06,148,2304.33,150,149
1510,1,500,0,0,150,3,150,3,2.46604e+06,148,2411.33,150,149
1511,1,500,0,0,150,3,150,3,2.59838e+06,148,2543.67,150,149
1512,1,500,0,0,150,3,150,3,2.65771e+06,148,2603,150,149
1513,1,500,0,0,150,3,150,3,2.33704e+06,148,2282.33,150,149
1514,1,500,0,0,150,3,150,3,2.55904e+06,148,2504.33,150,149
1515,1,500,0,0,150,3,150,3,2.42071e+06,148,2366,150,149
1516,1,500,0,0,150,3,150,3,2.56071e+06,148,2506,150,149
1517,1,500,0,0,150,3,150,3,2.42438e+06,148,2369.67,150,149
1518,1,500,0,0,150,3,150,3,2.30971e+06,148,2255,150,149
1519,1,500,0,0,150,3,150,3,2.45838e+06,148,2403.67,150,149
1520,1,500,0,0,150,3,150,3,2.62904e+06,148,2574.33,150,149
1521,1,500,0,0,150,3,150,3,2.51571e+06,148,2461,150,149
1522,1,500,0,0,150,3,150,3,2.41138e+06,148,2356.67,150,149
1523,1,500,0,0,150,3,150,3,2.31304e+06,148,2258.33,150,149
1524,1,500,0,0,150,3,150,3,2.49071e+06,148,2436,150,149
1525,1,500,0,0,150,3,150,3,2.40571e+06,148,2351,150,149
1526,1,500,0,0,150,3,150,3,2.47571e+06,148,2421,150,149
1527,1,500,0,0,150,3,150,3,2.40338e+06,148,2348.67,150,149
1528,1,500,0,0,150,3,150,3,2.30671e+06,148,2252,150,149
1529,1,500,0,0,150,3,150,3,2.46871e+06,148,2414,150,149
1530,1,500,0,0,150,3,150,3,2.42071e+06,148,2366,150,149
1531,1,500,0,0,150,3,150,3,2.47038e+06,148,2415.67,150,149
1532,1,500,0,0,150,3,150,3,2.44471e+06,148,2390,150,149
1533,1,500,0,0,150,3,150,3,2.46571e+06,148,2411,150,149
1534,1,500,0,0,150,3,150,3,2.56638e+06,148,2511.67,150,149
1535,1,500,0,0,150,3,150,3,2.43671e+06,148,2382,150,149
1536,1,500,0,0,150,3,150,3,2.72804e+06,148,2673.33,150,149
1537,1,500,0,0,150,3,150,3,2.50171e+06,148,2447,150,149
1538,1,500,0,0,150,3,150,3,2.57138e+06,148,2516.67,150,149
1539,1,500,0,0,150,3,150,3,2.70138e+06,148,2646.67,150,149
1540,1,500,0,0,150,3,150,3,2.47204e+06,148,2417.33,150,149
1541,1,500,0,0,150,3,150,3,2.56971e+06,148,2515,150,149
1542,1,500,0,0,150,3,150,3,2.45638e+06,148,2401.67,150,149
1543,1,500,0,0,150,3,150,3,2.45171e+06,148,2397,150,149
1544,1,500,0,0,150,3,150,3,2.51771e+06,148,2463,150,149
1545,1,500,0,0,150,3,150,3,2.47438e+06,148,2419.67,150,149
1546,1,500,0,0,150,3,150,3,2.74138e+06,148,2686.67,150,149
1547,1,500,0,0,150,3,150,3,2.46604e+06,148,2411.33,150,149
1548,1,500,0,0,150,3,150,3,2.48204e+06,148,2427.33,150,149
1549,1,500,0,0,150,3,150,3,2.53804e+06,148,2483.33,150,149
1550,1,500,0,0,150,3,150,3,2.40704e+06,148,2352.33,150,149
1551,1,500,0,0,150,3,150,3,2.67704e+06,148,2622.33,150,149
1552,1,500,0,0,150,3,150,3,2.43438e+06,148,2379.67,150,149
1553,1,500,0,0,150,3,150,3,2.33371e+06,148,2279,150,149
1554,1,500,0,0,150,3,150,3,2.36871e+06,148,2314,150,149
1555,1,500,0,0,150,3,150,3,2.40771e+06,148,2353,150,149
1556,1,500,0,0,150,3,150,3,2.47971e+06,148,2425,150,149
1557,1,500,0,0,150,3,150,3,2.42771e+06,148,2373,150,149
1558,1,500,0,0,150,3,150,3,2.51104e+06,148,2456.33,150,149
1559,1,500,0,0,150,3,150,3,2.63638e+06,148,2581.67,150,149
1560,1,500,0,0,150,3,150,3,2.30404e+06,148,2249.33,150,149
1561,1,500,0,0,150,3,150,3,2.40771e+06,148,2353,150,149
1562,1,500,0,0,150,3,150,3,2.44171e+06,148,2387,150,149
1563,1,500,0,0,150,3,150,3,2.36771e+06,148,2313,150,149
1564,1,500,0,0,150,3,150,3,2.51871e+06,148,2464,150,149
1565,1,500,0,0,150,3,150,3,2.20571e+06,148,2151,150,149
1566,1,500,0,0,150,3,150,3,2.78404e+06,148,2729.33,150,149
1567,1,500,0,0,150,3,150,3,2.57571e+06,148,2521,150,149
1568,1,500,0,0,150,3,150,3,2.63371e+06,148,2579,150,149
1569,1,500,0,0,150,3,150,3,2.74271e+06,148,2688,150,149
1570,1,500,0,0,150,3,150,3,2.43738e+06,148,2382.67,150,149
1571,1,500,0,0,150,3,150,3,2.38938e+06,148,2334.67,150,149
1572,1,500,0,0,150,3,150,3,2.54304e+06,148,2488.33,150,149
1573,1,500,0,0,150,3,150,3,2.54238e+06,148,2487.67,150,149
1574,1,500,0,0,150,3,150,3,2.50671e+06,148,2452,150,149
1575,1,500,0,0,150,3,150,3,2.48004e+06,148,2425.33,150,149
1576,1,500,0,0,150,3,150,3,2.55304e+06,148,2498.33,150,149
1577,1,500,0,0,150,3,150,3,2.39038e+06,148,2335.67,150,149
1578,1,500,0,0,150,3,150,3,2.58804e+06,148,2533.33,150,149
1579,1,500,0,0,150,3,150,3,2.52538e+06,148,2470.67,150,149
1580,1,500,0,0,150,3,150,3,2.62704e+06,148,2572.33,150,149
1581,1,500,0,0,150,3,150,3,2.77104e+06,148,2716.33,150,149
1582,1,500,0,0,150,3,150,3,2.51038e+06,148,2455.67,150,149
1583,1,500,0,0,150,3,150,3,2.37904e+06,148,2324.33,150,149
1584,1,500,0,0,150,3,150,3,2.51938e+06,148,2464.67,150,149
1585,1,500,0,0,150,3,150,3,2.48738e+06,148,2432.67,150,149
1586,1,500,0,0,150,3,150,3,2.35104e+06,148,2296.33,150,149
1587,1,500,0,0,150,3,150,3,2.55838e+06,148,2503.67,150,149
1588,1,500,0,0,150,3,150,3,2.32804e+06,148,2273.33,150,149
1589,1,500,0,0,150,3,150,3,2.40504e+06,148,2350.33,150,149
1590,1,500,0,0,150,3,150,3,2.40138e+06,148,2346.67,150,149
1591,1,500,0,0,150,3,150,3,2.56204e+06,148,2507.33,150,149
1592,1,500,0,0,150,3,150,3,2.67271e+06,148,2618,150,149
1593,1,500,0,0,150,3,150,3,2.36104e+06,148,2306.33,150,149
1594,1,500,0,0,150,3,150,3,2.72338e+06,148,2668.67,150,149
1595,1,500,0,0,150,3,150,3,2.36604e+06,148,2311.33,150,149
1596,1,500,0,0,150,3,150,3,2.50838e+06,148,2453.67,150,149
1597,1,500,0,0,150,3,150,3,2.47404e+06,148,2419.33,150,149
1598,1,500,0,0,150,3,150,3,2.44038e+06,148,2385.67,150,149
1599,1,500,0,0,150,3,150,3,2.43904e+06,148,2384.33,150,149
1600,1,500,0,0,150,3,150,3,2.47638e+06,148,2421.67,150,149
1601,1,500,0,0,150,3,150,3,2.51738e+06,148,2462.67,150,149
1602,1,500,0,0,150,3,150,3,2.53171e+06,148,2477,150,149
1603,1,500,0,0,150,3,150,3,2.40204e+06,148,2347.33,150,149
1604,1,500,0,0,150,3,150,3,2.45538e+06,148,2400.67,150,149
1605,1,500,0,0,150,3,150,3,2.23504e+06,148,2180.33,150,149
1606,1,500,0,0,150,3,150,3,2.46371e+06,148,2409,150,149
1607,1,500,0,0,150,3,150,3,2.29638e+06,148,2241.67,150,149
1608,1,500,0,0,150,3,150,3,2.65304e+06,148,2598.33,150,149
1609,1,500,0,0,150,3,150,3,2.54371e+06,148,2489,150,149
1610,1,500,0,0,150,3,150,3,2.53138e+06,148,2476.67,150,149
1611,1,500,0,0,150,3,150,3,2.55938e+06,148,2504.67,150,149
1612,1,500,0,0,150,3,150,3,2.38404e+06,148,2329.33,150,149
1613,1,500,0,0,150,3,150,3,2.45171e+06,148,2397,150,149
1614,1,500,0,0,150,3,150,3,2.58638e+06,148,2531.67,150,149
1615,1,500,0,0,150,3,150,3,2.43238e+06,148,2377.67,150,149
1616,1,500,0,0,150,3,150,3,2.35071e+06,148,2296,150,149
1617,1,500,0,0,150,3,150,3,2.40638e+06,148,2351.67,150,149
1618,1,500,0,0,150,3,150,3,2.49371e+06,148,2439,150,149
1619,1,500,0,0,150,3,150,3,2.50938e+06,148,2454.67,150,149
1620,1,500,0,0,150,3,150,3,2.39904e+06,148,2344.33,150,149
1621,1,500,0,0,150,3,150,3,2.37938e+06,148,2324.67,150,149
1622,1,500,0,0,150,3,150,3,2.55338e+06,148,2498.67,150,149
1623,1,500,0,0,150,3,150,3,2.32004e+06,148,2265.33,150,149
1624,1,500,0,0,150,3,150,3,2.50271e+06,148,2448,150,149
1625,1,500,0,0,150,3,150,3,2.68004e+06,148,2625.33,150,149
1626,1,500,0,0,150,3,150,3,2.41238e+06,148,2357.67,150,149
1627,1,500,0,0,150,3,150,3,2.19371e+06,148,2139,150,149
1628,1,500,0,0,150,3,150,3,2.57738e+06,148,2522.67,150,149
1629,1,500,0,0,150,3,150,3,2.59304e+06,148,2538.33,150,149
1630,1,500,0,0,150,3,150,3,2.54471e+06,148,2490,150,149
1631,1,500,0,0,150,3,150,3,2.32704e+06,148,2272.33,150,149
1632,1,500,0,0,150,3,150,3,2.59938e+06,148,2544.67,150,149
1633,1,500,0,0,150,3,150,3,2.44671e+06,148,2392,150,149
1634,1,500,0,0,150,3,150,3,2.42071e+06,148,2366,150,149
1635,1,500,0,0,150,3,150,3,2.51938e+06,148,2464.67,150,149
1636,1,500,0,0,150,3,150,3,2.60471e+06,148,2550,150,149
1637,1,500,0,0,150,3,150,3,2.36438e+06,148,2309.67,150,149
1638,1,500,0,0,150,3,150,3,2.27004e+06,148,2215.33,150,149
1639,1,500,0,0,150,3,150,3,2.50838e+06,148,2453.67,150,149
1640,1,500,0,0,150,3,150,3,2.39871e+06,148,2344,150,149
1641,1,500,0,0,150,3,150,3,2.47238e+06,148,2417.67,150,149
1642,1,500,0,0,150,3,150,3,2.76738e+06,148,2712.67,150,149
1643,1,500,0,0,150,3,150,3,2.75338e+06,148,2698.67,150,149
1644,1,500,0,0,150,3,150,3,2.59838e+06,148,2543.67,150,149
1645,1,500,0,0,150,3,150,3,2.52538e+06,148,2470.67,150,149
1646,1,500,0,0,150,3,150,3,2.71038e+06,148,2655.67,150,149
1647,1,500,0,0,150,3,150,3,2.34771e+06,148,2293,150,149
1648,1,500,0,0,150,3,150,3,2.45304e+06,148,2398.33,150,149
1649,1,500,0,0,150,3,150,3,2.75204e+06,148,2697.33,150,149
1650,1,500,0,0,150,3,150,3,2.51438e+06,148,2459.67,150,149
1651,1,500,0,0,150,3,150,3,2.37271e+06,148,2318,150,149
1652,1,500,0,0,150,3,150,3,2.67338e+06,148,2618.67,150,149
1653,1,500,0,0,150,3,150,3,2.56371e+06,148,2509,150,149
1654,1,500,0,0,150,3,150,3,2.43338e+06,148,2378.67,150,149
1655,1,500,0,0,150,3,150,3,2.48238e+06,148,2427.67,150,149
1656,1,500,0,0,150,3,150,3,2.57438e+06,148,2519.67,150,149
1657,1,500,0,0,150,3,150,3,2.34438e+06,148,2289.67,150,149
1658,1,500,0,0,150,3,150,3,2.36604e+06,148,2311.33,150,149
1659,1,500,0,0,150,3,150,3,2.42338e+06,148,2368.67,150,149
1660,1,500,0,0,150,3,150,3,2.50738e+06,148,2452.67,150,149
1661,1,500,0,0,150,3,150,3,2.54838e+06,148,2493.67,150,149
1662,1,500,0,0,150,3,150,3,2.65038e+06,148,2595.67,150,149
1663,1,500,0,0,150,3,150,3,2.42371e+06,148,2369,150,149
1664,1,500,0,0,150,3,150,3,2.39604e+06,148,2341.33,150,149
1665,1,500,0,0,150,3,150,3,2.67238e+06,148,2617.67,150,149
1666,1,500,0,0,150,3,150,3,2.39704e+06,148,2342.33,150,149
1667,1,500,0,0,150,3,150,3,2.43638e+06,148,2381.67,150,149
1668,1,500,0,0,150,3,150,3,2.51038e+06,148,2455.67,150,149
1669,1,500,0,0,150,3,150,3,2.58704e+06,148,2532.33,150,149
1670,1,500,0,0,150,3,150,3,2.42304e+06,148,2368.33,150,149
1671,1,500,0,0,150,3,150,3,2.31271e+06,148,2258,150,149
1672,1,500,0,0,150,3,150,3,2.47471e+06,148,2420,150,149
1673,1,500,0,0,150,3,150,3,2.48138e+06,148,2426.67,150,149
1674,1,500,0,0,150,3,150,3,2.37504e+06,148,2320.33,150,149
1675,1,500,0,0,150,3,150,3,2.49071e+06,148,2436,150,149
1676,1,500,0,0,150,3,150,3,2.33071e+06,148,2276,150,149
1677,1,500,0,0,150,3,150,3,2.62004e+06,148,2565.33,150,149
1678,1,500,0,0,150,3,150,3,2.44704e+06,148,2392.33,150,149
1679,1,500,0,0,150,3,150,3,2.44104e+06,148,2386.33,150,149
1680,1,500,0,0,150,3,150,3,2.25171e+06,148,2197,150,149
1681,1,500,0,0,150,3,150,3,2.46704e+06,148,2412.33,150,149
1682,1,500,0,0,150,3,150,3,2.41738e+06,148,2362.67,150,149
1683,1,500,0,0,150,3,150,3,2.38438e+06,148,2329.67,150,149
1684,1,500,0,0,150,3,150,3,2.68104e+06,148,2626.33,150,149
1685,1,500,0,0,150,3,150,3,2.42304e+06,148,2368.33,150,149
1686,1,500,0,0,150,3,150,3,2.45704e+06,148,2402.33,150,149
1687,1,500,0,0,150,3,150,3,2.45838e+06,148,2403.67,150,149
1688,1,500,0,0,150,3,150,3,2.48371e+06,148,2429,150,149
1689,1,500,0,0,150,3,150,3,2.58971e+06,148,2535,150,149
1690,1,500,0,0,150,3,150,3,2.44338e+06,148,2388.67,150,149
1691,1,500,0,0,150,3,150,3,2.58238e+06,148,2527.67,150,149
1692,1,500,0,0,150,3,150,3,2.49338e+06,148,2438.67,150,149
1693,1,500,0,0,150,3,150,3,2.39404e+06,148,2339.33,150,149
1694,1,500,0,0,150,3,150,3,2.50804e+06,148,2453.33,150,149
1695,1,500,0,0,150,3,150,3,2.51904e+06,148,2464.33,150,149
1696,1,500,0,0,150,3,150,3,2.44638e+06,148,2391.67,150,149
1697,1,500,0,0,150,3,150,3,2.43404e+06,148,2379.33,150,149
1698,1,500,0,0,150,3,150,3,2.32838e+06,148,2273.67,150,149
1699,1,500,0,0,150,3,150,3,2.44538e+06,148,2390.67,150,149
1700,1,500,0,0,150,3,150,3,2.32504e+06,148,2270.33,150,149
1701,1,500,0,0,150,3,150,3,2.40504e+06,148,2350.33,150,149
1702,1,500,0,0,150,3,150,3,2.41871e+06,148,2364,150,149
1703,1,500,0,0,150,3,150,3,2.43638e+06,148,2381.67,150,149
1704,1,500,0,0,150,3,150,3,2.38138e+06,148,2326.67,150,149
1705,1,500,0,0,150,3,150,3,2.66271e+06,148,2608,150,149
1706,1,500,0,0,150,3,150,3,2.44871e+06,148,2394,150,149
1707,1,500,0,0,150,3,150,3,2.44738e+06,148,2392.67,150,149
1708,1,500,0,0,150,3,150,3,2.33371e+06,148,2279,150,149
1709,1,500,0,0,150,3,150,3,2.64104e+06,148,2586.33,150,149
1710,1,500,0,0,150,3,150,3,2.33838e+06,148,2283.67,150,149
1711,1,500,0,0,150,3,150,3,2.45704e+06,148,2402.33,150,149
1712,1,500,0,0,150,3,150,3,2.49004e+06,148,2435.33,150,149
1713,1,500,0,0,150,3,150,3,2.40904e+06,148,2354.33,150,149
1714,1,500,0,0,150,3,150,3,2.53238e+06,148,2477.67,150,149
1715,1,500,0,0,150,3,150,3,2.51004e+06,148,2455.33,150,149
1716,1,500,0,0,150,3,150,3,2.61204e+06,148,2557.33,150,149
1717,1,500,0,0,150,3,150,3,2.48371e+06,148,2429,150,149
1718,1,500,0,0,150,3,150,3,2.50271e+06,148,2448,150,149
1719,1,500,0,0,150,3,150,3,2.46904e+06,148,2414.33,150,149
1720,1,500,0,0,150,3,150,3,2.38504e+06,148,2330.33,150,149
1721,1,500,0,0,150,3,150,3,2.46604e+06,148,2411.33,150,149
1722,1,500,0,0,150,3,150,3,2.44938e+06,148,2394.67,150,149
1723,1,500,0,0,150,3,150,3,2.46904e+06,148,2414.33,150,149
1724,1,500,0,0,150,3,150,3,2.43204e+06,148,2377.33,150,149
1725,1,500,0,0,150,3,150,3,2.69404e+06,148,2639.33,150,149
1726,1,500,0,0,150,3,150,3,2.45704e+06,148,2402.33,150,149
1727,1,500,0,0,150,3,150,3,2.61771e+06,148,2563,150,149
1728,1,500,0,0,150,3,150,3,2.40438e+06,148,2349.67,150,149
1729,1,500,0,0,150,3,150,3,2.31971e+06,148,2265,150,149
1730,1,500,0,0,150,3,150,3,2.48604e+06,148,2431.33,150,149
1731,1,500,0,0,150,3,150,3,2.42871e+06,148,2374,150,149
1732,1,500,0,0,150,3,150,3,2.52704e+06,148,2472.33,150,149
1733,1,500,0,0,150,3,150,3,2.18638e+06,148,2131.67,150,149
1734,1,500,0,0,150,3,150,3,2.37838e+06,148,2323.67,150,149
1735,1,500,0,0,150,3,150,3,2.56004e+06,148,2505.33,150,149
1736,1,500,0,0,150,3,150,3,2.19271e+06,148,2138,150,149
1737,1,500,0,0,150,3,150,3,2.63404e+06,148,2579.33,150,149
1738,1,500,0,0,150,3,150,3,2.29704e+06,148,2242.33,150,149
1739,1,500,0,0,150,3,150,3,2.55538e+06,148,2500.67,150,149
1740,1,500,0,0,150,3,150,3,2.47904e+06,148,2424.33,150,149
1741,1,500,0,0,150,3,150,3,2.55771e+06,148,2503,150,149
1742,1,500,0,0,150,3,150,3,2.35071e+06,148,2296,150,149
1743,1,500,0,0,150,3,150,3,2.50271e+06,148,2448,150,149
1744,1,500,0,0,150,3,150,3,2.52138e+06,148,2466.67,150,149
1745,1,500,0,0,150,3,150,3,2.41771e+06,148,2363,150,149
1746,1,500,0,0,150,3,150,3,2.63071e+06,148,2576,150,149
1747,1,500,0,0,150,3,150,3,2.42338e+06,148,2368.67,150,149
1748,1,500,0,0,150,3,150,3,2.60871e+06,148,2554,150,149
1749,1,500,0,0,150,3,150,3,2.53038e+06,148,2475.67,150,149
1750,1,500,0,0,150,3,150,3,2.38538e+06,148,2330.67,150,149
1751,1,500,0,0,150,3,150,3,2.27938e+06,148,2224.67,150,149
1752,1,500,0,0,150,3,150,3,2.48871e+06,148,2434,150,149
1753,1,500,0,0,150,3,150,3,2.48271e+06,148,2428,150,149
1754,1,500,0,0,150,3,150,3,2.60771e+06,148,2553,150,149
1755,1,500,0,0,150,3,150,3,2.45004e+06,148,2395.33,150,149
1756,1,500,0,0,150,3,150,3,2.54938e+06,148,2494.67,150,149
1757,1,500,0,0,150,3,150,3,2.37871e+06,148,2324,150,149
1758,1,500,0,0,150,3,150,3,2.47404e+06,148,2419.33,150,149
1759,1,500,0,0,150,3,150,3,2.29171e+06,148,2237,150,149
1760,1,500,0,0,150,3,150,3,2.46671e+06,148,2412,150,149
1761,1,500,0,0,150,3,150,3,2.67504e+06,148,2620.33,150,149
1762,1,500,0,0,150,3,150,3,2.68904e+06,148,2634.33,150,149
1763,1,500,0,0,150,3,150,3,2.41971e+06,148,2365,150,149
1764,1,500,0,0,150,3,150,3,2.39638e+06,148,2341.67,150,149
1765,1,500,0,0,150,3,150,3,2.21138e+06,148,2156.67,150,149
1766,1,500,0,0,150,3,150,3,2.40104e+06,148,2346.33,150,149
1767,1,500,0,0,150,3,150,3,2.63838e+06,148,2583.67,150,149
1768,1,500,0,0,150,3,150,3,2.49071e+06,148,2436,150,149
1769,1,500,0,0,150,3,150,3,2.53338e+06,148,2478.67,150,149
1770,1,500,0,0,150,3,150,3,2.50104e+06,148,2446.33,150,149
1771,1,500,0,0,150,3,150,3,2.53638e+06,148,2481.67,150,149
1772,1,500,0,0,150,3,150,3,2.59571e+06,148,2541,150,149
1773,1,500,0,0,150,3,150,3,2.53271e+06,148,2478,150,149
1774,1,500,0,0,150,3,150,3,2.28904e+06,148,2234.33,150,149
1775,1,500,0,0,150,3,150,3,2.58838e+06,148,2533.67,150,149
1776,1,500,0,0,150,3,150,3,2.52471e+06,148,2470,150,149
1777,1,500,0,0,150,3,150,3,2.15171e+06,148,2097,150,149
1778,1,500,0,0,150,3,150,3,2.65504e+06,148,2600.33,150,149
1779,1,500,0,0,150,3,150,3,2.45471e+06,148,2400,150,149
1780,1,500,0,0,150,3,150,3,2.24004e+06,148,2185.33,150,149
1781,1,500,0,0,150,3,150,3,2.44438e+06,148,2389.67,150,149
1782,1,500,0,0,150,3,150,3,2.47804e+06,148,2423.33,150,149
1783,1,500,0,0,150,3,150,3,2.55404e+06,148,2499.33,150,149
1784,1,500,0,0,150,3,150,3,2.30104e+06,148,2246.33,150,149
1785,1,500,0,0,150,3,150,3,2.60771e+06,148,2553,150,149
1786,1,500,0,0,150,3,150,3,2.63604e+06,148,2581.33,150,149
1787,1,500,0,0,150,3,150,3,2.30704e+06,148,2252.33,150,149
1788,1,500,0,0,150,3,150,3,2.31804e+06,148,2263.33,150,149
1789,1,500,0,0,150,3,150,3,2.41771e+06,148,2363,150,149
1790,1,500,0,0,150,3,150,3,2.53771e+06,148,2483,150,149
1791,1,500,0,0,150,3,150,3,2.69638e+06,148,2641.67,150,149
1792,1,500,0,0,150,3,150,3,2.49271e+06,148,2438,150,149
1793,1,500,0,0,150,3,150,3,2.46504e+06,148,2410.33,150,149
1794,1,500,0,0,150,3,150,3,2.46304e+06,148,2408.33,150,149
1795,1,500,0,0,150,3,150,3,2.52904e+06,148,2474.33,150,149
1796,1,500,0,0,150,3,150,3,2.36371e+06,148,2309,150,149
1797,1,500,0,0,150,3,150,3,2.55671e+06,148,2502,150,149
1798,1,500,0,0,150,3,150,3,2.32171e+06,148,2267,150,149
1799,1,500,0,0,150,3,150,3,2.50538e+06,148,2450.67,150,149
1800,1,500,0,0,150,3,150,3,2.43738e+06,148,2382.67,150,149
1801,1,500,0,0,150,3,150,3,2.42238e+06,148,2367.67,150,149
1802,1,500,0,0,150,3,150,3,2.42904e+06,148,2374.33,150,149
1803,1,500,0,0,150,3,150,3,2.60171e+06,148,2547,150,149
1804,1,500,0,0,150,3,150,3,2.40604e+06,148,2351.33,150,149
1805,1,500,0,0,150,3,150,3,2.63238e+06,148,2577.67,150,149
1806,1,500,0,0,150,3,150,3,2.46604e+06,148,2411.33,150,149
1807,1,500,0,0,150,3,150,3,2.35238e+06,148,2297.67,150,149
1808,1,500,0,0,150,3,150,3,2.69471e+06,148,2640,150,149
1809,1,500,0,0,150,3,150,3,2.49971e+06,148,2445,150,149
1810,1,500,0,0,150,3,150,3,2.51371e+06,148,2459,150,149
1811,1,500,0,0,150,3,150,3,2.42071e+06,148,2366,150,149
1812,1,500,0,0,150,3,150,3,2.56038e+06,148,2505.67,150,149
1813,1,500,0,0,150,3,150,3,2.32771e+06,148,2273,150,149
1814,1,500,0,0,150,3,150,3,2.40438e+06,148,2349.67,150,149
1815,1,500,0,0,150,3,150,3,2.47971e+06,148,2425,150,149
1816,1,500,0,0,150,3,150,3,2.34871e+06,148,2294,150,149
1817,1,500,0,0,150,3,150,3,2.40571e+06,148,2351,150,149
1818,1,500,0,0,150,3,150,3,2.34171e+06,148,2287,150,149
1819,1,500,0,0,150,3,150,3,2.64671e+06,148,2592,150,149
1820,1,500,0,0,150,3,150,3,2.33938e+06,148,2284.67,150,149
1821,1,500,0,0,150,3,150,3,2.46804e+06,148,2413.33,150,149
1822,1,500,0,0,150,3,150,3,2.27404e+06,148,2219.33,150,149
1823,1,500,0,0,150,3,150,3,2.48071e+06,148,2426,150,149
1824,1,500,0,0,150,3,150,3,2.38771e+06,148,2333,150,149
1825,1,500,0,0,150,3,150,3,2.41371e+06,148,2359,150,149
1826,1,500,0,0,150,3,150,3,2.31404e+06,148,2259.33,150,149
1827,1,500,0,0,150,3,150,3,2.53938e+06,148,2484.67,150,149
1828,1,500,0,0,150,3,150,3,2.45738e+06,148,2402.67,150,149
1829,1,500,0,0,150,3,150,3,2.49538e+06,148,2440.67,150,149
1830,1,500,0,0,150,3,150,3,2.57571e+06,148,2521,150,149
1831,1,500,0,0,150,3,150,3,2.43338e+06,148,2378.67,150,149
1832,1,500,0,0,150,3,150,3,2.44138e+06,148,2386.67,150,149
1833,1,500,0,0,150,3,150,3,2.66471e+06,148,2610,150,149
1834,1,500,0,0,150,3,150,3,2.52771e+06,148,2473,150,149
1835,1,500,0,0,150,3,150,3,2.54771e+06,148,2493,150,149
1836,1,500,0,0,150,3,150,3,2.44938e+06,148,2394.67,150,149
1837,1,500,0,0,150,3,150,3,2.62738e+06,148,2572.67,150,149
1838,1,500,0,0,150,3,150,3,2.65271e+06,148,2598,150,149
1839,1,500,0,0,150,3,150,3,2.43804e+06,148,2383.33,150,149
1840,1,500,0,0,150,3,150,3,2.39771e+06,148,2343,150,149
1841,1,500,0,0,150,3,150,3,2.45271e+06,148,2398,150,149
1842,1,500,0,0,150,3,150,3,2.44338e+06,148,2388.67,150,149
1843,1,500,0,0,150,3,150,3,2.35604e+06,148,2301.33,150,149
1844,1,500,0,0,150,3,150,3,2.59171e+06,148,2537,150,149
1845,1,500,0,0,150,3,150,3,2.54071e+06,148,2486,150,149
1846,1,500,0,0,150,3,150,3,2.33238e+06,148,2277.67,150,149
1847,1,500,0,0,150,3,150,3,2.50604e+06,148,2451.33,150,149
1848,1,500,0,0,150,3,150,3,2.42371e+06,148,2369,150,149
1849,1,500,0,0,150,3,150,3,2.70271e+06,148,2648,150,149
1850,1,500,0,0,150,3,150,3,2.34038e+06,148,2285.67,150,149
1851,1,500,0,0,150,3,150,3,2.75471e+06,148,2700,150,149
1852,1,500,0,0,150,3,150,3,2.47438e+06,148,2419.67,150,149
1853,1,500,0,0,150,3,150,3,2.63804e+06,148,2583.33,150,149
1854,1,500,0,0,150,3,150,3,2.53904e+06,148,2484.33,150,149
1855,1,500,0,0,150,3,150,3,2.36271e+06,148,2308,150,149
1856,1,500,0,0,150,3,150,3,2.58338e+06,148,2528.67,150,149
1857,1,500,0,0,150,3,150,3,2.37304e+06,148,2318.33,150,149
1858,1,500,0,0,150,3,150,3,2.33171e+06,148,2277,150,149
1859,1,500,0,0,150,3,150,3,2.51104e+06,148,2456.33,150,149
1860,1,500,0,0,150,3,150,3,2.26104e+06,148,2206.33,150,149
1861,1,500,0,0,150,3,150,3,2.56604e+06,148,2511.33,150,149
1862,1,500,0,0,150,3,150,3,2.46938e+06,148,2414.67,150,149
1863,1,500,0,0,150,3,150,3,2.42971e+06,148,2375,150,149
1864,1,500,0,0,150,3,150,3,2.34504e+06,148,2290.33,150,149
1865,1,500,0,0,150,3,150,3,2.25471e+06,148,2200,150,149
1866,1,500,0,0,150,3,150,3,2.43404e+06,148,2379.33,150,149
1867,1,500,0,0,150,3,150,3,2.43071e+06,148,2376,150,149
1868,1,500,0,0,150,3,150,3,2.48704e+06,148,2432.33,150,149
1869,1,500,0,0,150,3,150,3,2.67738e+06,148,2622.67,150,149
1870,1,500,0,0,150,3,150,3,2.56971e+06,148,2515,150,149
1871,1,500,0,0,150,3,150,3,2.45938e+06,148,2404.67,150,149
1872,1,500,0,0,150,3,150,3,2.51538e+06,148,2460.67,150,149
1873,1,500,0,0,150,3,150,3,2.50904e+06,148,2454.33,150,149
1874,1,500,0,0,150,3,150,3,2.44971e+06,148,2395,150,149
1875,1,500,0,0,150,3,150,3,2.44871e+06,148,2394,150,149
1876,1,500,0,0,150,3,150,3,2.43138e+06,148,2376.67,150,149
1877,1,500,0,0,150,3,150,3,2.48904e+06,148,2434.33,150,149
1878,1,500,0,0,150,3,150,3,2.36804e+06,148,2313.33,150,149
1879,1,500,0,0,150,3,150,3,2.33771e+06,148,2283,150,149
1880,1,500,0,0,150,3,150,3,2.60038e+06,148,2545.67,150,149
1881,1,500,0,0,150,3,150,3,2.19504e+06,148,2140.33,150,149
1882,1,500,0,0,150,3,150,3,2.39271e+06,148,2338,150,149
1883,1,500,0,0,150,3,150,3,2.56138e+06,148,2506.67,150,149
1884,1,500,0,0,150,3,150,3,2.45771e+06,148,2403,150,149
1885,1,500,0,0,150,3,150,3,2.67138e+06,148,2616.67,150,149
1886,1,500,0,0,150,3,150,3,2.56638e+06,148,2511.67,150,149
1887,1,500,0,0,150,3,150,3,2.33871e+06,148,2284,150,149
1888,1,500,0,0,150,3,150,3,2.42038e+06,148,2365.67,150,149
1889,1,500,0,0,150,3,150,3,2.54338e+06,148,2488.67,150,149
1890,1,500,0,0,150,3,150,3,2.52238e+06,148,2467.67,150,149
1891,1,500,0,0,150,3,150,3,2.51504e+06,148,2460.33,150,149
1892,1,500,0,0,150,3,150,3,2.34504e+06,148,2290.33,150,149
1893,1,500,0,0,150,3,150,3,2.45338e+06,148,2398.67,150,149
1894,1,500,0,0,150,3,150,3,2.39004e+06,148,2335.33,150,149
1895,1,500,0,0,150,3,150,3,2.62838e+06,148,2573.67,150,149
1896,1,500,0,0,150,3,150,3,2.47538e+06,148,2420.67,150,149
1897,1,500,0,0,150,3,150,3,2.51871e+06,148,2464,150,149
1898,1,500,0,0,150,3,150,3,2.52638e+06,148,2471.67,150,149
1899,1,500,0,0,150,3,150,3,2.39238e+06,148,2337.67,150,149
1900,1,500,0,0,150,3,150,3,2.55204e+06,148,2497.33,150,149
1901,1,500,0,0,150,3,150,3,2.53938e+06,148,2484.67,150,149
1902,1,500,0,0,150,3,150,3,2.56771e+06,148,2513,150,149
1903,1,500,0,0,150,3,150,3,2.65804e+06,148,2603.33,150,149
1904,1,500,0,0,150,3,150,3,2.42004e+06,148,2365.33,150,149
1905,1,500,0,0,150,3,150,3,2.56204e+06,148,2507.33,150,149
1906,1,500,0,0,150,3,150,3,2.43871e+06,148,2384,150,149
1907,1,500,0,0,150,3,150,3,2.54238e+06,148,2487.67,150,149
1908,1,500,0,0,150,3,150,3,2.54104e+06,148,2486.33,150,149
1909,1,500,0,0,150,3,150,3,2.41471e+06,148,2360,150,149
1910,1,500,0,0,150,3,150,3,2.27771e+06,148,2223,150,149
1911,1,500,0,0,150,3,150,3,2.49338e+06,148,2438.67,150,149
1912,1,500,0,0,150,3,150,3,2.57238e+06,148,2517.67,150,149
1913,1,500,0,0,150,3,150,3,2.54871e+06,148,2494,150,149
1914,1,500,0,0,150,3,150,3,2.52771e+06,148,2473,150,149
1915,1,500,0,0,150,3,150,3,2.61538e+06,148,2560.67,150,149
1916,1,500,0,0,150,3,150,3,2.60638e+06,148,2551.67,150,149
1917,1,500,0,0,150,3,150,3,2.38938e+06,148,2334.67,150,149
1918,1,500,0,0,150,3,150,3,2.57504e+06,148,2520.33,150,149
1919,1,500,0,0,150,3,150,3,2.53471e+06,148,2480,150,149
1920,1,500,0,0,150,3,150,3,2.62904e+06,148,2574.33,150,149
1921,1,500,0,0,150,3,150,3,2.60038e+06,148,2545.67,150,149
1922,1,500,0,0,150,3,150,3,2.34138e+06,148,2286.67,150,149
1923,1,500,0,0,150,3,150,3,2.58138e+06,148,2526.67,150,149
1924,1,500,0,0,150,3,150,3,2.51071e+06,148,2456,150,149
1925,1,500,0,0,150,3,150,3,2.55571e+06,148,2501,150,149
1926,1,500,0,0,150,3,150,3,2.65104e+06,148,2596.33,150,149
1927,1,500,0,0,150,3,150,3,2.61904e+06,148,2564.33,150,149
1928,1,500,0,0,150,3,150,3,2.38138e+06,148,2326.67,150,149
1929,1,500,0,0,150,3,150,3,2.41304e+06,148,2358.33,150,149
1930,1,500,0,0,150,3,150,3,2.44938e+06,148,2394.67,150,149
1931,1,500,0,0,150,3,150,3,2.60271e+06,148,2548,150,149
1932,1,500,0,0,150,3,150,3,2.45571e+06,148,2401,150,149
1933,1,500,0,0,150,3,150,3,2.26304e+06,148,2208.33,150,149
1934,1,500,0,0,150,3,150,3,2.31804e+06,148,2263.33,150,149
1935,1,500,0,0,150,3,150,3,2.43604e+06,148,2381.33,150,149
1936,1,500,0,0,150,3,150,3,2.50138e+06,148,2446.67,150,149
1937,1,500,0,0,150,3,150,3,2.41404e+06,148,2359.33,150,149
1938,1,500,0,0,150,3,150,3,2.43404e+06,148,2379.33,150,149
1939,1,500,0,0,150,3,150,3,2.50804e+06,148,2453.33,150,149
1940,1,500,0,0,150,3,150,3,2.52904e+06,148,2474.33,150,149
1941,1,500,0,0,150,3,150,3,2.44238e+06,148,2387.67,150,149
1942,1,500,0,0,150,3,150,3,2.37871e+06,148,2324,150,149
1943,1,500,0,0,150,3,150,3,2.27838e+06,148,2223.67,150,149
1944,1,500,0,0,150,3,150,3,2.62304e+06,148,2568.33,150,149
1945,1,500,0,0,150,3,150,3,2.47704e+06,148,2422.33,150,149
1946,1,500,0,0,150,3,150,3,2.50304e+06,148,2448.33,150,149
1947,1,500,0,0,150,3,150,3,2.37004e+06,148,2315.33,150,149
1948,1,500,0,0,150,3,150,3,2.42038e+06,148,2365.67,150,149
1949,1,500,0,0,150,3,150,3,2.42004e+06,148,2365.33,150,149
1950,1,500,0,0,150,3,150,3,2.44338e+06,148,2388.67,150,149
1951,1,500,0,0,150,3,150,3,2.68504e+06,148,2630.33,150,149
1952,1,500,0,0,150,3,150,3,2.54704e+06,148,2492.33,150,149
1953,1,500,0,0,150,3,150,3,2.42438e+06,148,2369.67,150,149
1954,1,500,0,0,150,3,150,3,2.52971e+06,148,2475,150,149
1955,1,500,0,0,150,3,150,3,2.45538e+06,148,2400.67,150,149
1956,1,500,0,0,150,3,150,3,2.60504e+06,148,2550.33,150,149
1957,1,500,0,0,150,3,150,3,2.42571e+06,148,2371,150,149
1958,1,500,0,0,150,3,150,3,2.52971e+06,148,2475,150,149
1959,1,500,0,0,150,3,150,3,2.34604e+06,148,2291.33,150,149
1960,1,500,0,0,150,3,150,3,2.26738e+06,148,2212.67,150,149
1961,1,500,0,0,150,3,150,3,2.44838e+06,148,2393.67,150,149
1962,1,500,0,0,150,3,150,3,2.36971e+06,148,2315,150,149
1963,1,500,0,0,150,3,150,3,2.52504e+06,148,2470.33,150,149
1964,1,500,0,0,150,3,150,3,2.56271e+06,148,2508,150,149
1965,1,500,0,0,150,3,150,3,2.44938e+06,148,2394.67,150,149
1966,1,500,0,0,150,3,150,3,2.40271e+06,148,2348,150,149
1967,1,500,0,0,150,3,150,3,2.24738e+06,148,2192.67,150,149
1968,1,500,0,0,150,3,150,3,2.43938e+06,148,2384.67,150,149
1969,1,500,0,0,150,3,150,3,2.57504e+06,148,2520.33,150,149
1970,1,500,0,0,150,3,150,3,2.51671e+06,148,2462,150,149
1971,1,500,0,0,150,3,150,3,2.35571e+06,148,2301,150,149
1972,1,500,0,0,150,3,150,3,2.33538e+06,148,2280.67,150,149
1973,1,500,0,0,150,3,150,3,2.47638e+06,148,2421.67,150,149
1974,1,500,0,0,150,3,150,3,2.39904e+06,148,2344.33,150,149
1975,1,500,0,0,150,3,150,3,2.47004e+06,148,2415.33,150,149
1976,1,500,0,0,150,3,150,3,2.23404e+06,148,2179.33,150,149
1977,1,500,0,0,150,3,150,3,2.40004e+06,148,2345.33,150,149
1978,1,500,0,0,150,3,150,3,2.34271e+06,148,2288,150,149
1979,1,500,0,0,150,3,150,3,2.38704e+06,148,2332.33,150,149
1980,1,500,0,0,150,3,150,3,2.38004e+06,148,2325.33,150,149
1981,1,500,0,0,150,3,150,3,2.49571e+06,148,2441,150,149
1982,1,500,0,0,150,3,150,3,2.62204e+06,148,2567.33,150,149
1983,1,500,0,0,150,3,150,3,2.54338e+06,148,2488.67,150,149
1984,1,500,0,0,150,3,150,3,2.43238e+06,148,2377.67,150,149
1985,1,500,0,0,150,3,150,3,2.47104e+06,148,2416.33,150,149
1986,1,500,0,0,150,3,150,3,2.59871e+06,148,2544,150,149
1987,1,500,0,0,150,3,150,3,2.59471e+06,148,2540,150,149
1988,1,500,0,0,150,3,150,3,2.48438e+06,148,2429.67,150,149
1989,1,500,0,0,150,3,150,3,2.51204e+06,148,2457.33,150,149
1990,1,500,0,0,150,3,150,3,2.66438e+06,148,2609.67,150,149
1991,1,500,0,0,150,3,150,3,2.51238e+06,148,2457.67,150,149
1992,1,500,0,0,150,3,150,3,2.58804e+06,148,2533.33,150,149
1993,1,500,0,0,150,3,150,3,2.19538e+06,148,2140.67,150,149
1994,1,500,0,0,150,3,150,3,2.53638e+06,148,2481.67,150,149
1995,1,500,0,0,150,3,150,3,2.63271e+06,148,2578,150,149
1996,1,500,0,0,150,3,150,3,2.24138e+06,148,2186.67,150,149
1997,1,500,0,0,150,3,150,3,2.37138e+06,148,2316.67,150,149
1998,1,500,0,0,150,3,150,3,2.50271e+06,148,2448,150,149
1999,1,500,0,0,150,3,150,3,2.54104e+06,148,2486.33,150,149
2000,1,500,0,0,150,3,150,3,2.55638e+06,148,2501.67,150,149
2001,1,500,0,0,150,3,150,3,2.61004e+06,148,2555.33,150,149
2002,1,500,0,0,150,3,150,3,2.39804e+06,148,2343.33,150,149
2003,1,500,0,0,150,3,150,3,2.65604e+06,148,2601.33,150,149
2004,1,500,0,0,150,3,150,3,2.57804e+06,148,2523.33,150,149
2005,1,500,0,0,150,3,150,3,2.64638e+06,148,2591.67,150,149
2006,1,500,0,0,150,3,150,3,2.53071e+06,148,2476,150,149
2007,1,500,0,0,150,3,150,3,2.50338e+06,148,2448.67,150,149
2008,1,500,0,0,150,3,150,3,2.47338e+06,148,2418.67,150,149
2009,1,500,0,0,150,3,150,3,2.49271e+06,148,2438,150,149
2010,1,500,0,0,150,3,150,3,2.36504e+06,148,2310.33,150,149
2011,1,500,0,0,150,3,150,3,2.44071e+06,148,2386,150,149
2012,1,500,0,0,150,3,150,3,2.58038e+06,148,2525.67,150,149
2013,1,500,0,0,150,3,150,3,2.65704e+06,148,2602.33,150,149
2014,1,500,0,0,150,3,150,3,2.52071e+06,148,2466,150,149
2015,1,500,0,0,150,3,150,3,2.48404e+06,148,2429.33,150,149
2016,1,500,0,0,150,3,150,3,2.48871e+06,148,2434,150,149
2017,1,500,0,0,150,3,150,3,2.57271e+06,148,2518,150,149
2018,1,500,0,0,150,3,150,3,2.50304e+06,148,2448.33,150,149
2019,1,500,0,0,150,3,150,3,2.40438e+06,148,2349.67,150,149
2020,1,500,0,0,150,3,150,3,2.53971e+06,148,2485,150,149
2021,1,500,0,0,150,3,150,3,2.67171e+06,148,2617,150,149
2022,1,500,0,0,150,3,150,3,2.59404e+06,148,2539.33,150,149
2023,1,500,0,0,150,3,150,3,2.42971e+06,148,2375,150,149
2024,1,500,0,0,150,3,150,3,2.63738e+06,148,2582.67,150,149
2025,1,500,0,0,150,3,150,3,2.48371e+06,148,2429,150,149
2026,1,500,0,0,150,3,150,3,2.57971e+06,148,2525,150,149
2027,1,500,0,0,150,3,150,3,2.41971e+06,148,2365,150,149
2028,1,500,0,0,150,3,150,3,2.62571e+06,148,2571,150,149
2029,1,500,0,0,150,3,150,3,2.55104e+06,148,2496.33,150,149
2030,1,500,0,0,150,3,150,3,2.57238e+06,148,2517.67,150,149
2031,1,500,0,0,150,3,150,3,2.55704e+06,148,2502.33,150,149
2032,1,500,0,0,150,3,150,3,2.50604e+06,148,2451.33,150,149
2033,1,500,0,0,150,3,150,3,2.52471e+06,148,2470,150,149
2034,1,500,0,0,150,3,150,3,2.58138e+06,148,2526.67,150,149
2035,1,500,0,0,150,3,150,3,2.39804e+06,148,2343.33,150,149
2036,1,500,0,0,150,3,150,3,2.47771e+06,148,2423,150,149
2037,1,500,0,0,150,3,150,3,2.43304e+06,148,2378.33,150,149
2038,1,500,0,0,150,3,150,3,2.43538e+06,148,2380.67,150,149
2039,1,500,0,0,150,3,150,3,2.60471e+06,148,2550,150,149
2040,1,500,0,0,150,3,150,3,2.47938e+06,148,2424.67,150,149
2041,1,500,0,0,150,3,150,3,2.37571e+06,148,2321,150,149
2042,1,500,0,0,150,3,150,3,2.34171e+06,148,2287,150,149
2043,1,500,0,0,150,3,150,3,2.28338e+06,148,2228.67,150,149
2044,1,500,0,0,150,3,150,3,2.52938e+06,148,2474.67,150,149
2045,1,500,0,0,150,3,150,3,2.48071e+06,148,2426,150,149
2046,1,500,0,0,150,3,150,3,2.47704e+06,148,2422.33,150,149
2047,1,500,0,0,150,3,150,3,2.57638e+06,148,2521.67,150,149
2048,1,500,0,0,150,3,150,3,2.48304e+06,148,2428.33,150,149
2049,1,500,0,0,150,3,150,3,2.35204e+06,148,2297.33,150,149
2050,1,500,0,0,150,3,150,3,2.54271e+06,148,2488,150,149
2051,1,500,0,0,150,3,150,3,2.59771e+06,148,2543,150,149
2052,1,500,0,0,150,3,150,3,2.56538e+06,148,2510.67,150,149
2053,1,500,0,0,150,3,150,3,2.44338e+06,148,2388.67,150,149
2054,1,500,0,0,150,3,150,3,2.41804e+06,148,2363.33,150,149
2055,1,500,0,0,150,3,150,3,2.59871e+06,148,2544,150,149
2056,1,500,0,0,150,3,150,3,2.52404e+06,148,2469.33,150,149
2057,1,500,0,0,150,3,150,3,2.14704e+06,148,2092.33,150,149
2058,1,500,0,0,150,3,150,3,2.49804e+06,148,2443.33,150,149
2059,1,500,0,0,150,3,150,3,2.41438e+06,148,2359.67,150,149
2060,1,500,0,0,150,3,150,3,2.53371e+06,148,2479,150,149
2061,1,500,0,0,150,3,150,3,2.56038e+06,148,2505.67,150,149
2062,1,500,0,0,150,3,150,3,2.65604e+06,148,2601.33,150,149
2063,1,500,0,0,150,3,150,3,2.39871e+06,148,2344,150,149
2064,1,500,0,0,150,3,150,3,2.44271e+06,148,2388,150,149
2065,1,500,0,0,150,3,150,3,2.49538e+06,148,2440.67,150,149
2066,1,500,0,0,150,3,150,3,2.51804e+06,148,2463.33,150,149
2067,1,500,0,0,150,3,150,3,2.53104e+06,148,2476.33,150,149
2068,1,500,0,0,150,3,150,3,2.58504e+06,148,2530.33,150,149
2069,1,500,0,0,150,3,150,3,2.52504e+06,148,2470.33,150,149
2070,1,500,0,0,150,3,150,3,2.19138e+06,148,2136.67,150,149
2071,1,500,0,0,150,3,150,3,2.62471e+06,148,2570,150,149
2072,1,500,0,0,150,3,150,3,2.53571e+06,148,2481,150,149
2073,1,500,0,0,150,3,150,3,2.63071e+06,148,2576,150,149
2074,1,500,0,0,150,3,150,3,2.64238e+06,148,2587.67,150,149
2075,1,500,0,0,150,3,150,3,2.67671e+06,148,2622,150,149
2076,1,500,0,0,150,3,150,3,2.47238e+06,148,2417.67,150,149
2077,1,500,0,0,150,3,150,3,2.54904e+06,148,2494.33,150,149
2078,1,500,0,0,150,3,150,3,2.34138e+06,148,2286.67,150,149
2079,1,500,0,0,150,3,150,3,2.68204e+06,148,2627.33,150,149
2080,1,500,0,0,150,3,150,3,2.31471e+06,148,2260,150,149
2081,1,500,0,0,150,3,150,3,2.44004e+06,148,2385.33,150,149
2082,1,500,0,0,150,3,150,3,2.52271e+06,148,2468,150,149
2083,1,500,0,0,150,3,150,3,2.52571e+06,148,2471,150,149
2084,1,500,0,0,150,3,150,3,2.47371e+06,148,2419,150,149
2085,1,500,0,0,150,3,150,3,2.42071e+06,148,2366,150,149
2086,1,500,0,0,150,3,150,3,2.52338e+06,148,2468.67,150,149
2087,1,500,0,0,150,3,150,3,2.49638e+06,148,2441.67,150,149
2088,1,500,0,0,150,3,150,3,2.56271e+06,148,2508,150,149
2089,1,500,0,0,150,3,150,3,2.59538e+06,148,2540.67,150,149
2090,1,500,0,0,150,3,150,3,2.59638e+06,148,2541.67,150,149
2091,1,500,0,0,150,3,150,3,2.35871e+06,148,2304,150,149
2092,1,500,0,0,150,3,150,3,2.39204e+06,148,2337.33,150,149
2093,1,500,0,0,150,3,150,3,2.38871e+06,148,2334,150,149
2094,1,500,0,0,150,3,150,3,2.35804e+06,148,2303.33,150,149
2095,1,500,0,0,150,3,150,3,2.23638e+06,148,2181.67,150,149
2096,1,500,0,0,150,3,150,3,2.58304e+06,148,2528.33,150,149
2097,1,500,0,0,150,3,150,3,2.32004e+06,148,2265.33,150,149
2098,1,500,0,0,150,3,150,3,2.39404e+06,148,2339.33,150,149
2099,1,500,0,0,150,3,150,3,2.63971e+06,148,2585,150,149
2100,1,500,0,0,150,3,150,3,2.42938e+06,148,2374.67,150,149
2101,1,500,0,0,150,3,150,3,2.44038e+06,148,2385.67,150,149
2102,1,500,0,0,150,3,150,3,2.28004e+06,148,2225.33,150,149
2103,1,500,0,0,150,3,150,3,2.43271e+06,148,2378,150,149
2104,1,500,0,0,150,3,150,3,2.51104e+06,148,2456.33,150,149
2105,1,500,0,0,150,3,150,3,2.53971e+06,148,2485,150,149
2106,1,500,0,0,150,3,150,3,2.43771e+06,148,2383,150,149
2107,1,500,0,0,150,3,150,3,2.49971e+06,148,2445,150,149
2108,1,500,0,0,150,3,150,3,2.32804e+06,148,2273.33,150,149
2109,1,500,0,0,150,3,150,3,2.61238e+06,148,2557.67,150,149
2110,1,500,0,0,150,3,150,3,2.38238e+06,148,2327.67,150,149
2111,1,500,0,0,150,3,150,3,2.41071e+06,148,2356,150,149
2112,1,500,0,0,150,3,150,3,2.51471e+06,148,2460,150,149
2113,1,500,0,0,150,3,150,3,2.49438e+06,148,2439.67,150,149
2114,1,500,0,0,150,3,150,3,2.72671e+06,148,2672,150,149
2115,1,500,0,0,150,3,150,3,2.51038e+06,148,2455.67,150,149
2116,1,500,0,0,150,3,150,3,2.79204e+06,148,2737.33,150,149
2117,1,500,0,0,150,3,150,3,2.37071e+06,148,2316,150,149
2118,1,500,0,0,150,3,150,3,2.42904e+06,148,2374.33,150,149
2119,1,500,0,0,150,3,150,3,2.47071e+06,148,2416,150,149
2120,1,500,0,0,150,3,150,3,2.60938e+06,148,2554.67,150,149
2121,1,500,0,0,150,3,150,3,2.48604e+06,148,2431.33,150,149
2122,1,500,0,0,150,3,150,3,2.45204e+06,148,2397.33,150,149
2123,1,500,0,0,150,3,150,3,2.45438e+06,148,2399.67,150,149
2124,1,500,0,0,150,3,150,3,2.58004e+06,148,2525.33,150,149
2125,1,500,0,0,150,3,150,3,2.56538e+06,148,2510.67,150,149
2126,1,500,0,0,150,3,150,3,2.71504e+06,148,2660.33,150,149
2127,1,500,0,0,150,3,150,3,2.58638e+06,148,2531.67,150,149
2128,1,500,0,0,150,3,150,3,2.43571e+06,148,2381,150,149
2129,1,500,0,0,150,3,150,3,2.70404e+06,148,2649.33,150,149
2130,1,500,0,0,150,3,150,3,2.54971e+06,148,2495,150,149
2131,1,500,0,0,150,3,150,3,2.48071e+06,148,2426,150,149
2132,1,500,0,0,150,3,150,3,2.48904e+06,148,2434.33,150,149
2133,1,500,0,0,150,3,150,3,2.45804e+06,148,2403.33,150,149
2134,1,500,0,0,150,3,150,3,2.57904e+06,148,2524.33,150,149
2135,1,500,0,0,150,3,150,3,2.43604e+06,148,2381.33,150,149
2136,1,500,0,0,150,3,150,3,2.67438e+06,148,2619.67,150,149
2137,1,500,0,0,150,3,150,3,2.68538e+06,148,2630.67,150,149
2138,1,500,0,0,150,3,150,3,2.23738e+06,148,2182.67,150,149
2139,1,500,0,0,150,3,150,3,2.31738e+06,148,2262.67,150,149
2140,1,500,0,0,150,3,150,3,2.44738e+06,148,2392.67,150,149
2141,1,500,0,0,150,3,150,3,2.50038e+06,148,2445.67,150,149
2142,1,500,0,0,150,3,150,3,2.43304e+06,148,2378.33,150,149
2143,1,500,0,0,150,3,150,3,2.44271e+06,148,2388,150,149
2144,1,500,0,0,150,3,150,3,2.78371e+06,148,2729,150,149
2145,1,500,0,0,150,3,150,3,2.61171e+06,148,2557,150,149
2146,1,500,0,0,150,3,150,3,2.54471e+06,148,2490,150,149
2147,1,500,0,0,150,3,150,3,2.46904e+06,148,2414.33,150,149
2148,1,500,0,0,150,3,150,3,2.60804e+06,148,2553.33,150,149
2149,1,500,0,0,150,3,150,3,2.38038e+06,148,2325.67,150,149
2150,1,500,0,0,150,3,150,3,2.45304e+06,148,2398.33,150,149
2151,1,500,0,0,150,3,150,3,2.61404e+06,148,2559.33,150,149
2152,1,500,0,0,150,3,150,3,2.53338e+06,148,2478.67,150,149
2153,1,500,0,0,150,3,150,3,2.50238e+06,148,2447.67,150,149
2154,1,500,0,0,150,3,150,3,2.46004e+06,148,2405.33,150,149
2155,1,500,0,0,150,3,150,3,2.43404e+06,148,2379.33,150,149
2156,1,500,0,0,150,3,150,3,2.43871e+06,148,2384,150,149
2157,1,500,0,0,150,3,150,3,2.64271e+06,148,2588,150,149
2158,1,500,0,0,150,3,150,3,2.45104e+06,148,2396.33,150,149
2159,1,500,0,0,150,3,150,3,2.49604e+06,148,2441.33,150,149
2160,1,500,0,0,150,3,150,3,2.53638e+06,148,2481.67,150,149
2161,1,500,0,0,150,3,150,3,2.49871e+06,148,2444,150,149
2162,1,500,0,0,150,3,150,3,2.35871e+06,148,2304,150,149
2163,1,500,0,0,150,3,150,3,2.49738e+06,148,2442.67,150,149
2164,1,500,0,0,150,3,150,3,2.37771e+06,148,2323,150,149
2165,1,500,0,0,150,3,150,3,2.45238e+06,148,2397.67,150,149
2166,1,500,0,0,150,3,150,3,2.19471e+06,148,2140,150,149
2167,1,500,0,0,150,3,150,3,2.59038e+06,148,2535.67,150,149
2168,1,500,0,0,150,3,150,3,2.40171e+06,148,2347,150,149
2169,1,500,0,0,150,3,150,3,2.61904e+06,148,2564.33,150,149
2170,1,500,0,0,150,3,150,3,2.59371e+06,148,2539,150,149
2171,1,500,0,0,150,3,150,3,2.31338e+06,148,2258.67,150,149
2172,1,500,0,0,150,3,150,3,2.57204e+06,148,2517.33,150,149
2173,1,500,0,0,150,3,150,3,2.36338e+06,148,2308.67,150,149
2174,1,500,0,0,150,3,150,3,2.43404e+06,148,2379.33,150,149
2175,1,500,0,0,150,3,150,3,2.22071e+06,148,2166,150,149
2176,1,500,0,0,150,3,150,3,2.33871e+06,148,2284,150,149
2177,1,500,0,0,150,3,150,3,2.39871e+06,148,2344,150,149
2178,1,500,0,0,150,3,150,3,2.37904e+06,148,2324.33,150,149
2179,1,500,0,0,150,3,150,3,2.51071e+06,148,2456,150,149
2180,1,500,0,0,150,3,150,3,2.46871e+06,148,2414,150,149
2181,1,500,0,0,150,3,150,3,2.43438e+06,148,2379.67,150,149
2182,1,500,0,0,150,3,150,3,2.42171e+06,148,2367,150,149
2183,1,500,0,0,150,3,150,3,2.36771e+06,148,2313,150,149
2184,1,500,0,0,150,3,150,3,2.61204e+06,148,2557.33,150,149
2185,1,500,0,0,150,3,150,3,2.60704e+06,148,2552.33,150,149
2186,1,500,0,0,150,3,150,3,2.57438e+06,148,2519.67,150,149
2187,1,500,0,0,150,3,150,3,2.54971e+06,148,2495,150,149
2188,1,500,0,0,150,3,150,3,2.54438e+06,148,2489.67,150,149
2189,1,500,0,0,150,3,150,3,2.48604e+06,148,2431.33,150,149
2190,1,500,0,0,150,3,150,3,2.44238e+06,148,2387.67,150,149
2191,1,500,0,0,150,3,150,3,2.48238e+06,148,2427.67,150,149
2192,1,500,0,0,150,3,150,3,2.56771e+06,148,2513,150,149
2193,1,500,0,0,150,3,150,3,2.50771e+06,148,2453,150,149
2194,1,500,0,0,150,3,150,3,2.54404e+06,148,2489.33,150,149
2195,1,500,0,0,150,3,150,3,2.49671e+06,148,2442,150,149
2196,1,500,0,0,150,3,150,3,2.48338e+06,148,2428.67,150,149
2197,1,500,0,0,150,3,150,3,2.47171e+06,148,2417,150,149
2198,1,500,0,0,150,3,150,3,2.38838e+06,148,2333.67,150,149
2199,1,500,0,0,150,3,150,3,2.64304e+06,148,2588.33,150,149
2200,1,500,0,0,150,3,150,3,2.41071e+06,148,2356,150,149
2201,1,500,0,0,150,3,150,3,2.54071e+06,148,2486,150,149
2202,1,500,0,0,150,3,150,3,2.57471e+06,148,2520,150,149
2203,1,500,0,0,150,3,150,3,2.52971e+06,148,2475,150,149
2204,1,500,0,0,150,3,150,3,2.66671e+06,148,2612,150,149
2205,1,500,0,0,150,3,150,3,2.26904e+06,148,2214.33,150,149
2206,1,500,0,0,150,3,150,3,2.69738e+06,148,2642.67,150,149
2207,1,500,0,0,150,3,150,3,2.40071e+06,148,2346,150,149
2208,1,500,0,0,150,3,150,3,2.42071e+06,148,2366,150,149
2209,1,500,0,0,150,3,150,3,2.38504e+06,148,2330.33,150,149
2210,1,500,0,0,150,3,150,3,2.48104e+06,148,2426.33,150,149
2211,1,500,0,0,150,3,150,3,2.51704e+06,148,2462.33,150,149
2212,1,500,0,0,150,3,150,3,2.51738e+06,148,2462.67,150,149
2213,1,500,0,0,150,3,150,3,2.51304e+06,148,2458.33,150,149
2214,1,500,0,0,150,3,150,3,2.56904e+06,148,2514.33,150,149
2215,1,500,0,0,150,3,150,3,2.43904e+06,148,2384.33,150,149
2216,1,500,0,0,150,3,150,3,2.37738e+06,148,2322.67,150,149
2217,1,500,0,0,150,3,150,3,2.63271e+06,148,2578,150,149
2218,1,500,0,0,150,3,150,3,2.48904e+06,148,2434.33,150,149
2219,1,500,0,0,150,3,150,3,2.33771e+06,148,2283,150,149
2220,1,500,0,0,150,3,150,3,2.43371e+06,148,2379,150,149
2221,1,500,0,0,150,3,150,3,2.24538e+06,148,2190.67,150,149
2222,1,500,0,0,150,3,150,3,2.54504e+06,148,2490.33,150,149
2223,1,500,0,0,150,3,150,3,2.59338e+06,148,2538.67,150,149
2224,1,500,0,0,150,3,150,3,2.64904e+06,148,2594.33,150,149
2225,1,500,0,0,150,3,150,3,2.59004e+06,148,2535.33,150,149
2226,1,500,0,0,150,3,150,3,2.34138e+06,148,2286.67,150,149
2227,1,500,0,0,150,3,150,3,2.60704e+06,148,2552.33,150,149
2228,1,500,0,0,150,3,150,3,2.51671e+06,148,2462,150,149
2229,1,500,0,0,150,3,150,3,2.44038e+06,148,2385.67,150,149
2230,1,500,0,0,150,3,150,3,2.70238e+06,148,2647.67,150,149
2231,1,500,0,0,150,3,150,3,2.48538e+06,148,2430.67,150,149
2232,1,500,0,0,150,3,150,3,2.49204e+06,148,2437.33,150,149
2233,1,500,0,0,150,3,150,3,2.51738e+06,148,2462.67,150,149
2234,1,500,0,0,150,3,150,3,2.42238e+06,148,2367.67,150,149
2235,1,500,0,0,150,3,150,3,2.49238e+06,148,2437.67,150,149
2236,1,500,0,0,150,3,150,3,2.44004e+06,148,2385.33,150,149
2237,1,500,0,0,150,3,150,3,2.58171e+06,148,2527,150,149
2238,1,500,0,0,150,3,150,3,2.50171e+06,148,2447,150,149
2239,1,500,0,0,150,3,150,3,2.54438e+06,148,2489.67,150,149
2240,1,500,0,0,150,3,150,3,2.32938e+06,148,2274.67,150,149
2241,1,500,0,0,150,3,150,3,2.56671e+06,148,2512,150,149
2242,1,500,0,0,150,3,150,3,2.50271e+06,148,2448,150,149
2243,1,500,0,0,150,3,150,3,2.41671e+06,148,2362,150,149
2244,1,500,0,0,150,3,150,3,2.54138e+06,148,2486.67,150,149
2245,1,500,0,0,150,3,150,3,2.56471e+06,148,2510,150,149
2246,1,500,0,0,150,3,150,3,2.59171e+06,148,2537,150,149
2247,1,500,0,0,150,3,150,3,2.55438e+06,148,2499.67,150,149
2248,1,500,0,0,150,3,150,3,2.48071e+06,148,2426,150,149
2249,1,500,0,0,150,3,150,3,2.52904e+06,148,2474.33,150,149
2250,1,500,0,0,150,3,150,3,2.43238e+06,148,2377.67,150,149
2251,1,500,0,0,150,3,150,3,2.57938e+06,148,2524.67,150,149
2252,1,500,0,0,150,3,150,3,2.45538e+06,148,2400.67,150,149
2253,1,500,0,0,150,3,150,3,2.45338e+06,148,2398.67,150,149
2254,1,500,0,0,150,3,150,3,2.50471e+06,148,2450,150,149
2255,1,500,0,0,150,3,150,3,2.39971e+06,148,2345,150,149
2256,1,500,0,0,150,3,150,3,2.54304e+06,148,2488.33,150,149
2257,1,500,0,0,150,3,150,3,2.36471e+06,148,2310,150,149
2258,1,500,0,0,150,3,150,3,2.56071e+06,148,2506,150,149
2259,1,500,0,0,150,3,150,3,2.59238e+06,148,2537.67,150,149
2260,1,500,0,0,150,3,150,3,2.27704e+06,148,2222.33,150,149
2261,1,500,0,0,150,3,150,3,2.43038e+06,148,2375.67,150,149
2262,1,500,0,0,150,3,150,3,2.47971e+06,148,2425,150,149
2263,1,500,0,0,150,3,150,3,2.51671e+06,148,2462,150,149
2264,1,500,0,0,150,3,150,3,2.40604e+06,148,2351.33,150,149
2265,1,500,0,0,150,3,150,3,2.58671e+06,148,2532,150,149
2266,1,500,0,0,150,3,150,3,2.33271e+06,148,2278,150,149
2267,1,500,0,0,150,3,150,3,2.48971e+06,148,2435,150,149
2268,1,500,0,0,150,3,150,3,2.50238e+06,148,2447.67,150,149
2269,1,500,0,0,150,3,150,3,2.31371e+06,148,2259,150,149
2270,1,500,0,0,150,3,150,3,2.52804e+06,148,2473.33,150,149
2271,1,500,0,0,150,3,150,3,2.50304e+06,148,2448.33,150,149
2272,1,500,0,0,150,3,150,3,2.43038e+06,148,2375.67,150,149
2273,1,500,0,0,150,3,150,3,2.45171e+06,148,2397,150,149
2274,1,500,0,0,150,3,150,3,2.42738e+06,148,2372.67,150,149
2275,1,500,0,0,150,3,150,3,2.71404e+06,148,2659.33,150,149
2276,1,500,0,0,150,3,150,3,2.63604e+06,148,2581.33,150,149
2277,1,500,0,0,150,3,150,3,2.45738e+06,148,2402.67,150,149
2278,1,500,0,0,150,3,150,3,2.47204e+06,148,2417.33,150,149
2279,1,500,0,0,150,3,150,3,2.79504e+06,148,2740.33,150,149
2280,1,500,0,0,150,3,150,3,2.50171e+06,148,2447,150,149
2281,1,500,0,0,150,3,150,3,2.42504e+06,148,2370.33,150,149
2282,1,500,0,0,150,3,150,3,2.33338e+06,148,2278.67,150,149
2283,1,500,0,0,150,3,150,3,2.42138e+06,148,2366.67,150,149
2284,1,500,0,0,150,3,150,3,2.24671e+06,148,2192,150,149
2285,1,500,0,0,150,3,150,3,2.30371e+06,148,2249,150,149
2286,1,500,0,0,150,3,150,3,2.53904e+06,148,2484.33,150,149
2287,1,500,0,0,150,3,150,3,2.63338e+06,148,2578.67,150,149
2288,1,500,0,0,150,3,150,3,2.42638e+06,148,2371.67,150,149
2289,1,500,0,0,150,3,150,3,2.61604e+06,148,2561.33,150,149
2290,1,500,0,0,150,3,150,3,2.45638e+06,148,2401.67,150,149
2291,1,500,0,0,150,3,150,3,2.48904e+06,148,2434.33,150,149
2292,1,500,0,0,150,3,150,3,2.52204e+06,148,2467.33,150,149
2293,1,500,0,0,150,3,150,3,2.47571e+06,148,2421,150,149
2294,1,500,0,0,150,3,150,3,2.57871e+06,148,2524,150,149
2295,1,500,0,0,150,3,150,3,2.57304e+06,148,2518.33,150,149
2296,1,500,0,0,150,3,150,3,2.49238e+06,148,2437.67,150,149
2297,1,500,0,0,150,3,150,3,2.41171e+06,148,2357,150,149
2298,1,500,0,0,150,3,150,3,2.66704e+06,148,2612.33,150,149
2299,1,500,0,0,150,3,150,3,2.34771e+06,148,2293,150,149
2300,1,500,0,0,150,3,150,3,2.45671e+06,148,2402,150,149
2301,1,500,0,0,150,3,150,3,2.53338e+06,148,2478.67,150,149
2302,1,500,0,0,150,3,150,3,2.43038e+06,148,2375.67,150,149
2303,1,500,0,0,150,3,150,3,2.45638e+06,148,2401.67,150,149
2304,1,500,0,0,150,3,150,3,2.48271e+06,148,2428,150,149
2305,1,500,0,0,150,3,150,3,2.33604e+06,148,2281.33,150,149
2306,1,500,0,0,150,3,150,3,2.88438e+06,148,2829.67,150,149
2307,1,500,0,0,150,3,150,3,2.69671e+06,148,2642,150,149
2308,1,500,0,0,150,3,150,3,2.52338e+06,148,2468.67,150,149
2309,1,500,0,0,150,3,150,3,2.48771e+06,148,2433,150,149
2310,1,500,0,0,150,3,150,3,2.57804e+06,148,2523.33,150,149
2311,1,500,0,0,150,3,150,3,2.53538e+06,148,2480.67,150,149
2312,1,500,0,0,150,3,150,3,2.19871e+06,148,2144,150,149
2313,1,500,0,0,150,3,150,3,2.39504e+06,148,2340.33,150,149
2314,1,500,0,0,150,3,150,3,2.43671e+06,148,2382,150,149
2315,1,500,0,0,150,3,150,3,2.23638e+06,148,2181.67,150,149
2316,1,500,0,0,150,3,150,3,2.67404e+06,148,2619.33,150,149
2317,1,500,0,0,150,3,150,3,2.66471e+06,148,2610,150,149
2318,1,500,0,0,150,3,150,3,2.42538e+06,148,2370.67,150,149
2319,1,500,0,0,150,3,150,3,2.59038e+06,148,2535.67,150,149
2320,1,500,0,0,150,3,150,3,2.43138e+06,148,2376.67,150,149
2321,1,500,0,0,150,3,150,3,2.43504e+06,148,2380.33,150,149
2322,1,500,0,0,150,3,150,3,2.53904e+06,148,2484.33,150,149
2323,1,500,0,0,150,3,150,3,2.52904e+06,148,2474.33,150,149
2324,1,500,0,0,150,3,150,3,2.42004e+06,148,2365.33,150,149
2325,1,500,0,0,150,3,150,3,2.38804e+06,148,2333.33,150,149
2326,1,500,0,0,150,3,150,3,2.52304e+06,148,2468.33,150,149
2327,1,500,0,0,150,3,150,3,2.45804e+06,148,2403.33,150,149
2328,1,500,0,0,150,3,150,3,2.45604e+06,148,2401.33,150,149
2329,1,500,0,0,150,3,150,3,2.48738e+06,148,2432.67,150,149
2330,1,500,0,0,150,3,150,3,2.48904e+06,148,2434.33,150,149
2331,1,500,0,0,150,3,150,3,2.59338e+06,148,2538.67,150,149
2332,1,500,0,0,150,3,150,3,2.51804e+06,148,2463.33,150,149
2333,1,500,0,0,150,3,150,3,2.59404e+06,148,2539.33,150,149
2334,1,500,0,0,150,3,150,3,2.44504e+06,148,2390.33,150,149
2335,1,500,0,0,150,3,150,3,2.52904e+06,148,2474.33,150,149
2336,1,500,0,0,150,3,150,3,2.57838e+06,148,2523.67,150,149
2337,1,500,0,0,150,3,150,3,2.48771e+06,148,2433,150,149
2338,1,500,0,0,150,3,150,3,2.32238e+06,148,2267.67,150,149
2339,1,500,0,0,150,3,150,3,2.40138e+06,148,2346.67,150,149
2340,1,500,0,0,150,3,150,3,2.54004e+06,148,2485.33,150,149
2341,1,500,0,0,150,3,150,3,2.46604e+06,148,2411.33,150,149
2342,1,500,0,0,150,3,150,3,2.42104e+06,148,2366.33,150,149
2343,1,500,0,0,150,3,150,3,2.68238e+06,148,2627.67,150,149
2344,1,500,0,0,150,3,150,3,2.43138e+06,148,2376.67,150,149
2345,1,500,0,0,150,3,150,3,2.57671e+06,148,2522,150,149
2346,1,500,0,0,150,3,150,3,2.50204e+06,148,2447.33,150,149
2347,1,500,0,0,150,3,150,3,2.49604e+06,148,2441.33,150,149
2348,1,500,0,0,150,3,150,3,2.40271e+06,148,2348,150,149
2349,1,500,0,0,150,3,150,3,2.44938e+06,148,2394.67,150,149
2350,1,500,0,0,150,3,150,3,2.41238e+06,148,2357.67,150,149
2351,1,500,0,0,150,3,150,3,2.47971e+06,148,2425,150,149
2352,1,500,0,0,150,3,150,3,2.50404e+06,148,2449.33,150,149
2353,1,500,0,0,150,3,150,3,2.51038e+06,148,2455.67,150,149
2354,1,500,0,0,150,3,150,3,2.32204e+06,148,2267.33,150,149
2355,1,500,0,0,150,3,150,3,2.48504e+06,148,2430.33,150,149
2356,1,500,0,0,150,3,150,3,2.46204e+06,148,2407.33,150,149
2357,1,500,0,0,150,3,150,3,2.45504e+06,148,2400.33,150,149
2358,1,500,0,0,150,3,150,3,2.45704e+06,148,2402.33,150,149
2359,1,500,0,0,150,3,150,3,2.27971e+06,148,2225,150,149
2360,1,500,0,0,150,3,150,3,2.43371e+06,148,2379,150,149
2361,1,500,0,0,150,3,150,3,2.59338e+06,148,2538.67,150,149
2362,1,500,0,0,150,3,150,3,2.50004e+06,148,2445.33,150,149
2363,1,500,0,0,150,3,150,3,2.49671e+06,148,2442,150,149
2364,1,500,0,0,150,3,150,3,2.53271e+06,148,2478,150,149
2365,1,500,0,0,150,3,150,3,2.42771e+06,148,2373,150,149
2366,1,500,0,0,150,3,150,3,2.43471e+06,148,2380,150,149
2367,1,500,0,0,150,3,150,3,2.54471e+06,148,2490,150,149
2368,1,500,0,0,150,3,150,3,2.52304e+06,148,2468.33,150,149
2369,1,500,0,0,150,3,150,3,2.64804e+06,148,2593.33,150,149
2370,1,500,0,0,150,3,150,3,2.38804e+06,148,2333.33,150,149
2371,1,500,0,0,150,3,150,3,2.68438e+06,148,2629.67,150,149
2372,1,500,0,0,150,3,150,3,2.54871e+06,148,2494,150,149
2373,1,500,0,0,150,3,150,3,2.44871e+06,148,2394,150,149
2374,1,500,0,0,150,3,150,3,2.52571e+06,148,2471,150,149
2375,1,500,0,0,150,3,150,3,2.43138e+06,148,2376.67,150,149
2376,1,500,0,0,150,3,150,3,2.39471e+06,148,2340,150,149
2377,1,500,0,0,150,3,150,3,2.52504e+06,148,2470.33,150,149
2378,1,500,0,0,150,3,150,3,2.64738e+06,148,2592.67,150,149
2379,1,500,0,0,150,3,150,3,2.61038e+06,148,2555.67,150,149
2380,1,500,0,0,150,3,150,3,2.61071e+06,148,2556,150,149
2381,1,500,0,0,150,3,150,3,2.53771e+06,148,2483,150,149
2382,1,500,0,0,150,3,150,3,2.49271e+06,148,2438,150,149
2383,1,500,0,0,150,3,150,3,2.55904e+06,148,2504.33,150,149
2384,1,500,0,0,150,3,150,3,2.44038e+06,148,2385.67,150,149
2385,1,500,0,0,150,3,150,3,2.50071e+06,148,2446,150,149
2386,1,500,0,0,150,3,150,3,2.30838e+06,148,2253.67,150,149
2387,1,500,0,0,150,3,150,3,2.37404e+06,148,2319.33,150,149
2388,1,500,0,0,150,3,150,3,2.54138e+06,148,2486.67,150,149
2389,1,500,0,0,150,3,150,3,2.36638e+06,148,2311.67,150,149
2390,1,500,0,0,150,3,150,3,2.48771e+06,148,2433,150,149
2391,1,500,0,0,150,3,150,3,2.47738e+06,148,2422.67,150,149
2392,1,500,0,0,150,3,150,3,2.50404e+06,148,2449.33,150,149
2393,1,500,0,0,150,3,150,3,2.47438e+06,148,2419.67,150,149
2394,1,500,0,0,150,3,150,3,2.50571e+06,148,2451,150,149
2395,1,500,0,0,150,3,150,3,2.34004e+06,148,2285.33,150,149
2396,1,500,0,0,150,3,150,3,2.43838e+06,148,2383.67,150,149
2397,1,500,0,0,150,3,150,3,2.60238e+06,148,2547.67,150,149
2398,1,500,0,0,150,3,150,3,2.40504e+06,148,2350.33,150,149
2399,1,500,0,0,150,3,150,3,2.49471e+06,148,2440,150,149
2400,1,500,0,0,150,3,150,3,2.50371e+06,148,2449,150,149
2401,1,500,0,0,150,3,150,3,2.42071e+06,148,2366,150,149
2402,1,500,0,0,150,3,150,3,2.31304e+06,148,2258.33,150,149
2403,1,500,0,0,150,3,150,3,2.47838e+06,148,2423.67,150,149
2404,1,500,0,0,150,3,150,3,2.69038e+06,148,2635.67,150,149
2405,1,500,0,0,150,3,150,3,2.62271e+06,148,2568,150,149
2406,1,500,0,0,150,3,150,3,2.51838e+06,148,2463.67,150,149
2407,1,500,0,0,150,3,150,3,2.59571e+06,148,2541,150,149
2408,1,500,0,0,150,3,150,3,2.48738e+06,148,2432.67,150,149
2409,1,500,0,0,150,3,150,3,2.70904e+06,148,2654.33,150,149
2410,1,500,0,0,150,3,150,3,2.15104e+06,148,2096.33,150,149
2411,1,500,0,0,150,3,150,3,2.38904e+06,148,2334.33,150,149
2412,1,500,0,0,150,3,150,3,2.47604e+06,148,2421.33,150,149
2413,1,500,0,0,150,3,150,3,2.53904e+06,148,2484.33,150,149
2414,1,500,0,0,150,3,150,3,2.34371e+06,148,2289,150,149
2415,1,500,0,0,150,3,150,3,2.46838e+06,148,2413.67,150,149
2416,1,500,0,0,150,3,150,3,2.53538e+06,148,2480.67,150,149
2417,1,500,0,0,150,3,150,3,2.65238e+06,148,2597.67,150,149
2418,1,500,0,0,150,3,150,3,2.49404e+06,148,2439.33,150,149
2419,1,500,0,0,150,3,150,3,2.46271e+06,148,2408,150,149
2420,1,500,0,0,150,3,150,3,2.49271e+06,148,2438,150,149
2421,1,500,0,0,150,3,150,3,2.37704e+06,148,2322.33,150,149
2422,1,500,0,0,150,3,150,3,2.39038e+06,148,2335.67,150,149
2423,1,500,0,0,150,3,150,3,2.46938e+06,148,2414.67,150,149
2424,1,500,0,0,150,3,150,3,2.58004e+06,148,2525.33,150,149
2425,1,500,0,0,150,3,150,3,2.59204e+06,148,2537.33,150,149
2426,1,500,0,0,150,3,150,3,2.47238e+06,148,2417.67,150,149
2427,1,500,0,0,150,3,150,3,2.46004e+06,148,2405.33,150,149
2428,1,500,0,0,150,3,150,3,2.40704e+06,148,2352.33,150,149
2429,1,500,0,0,150,3,150,3,2.41904e+06,148,2364.33,150,149
2430,1,500,0,0,150,3,150,3,2.60004e+06,148,2545.33,150,149
2431,1,500,0,0,150,3,150,3,2.55538e+06,148,2500.67,150,149
2432,1,500,0,0,150,3,150,3,2.44638e+06,148,2391.67,150,149
2433,1,500,0,0,150,3,150,3,2.43004e+06,148,2375.33,150,149
2434,1,500,0,0,150,3,150,3,2.44271e+06,148,2388,150,149
2435,1,500,0,0,150,3,150,3,2.50771e+06,148,2453,150,149
2436,1,500,0,0,150,3,150,3,2.43871e+06,148,2384,150,149
2437,1,500,0,0,150,3,150,3,2.46071e+06,148,2406,150,149
2438,1,500,0,0,150,3,150,3,2.37438e+06,148,2319.67,150,149
2439,1,500,0,0,150,3,150,3,2.58104e+06,148,2526.33,150,149
2440,1,500,0,0,150,3,150,3,2.49071e+06,148,2436,150,149
2441,1,500,0,0,150,3,150,3,2.42338e+06,148,2368.67,150,149
2442,1,500,0,0,150,3,150,3,2.42238e+06,148,2367.67,150,149
2443,1,500,0,0,150,3,150,3,2.45938e+06,148,2404.67,150,149
2444,1,500,0,0,150,3,150,3,2.44771e+06,148,2393,150,149
2445,1,500,0,0,150,3,150,3,2.46171e+06,148,2407,150,149
2446,1,500,0,0,150,3,150,3,2.26804e+06,148,2213.33,150,149
2447,1,500,0,0,150,3,150,3,2.29404e+06,148,2239.33,150,149
2448,1,500,0,0,150,3,150,3,2.39671e+06,148,2342,150,149
2449,1,500,0,0,150,3,150,3,2.52138e+06,148,2466.67,150,149
2450,1,500,0,0,150,3,150,3,2.43638e+06,148,2381.67,150,149
2451,1,500,0,0,150,3,150,3,2.46371e+06,148,2409,150,149
2452,1,500,0,0,150,3,150,3,2.42571e+06,148,2371,150,149
2453,1,500,0,0,150,3,150,3,2.61704e+06,148,2562.33,150,149
2454,1,500,0,0,150,3,150,3,2.40704e+06,148,2352.33,150,149
2455,1,500,0,0,150,3,150,3,2.61138e+06,148,2556.67,150,149
2456,1,500,0,0,150,3,150,3,2.28471e+06,148,2230,150,149
2457,1,500,0,0,150,3,150,3,2.39771e+06,148,2343,150,149
2458,1,500,0,0,150,3,150,3,2.53304e+06,148,2478.33,150,149
2459,1,500,0,0,150,3,150,3,2.60804e+06,148,2553.33,150,149
2460,1,500,0,0,150,3,150,3,2.54038e+06,148,2485.67,150,149
2461,1,500,0,0,150,3,150,3,2.67838e+06,148,2623.67,150,149
2462,1,500,0,0,150,3,150,3,2.44471e+06,148,2390,150,149
2463,1,500,0,0,150,3,150,3,2.59271e+06,148,2538,150,149
2464,1,500,0,0,150,3,150,3,2.60838e+06,148,2553.67,150,149
2465,1,500,0,0,150,3,150,3,2.49971e+06,148,2445,150,149
2466,1,500,0,0,150,3,150,3,2.58004e+06,148,2525.33,150,149
2467,1,500,0,0,150,3,150,3,2.60638e+06,148,2551.67,150,149
2468,1,500,0,0,150,3,150,3,2.44004e+06,148,2385.33,150,149
2469,1,500,0,0,150,3,150,3,2.38738e+06,148,2332.67,150,149
2470,1,500,0,0,150,3,150,3,2.49138e+06,148,2436.67,150,149
2471,1,500,0,0,150,3,150,3,2.51104e+06,148,2456.33,150,149
2472,1,500,0,0,150,3,150,3,2.29671e+06,148,2242,150,149
2473,1,500,0,0,150,3,150,3,2.39938e+06,148,2344.67,150,149
2474,1,500,0,0,150,3,150,3,2.56671e+06,148,2512,150,149
2475,1,500,0,0,150,3,150,3,2.74571e+06,148,2691,150,149
2476,1,500,0,0,150,3,150,3,2.58671e+06,148,2532,150,149
2477,1,500,0,0,150,3,150,3,2.51638e+06,148,2461.67,150,149
2478,1,500,0,0,150,3,150,3,2.62471e+06,148,2570,150,149
2479,1,500,0,0,150,3,150,3,2.60438e+06,148,2549.67,150,149
2480,1,500,0,0,150,3,150,3,2.68938e+06,148,2634.67,150,149
2481,1,500,0,0,150,3,150,3,2.30671e+06,148,2252,150,149
2482,1,500,0,0,150,3,150,3,2.36404e+06,148,2309.33,150,149
2483,1,500,0,0,150,3,150,3,2.42104e+06,148,2366.33,150,149
2484,1,500,0,0,150,3,150,3,2.52138e+06,148,2466.67,150,149
2485,1,500,0,0,150,3,150,3,2.51571e+06,148,2461,150,149
2486,1,500,0,0,150,3,150,3,2.25171e+06,148,2197,150,149
2487,1,500,0,0,150,3,150,3,2.45171e+06,148,2397,150,149
2488,1,500,0,0,150,3,150,3,2.60304e+06,148,2548.33,150,149
2489,1,500,0,0,150,3,150,3,2.55571e+06,148,2501,150,149
2490,1,500,0,0,150,3,150,3,2.37438e+06,148,2319.67,150,149
2491,1,500,0,0,150,3,150,3,2.41971e+06,148,2365,150,149
2492,1,500,0,0,150,3,150,3,2.31504e+06,148,2260.33,150,149
2493,1,500,0,0,150,3,150,3,2.47971e+06,148,2425,150,149
2494,1,500,0,0,150,3,150,3,2.35871e+06,148,2304,150,149
2495,1,500,0,0,150,3,150,3,2.44904e+06,148,2394.33,150,149
2496,1,500,0,0,150,3,150,3,2.38004e+06,148,2325.33,150,149
2497,1,500,0,0,150,3,150,3,2.52671e+06,148,2472,150,149
2498,1,500,0,0,150,3,150,3,2.49371e+06,148,2439,150,149
2499,1,500,0,0,150,3,150,3,2.44638e+06,148,2391.67,150,149
2500,1,500,0,0,150,3,150,3,2.41538e+06,148,2360.67,150,149
2501,1,500,0,0,150,3,150,3,2.55138e+06,148,2496.67,150,149
2502,1,500,0,0,150,3,150,3,2.51504e+06,148,2460.33,150,149
2503,1,500,0,0,150,3,150,3,2.57871e+06,148,2524,150,149
2504,1,500,0,0,150,3,150,3,2.53171e+06,148,2477,150,149
2505,1,500,0,0,150,3,150,3,2.40504e+06,148,2350.33,150,149
2506,1,500,0,0,150,3,150,3,2.58238e+06,148,2527.67,150,149
2507,1,500,0,0,150,3,150,3,2.43971e+06,148,2385,150,149
2508,1,500,0,0,150,3,150,3,2.41871e+06,148,2364,150,149
2509,1,500,0,0,150,3,150,3,2.53138e+06,148,2476.67,150,149
2510,1,500,0,0,150,3,150,3,2.44004e+06,148,2385.33,150,149
2511,1,500,0,0,150,3,150,3,2.46371e+06,148,2409,150,149
2512,1,500,0,0,150,3,150,3,2.29438e+06,148,2239.67,150,149
2513,1,500,0,0,150,3,150,3,2.35871e+06,148,2304,150,149
2514,1,500,0,0,150,3,150,3,2.41704e+06,148,2362.33,150,149
2515,1,500,0,0,150,3,150,3,2.31371e+06,148,2259,150,149
2516,1,500,0,0,150,3,150,3,2.61038e+06,148,2555.67,150,149
2517,1,500,0,0,150,3,150,3,2.58938e+06,148,2534.67,150,149
2518,1,500,0,0,150,3,150,3,2.52338e+06,148,2468.67,150,149
2519,1,500,0,0,150,3,150,3,2.52404e+06,148,2469.33,150,149
2520,1,500,0,0,150,3,150,3,2.35171e+06,148,2297,150,149
2521,1,500,0,0,150,3,150,3,2.46504e+06,148,2410.33,150,149
2522,1,500,0,0,150,3,150,3,2.62671e+06,148,2572,150,149
2523,1,500,0,0,150,3,150,3,2.60404e+06,148,2549.33,150,149
2524,1,500,0,0,150,3,150,3,2.54138e+06,148,2486.67,150,149
2525,1,500,0,0,150,3,150,3,2.54738e+06,148,2492.67,150,149
2526,1,500,0,0,150,3,150,3,2.68571e+06,148,2631,150,149
2527,1,500,0,0,150,3,150,3,2.48771e+06,148,2433,150,149
2528,1,500,0,0,150,3,150,3,2.67438e+06,148,2619.67,150,149
2529,1,500,0,0,150,3,150,3,2.37838e+06,148,2323.67,150,149
2530,1,500,0,0,150,3,150,3,2.54171e+06,148,2487,150,149
2531,1,500,0,0,150,3,150,3,2.54971e+06,148,2495,150,149
2532,1,500,0,0,150,3,150,3,2.55271e+06,148,2498,150,149
2533,1,500,0,0,150,3,150,3,2.59638e+06,148,2541.67,150,149
2534,1,500,0,0,150,3,150,3,2.41271e+06,148,2358,150,149
2535,1,500,0,0,150,3,150,3,2.51204e+06,148,2457.33,150,149
2536,1,500,0,0,150,3,150,3,2.32971e+06,148,2275,150,149
2537,1,500,0,0,150,3,150,3,2.45104e+06,148,2396.33,150,149
2538,1,500,0,0,150,3,150,3,2.43738e+06,148,2382.67,150,149
2539,1,500,0,0,150,3,150,3,2.69904e+06,148,2644.33,150,149
2540,1,500,0,0,150,3,150,3,2.64738e+06,148,2592.67,150,149
2541,1,500,0,0,150,3,150,3,2.22971e+06,148,2175,150,149
2542,1,500,0,0,150,3,150,3,2.50738e+06,148,2452.67,150,149
2543,1,500,0,0,150,3,150,3,2.40938e+06,148,2354.67,150,149
2544,1,500,0,0,150,3,150,3,2.27471e+06,148,2220,150,149
2545,1,500,0,0,150,3,150,3,2.67504e+06,148,2620.33,150,149
2546,1,500,0,0,150,3,150,3,2.64971e+06,148,2595,150,149
2547,1,500,0,0,150,3,150,3,2.45804e+06,148,2403.33,150,149
2548,1,500,0,0,150,3,150,3,2.37004e+06,148,2315.33,150,149
2549,1,500,0,0,150,3,150,3,2.73571e+06,148,2681,150,149
2550,1,500,0,0,150,3,150,3,2.64704e+06,148,2592.33,150,149
2551,1,500,0,0,150,3,150,3,2.47604e+06,148,2421.33,150,149
2552,1,500,0,0,150,3,150,3,2.54771e+06,148,2493,150,149
2553,1,500,0,0,150,3,150,3,2.50704e+06,148,2452.33,150,149
2554,1,500,0,0,150,3,150,3,2.48138e+06,148,2426.67,150,149
2555,1,500,0,0,150,3,150,3,2.44471e+06,148,2390,150,149
2556,1,500,0,0,150,3,150,3,2.37904e+06,148,2324.33,150,149
2557,1,500,0,0,150,3,150,3,2.39104e+06,148,2336.33,150,149
2558,1,500,0,0,150,3,150,3,2.62904e+06,148,2574.33,150,149
2559,1,500,0,0,150,3,150,3,2.35138e+06,148,2296.67,150,149
2560,1,500,0,0,150,3,150,3,2.43971e+06,148,2385,150,149
2561,1,500,0,0,150,3,150,3,2.47071e+06,148,2416,150,149
2562,1,500,0,0,150,3,150,3,2.32938e+06,148,2274.67,150,149
2563,1,500,0,0,150,3,150,3,2.63471e+06,148,2580,150,149
2564,1,500,0,0,150,3,150,3,2.44204e+06,148,2387.33,150,149
2565,1,500,0,0,150,3,150,3,2.47171e+06,148,2417,150,149
2566,1,500,0,0,150,3,150,3,2.45438e+06,148,2399.67,150,149
2567,1,500,0,0,150,3,150,3,2.57571e+06,148,2521,150,149
2568,1,500,0,0,150,3,150,3,2.43171e+06,148,2377,150,149
2569,1,500,0,0,150,3,150,3,2.60104e+06,148,2546.33,150,149
2570,1,500,0,0,150,3,150,3,2.48838e+06,148,2433.67,150,149
2571,1,500,0,0,150,3,150,3,2.48871e+06,148,2434,150,149
2572,1,500,0,0,150,3,150,3,2.70504e+06,148,2650.33,150,149
2573,1,500,0,0,150,3,150,3,2.37471e+06,148,2320,150,149
2574,1,500,0,0,150,3,150,3,2.39304e+06,148,2338.33,150,149
2575,1,500,0,0,150,3,150,3,2.43004e+06,148,2375.33,150,149
2576,1,500,0,0,150,3,150,3,2.60404e+06,148,2549.33,150,149
2577,1,500,0,0,150,3,150,3,2.54804e+06,148,2493.33,150,149
2578,1,500,0,0,150,3,150,3,2.57671e+06,148,2522,150,149
2579,1,500,0,0,150,3,150,3,2.36738e+06,148,2312.67,150,149
2580,1,500,0,0,150,3,150,3,2.50704e+06,148,2452.33,150,149
2581,1,500,0,0,150,3,150,3,2.67038e+06,148,2615.67,150,149
2582,1,500,0,0,150,3,150,3,2.41471e+06,148,2360,150,149
2583,1,500,0,0,150,3,150,3,2.49004e+06,148,2435.33,150,149
2584,1,500,0,0,150,3,150,3,2.50304e+06,148,2448.33,150,149
2585,1,500,0,0,150,3,150,3,2.62804e+06,148,2573.33,150,149
2586,1,500,0,0,150,3,150,3,2.55638e+06,148,2501.67,150,149
2587,1,500,0,0,150,3,150,3,2.41738e+06,148,2362.67,150,149
2588,1,500,0,0,150,3,150,3,2.43404e+06,148,2379.33,150,149
2589,1,500,0,0,150,3,150,3,2.59038e+06,148,2535.67,150,149
2590,1,500,0,0,150,3,150,3,2.38871e+06,148,2334,150,149
2591,1,500,0,0,150,3,150,3,2.59604e+06,148,2541.33,150,149
2592,1,500,0,0,150,3,150,3,2.70604e+06,148,2651.33,150,149
2593,1,500,0,0,150,3,150,3,2.71104e+06,148,2656.33,150,149
2594,1,500,0,0,150,3,150,3,2.63571e+06,148,2581,150,149
2595,1,500,0,0,150,3,150,3,2.48671e+06,148,2432,150,149
2596,1,500,0,0,150,3,150,3,2.52038e+06,148,2465.67,150,149
2597,1,500,0,0,150,3,150,3,2.58438e+06,148,2529.67,150,149
2598,1,500,0,0,150,3,150,3,2.68471e+06,148,2630,150,149
2599,1,500,0,0,150,3,150,3,2.30071e+06,148,2246,150,149
2600,1,500,0,0,150,3,150,3,2.37304e+06,148,2318.33,150,149
2601,1,500,0,0,150,3,150,3,2.37638e+06,148,2321.67,150,149
2602,1,500,0,0,150,3,150,3,2.52538e+06,148,2470.67,150,149
2603,1,500,0,0,150,3,150,3,2.43004e+06,148,2375.33,150,149
2604,1,500,0,0,150,3,150,3,2.27804e+06,148,2223.33,150,149
2605,1,500,0,0,150,3,150,3,2.58604e+06,148,2531.33,150,149
2606,1,500,0,0,150,3,150,3,2.43538e+06,148,2380.67,150,149
2607,1,500,0,0,150,3,150,3,2.43804e+06,148,2383.33,150,149
2608,1,500,0,0,150,3,150,3,2.59871e+06,148,2544,150,149
2609,1,500,0,0,150,3,150,3,2.42671e+06,148,2372,150,149
2610,1,500,0,0,150,3,150,3,2.47538e+06,148,2420.67,150,149
2611,1,500,0,0,150,3,150,3,2.27971e+06,148,2225,150,149
2612,1,500,0,0,150,3,150,3,2.49771e+06,148,2443,150,149
2613,1,500,0,0,150,3,150,3,2.43838e+06,148,2383.67,150,149
2614,1,500,0,0,150,3,150,3,2.51138e+06,148,2456.67,150,149
2615,1,500,0,0,150,3,150,3,2.42571e+06,148,2371,150,149
2616,1,500,0,0,150,3,150,3,2.42371e+06,148,2369,150,149
2617,1,500,0,0,150,3,150,3,2.76704e+06,148,2712.33,150,149
2618,1,500,0,0,150,3,150,3,2.34738e+06,148,2292.67,150,149
2619,1,500,0,0,150,3,150,3,2.64371e+06,148,2589,150,149
2620,1,500,0,0,150,3,150,3,2.54238e+06,148,2487.67,150,149
2621,1,500,0,0,150,3,150,3,2.63438e+06,148,2579.67,150,149
2622,1,500,0,0,150,3,150,3,2.36938e+06,148,2314.67,150,149
2623,1,500,0,0,150,3,150,3,2.41938e+06,148,2364.67,150,149
2624,1,500,0,0,150,3,150,3,2.52771e+06,148,2473,150,149
2625,1,500,0,0,150,3,150,3,2.53571e+06,148,2481,150,149
2626,1,500,0,0,150,3,150,3,2.36304e+06,148,2308.33,150,149
2627,1,500,0,0,150,3,150,3,2.59171e+06,148,2537,150,149
2628,1,500,0,0,150,3,150,3,2.61404e+06,148,2559.33,150,149
2629,1,500,0,0,150,3,150,3,2.40471e+06,148,2350,150,149
2630,1,500,0,0,150,3,150,3,2.45771e+06,148,2403,150,149
2631,1,500,0,0,150,3,150,3,2.41204e+06,148,2357.33,150,149
2632,1,500,0,0,150,3,150,3,2.47104e+06,148,2416.33,150,149
2633,1,500,0,0,150,3,150,3,2.55471e+06,148,2500,150,149
2634,1,500,0,0,150,3,150,3,2.54071e+06,148,2486,150,149
2635,1,500,0,0,150,3,150,3,2.31971e+06,148,2265,150,149
2636,1,500,0,0,150,3,150,3,2.31704e+06,148,2262.33,150,149
2637,1,500,0,0,150,3,150,3,2.83271e+06,148,2778,150,149
2638,1,500,0,0,150,3,150,3,2.46671e+06,148,2412,150,149
2639,1,500,0,0,150,3,150,3,2.47704e+06,148,2422.33,150,149
2640,1,500,0,0,150,3,150,3,2.48804e+06,148,2433.33,150,149
2641,1,500,0,0,150,3,150,3,2.36738e+06,148,2312.67,150,149
2642,1,500,0,0,150,3,150,3,2.33171e+06,148,2277,150,149
2643,1,500,0,0,150,3,150,3,2.45204e+06,148,2397.33,150,149
2644,1,500,0,0,150,3,150,3,2.70504e+06,148,2650.33,150,149
2645,1,500,0,0,150,3,150,3,2.61204e+06,148,2557.33,150,149
2646,1,500,0,0,150,3,150,3,2.62371e+06,148,2569,150,149
2647,1,500,0,0,150,3,150,3,2.49804e+06,148,2443.33,150,149
2648,1,500,0,0,150,3,150,3,2.70571e+06,148,2651,150,149
2649,1,500,0,0,150,3,150,3,2.54471e+06,148,2490,150,149
2650,1,500,0,0,150,3,150,3,2.49938e+06,148,2444.67,150,149
2651,1,500,0,0,150,3,150,3,2.53804e+06,148,2483.33,150,149
2652,1,500,0,0,150,3,150,3,2.40204e+06,148,2347.33,150,149
2653,1,500,0,0,150,3,150,3,2.55604e+06,148,2501.33,150,149
2654,1,500,0,0,150,3,150,3,2.37104e+06,148,2316.33,150,149
2655,1,500,0,0,150,3,150,3,2.30071e+06,148,2246,150,149
2656,1,500,0,0,150,3,150,3,2.45638e+06,148,2401.67,150,149
2657,1,500,0,0,150,3,150,3,2.51538e+06,148,2460.67,150,149
2658,1,500,0,0,150,3,150,3,2.43338e+06,148,2378.67,150,149
2659,1,500,0,0,150,3,150,3,2.27638e+06,148,2221.67,150,149
2660,1,500,0,0,150,3,150,3,2.38538e+06,148,2330.67,150,149
2661,1,500,0,0,150,3,150,3,2.32871e+06,148,2274,150,149
2662,1,500,0,0,150,3,150,3,2.48971e+06,148,2435,150,149
2663,1,500,0,0,150,3,150,3,2.51004e+06,148,2455.33,150,149
2664,1,500,0,0,150,3,150,3,2.48304e+06,148,2428.33,150,149
2665,1,500,0,0,150,3,150,3,2.49138e+06,148,2436.67,150,149
2666,1,500,0,0,150,3,150,3,2.27471e+06,148,2220,150,149
2667,1,500,0,0,150,3,150,3,2.63071e+06,148,2576,150,149
2668,1,500,0,0,150,3,150,3,2.45004e+06,148,2395.33,150,149
2669,1,500,0,0,150,3,150,3,2.53104e+06,148,2476.33,150,149
2670,1,500,0,0,150,3,150,3,2.34004e+06,148,2285.33,150,149
2671,1,500,0,0,150,3,150,3,2.48038e+06,148,2425.67,150,149
2672,1,500,0,0,150,3,150,3,2.53938e+06,148,2484.67,150,149
2673,1,500,0,0,150,3,150,3,2.62604e+06,148,2571.33,150,149
2674,1,500,0,0,150,3,150,3,2.49971e+06,148,2445,150,149
2675,1,500,0,0,150,3,150,3,2.45038e+06,148,2395.67,150,149
2676,1,500,0,0,150,3,150,3,2.47204e+06,148,2417.33,150,149
2677,1,500,0,0,150,3,150,3,2.46038e+06,148,2405.67,150,149
2678,1,500,0,0,150,3,150,3,2.35871e+06,148,2304,150,149
2679,1,500,0,0,150,3,150,3,2.53571e+06,148,2481,150,149
2680,1,500,0,0,150,3,150,3,2.56671e+06,148,2512,150,149
2681,1,500,0,0,150,3,150,3,2.53038e+06,148,2475.67,150,149
2682,1,500,0,0,150,3,150,3,2.43138e+06,148,2376.67,150,149
2683,1,500,0,0,150,3,150,3,2.49138e+06,148,2436.67,150,149
2684,1,500,0,0,150,3,150,3,2.47638e+06,148,2421.67,150,149
2685,1,500,0,0,150,3,150,3,2.56171e+06,148,2507,150,149
2686,1,500,0,0,150,3,150,3,2.48938e+06,148,2434.67,150,149
2687,1,500,0,0,150,3,150,3,2.48138e+06,148,2426.67,150,149
2688,1,500,0,0,150,3,150,3,2.39504e+06,148,2340.33,150,149
2689,1,500,0,0,150,3,150,3,2.49338e+06,148,2438.67,150,149
2690,1,500,0,0,150,3,150,3,2.55471e+06,148,2500,150,149
2691,1,500,0,0,150,3,150,3,2.41138e+06,148,2356.67,150,149
2692,1,500,0,0,150,3,150,3,2.73338e+06,148,2678.67,150,149
2693,1,500,0,0,150,3,150,3,2.40238e+06,148,2347.67,150,149
2694,1,500,0,0,150,3,150,3,2.26371e+06,148,2209,150,149
2695,1,500,0,0,150,3,150,3,2.41871e+06,148,2364,150,149
2696,1,500,0,0,150,3,150,3,2.34104e+06,148,2286.33,150,149
2697,1,500,0,0,150,3,150,3,2.52804e+06,148,2473.33,150,149
2698,1,500,0,0,150,3,150,3,2.25904e+06,148,2204.33,150,149
2699,1,500,0,0,150,3,150,3,2.54204e+06,148,2487.33,150,149
2700,1,500,0,0,150,3,150,3,2.39671e+06,148,2342,150,149
2701,1,500,0,0,150,3,150,3,2.52738e+06,148,2472.67,150,149
2702,1,500,0,0,150,3,150,3,2.49238e+06,148,2437.67,150,149
2703,1,500,0,0,150,3,150,3,2.67338e+06,148,2618.67,150,149
2704,1,500,0,0,150,3,150,3,2.36938e+06,148,2314.67,150,149
2705,1,500,0,0,150,3,150,3,2.45438e+06,148,2399.67,150,149
2706,1,500,0,0,150,3,150,3,2.51771e+06,148,2463,150,149
2707,1,500,0,0,150,3,150,3,2.60071e+06,148,2546,150,149
2708,1,500,0,0,150,3,150,3,2.30538e+06,148,2250.67,150,149
2709,1,500,0,0,150,3,150,3,2.43304e+06,148,2378.33,150,149
2710,1,500,0,0,150,3,150,3,2.49838e+06,148,2443.67,150,149
2711,1,500,0,0,150,3,150,3,2.47038e+06,148,2415.67,150,149
2712,1,500,0,0,150,3,150,3,2.47371e+06,148,2419,150,149
2713,1,500,0,0,150,3,150,3,2.70471e+06,148,2650,150,149
2714,1,500,0,0,150,3,150,3,2.57471e+06,148,2520,150,149
2715,1,500,0,0,150,3,150,3,2.32738e+06,148,2272.67,150,149
2716,1,500,0,0,150,3,150,3,2.41938e+06,148,2364.67,150,149
2717,1,500,0,0,150,3,150,3,2.57604e+06,148,2521.33,150,149
2718,1,500,0,0,150,3,150,3,2.36038e+06,148,2305.67,150,149
2719,1,500,0,0,150,3,150,3,2.57738e+06,148,2522.67,150,149
2720,1,500,0,0,150,3,150,3,2.62671e+06,148,2572,150,149
2721,1,500,0,0,150,3,150,3,2.34238e+06,148,2287.67,150,149
2722,1,500,0,0,150,3,150,3,2.46571e+06,148,2411,150,149
2723,1,500,0,0,150,3,150,3,2.41304e+06,148,2358.33,150,149
2724,1,500,0,0,150,3,150,3,2.21938e+06,148,2164.67,150,149
2725,1,500,0,0,150,3,150,3,2.43171e+06,148,2377,150,149
2726,1,500,0,0,150,3,150,3,2.27071e+06,148,2216,150,149
2727,1,500,0,0,150,3,150,3,2.34038e+06,148,2285.67,150,149
2728,1,500,0,0,150,3,150,3,2.46138e+06,148,2406.67,150,149
2729,1,500,0,0,150,3,150,3,2.44071e+06,148,2386,150,149
2730,1,500,0,0,150,3,150,3,2.29438e+06,148,2239.67,150,149
2731,1,500,0,0,150,3,150,3,2.34171e+06,148,2287,150,149
2732,1,500,0,0,150,3,150,3,2.67038e+06,148,2615.67,150,149
2733,1,500,0,0,150,3,150,3,2.21704e+06,148,2162.33,150,149
2734,1,500,0,0,150,3,150,3,2.52438e+06,148,2469.67,150,149
2735,1,500,0,0,150,3,150,3,2.56004e+06,148,2505.33,150,149
2736,1,500,0,0,150,3,150,3,2.45271e+06,148,2398,150,149
2737,1,500,0,0,150,3,150,3,2.47304e+06,148,2418.33,150,149
2738,1,500,0,0,150,3,150,3,2.56904e+06,148,2514.33,150,149
2739,1,500,0,0,150,3,150,3,2.58771e+06,148,2533,150,149
2740,1,500,0,0,150,3,150,3,2.58638e+06,148,2531.67,150,149
2741,1,500,0,0,150,3,150,3,2.51804e+06,148,2463.33,150,149
2742,1,500,0,0,150,3,150,3,2.33071e+06,148,2276,150,149
2743,1,500,0,0,150,3,150,3,2.53438e+06,148,2479.67,150,149
2744,1,500,0,0,150,3,150,3,2.32238e+06,148,2267.67,150,149
2745,1,500,0,0,150,3,150,3,2.41738e+06,148,2362.67,150,149
2746,1,500,0,0,150,3,150,3,2.32104e+06,148,2266.33,150,149
2747,1,500,0,0,150,3,150,3,2.53471e+06,148,2480,150,149
2748,1,500,0,0,150,3,150,3,2.49871e+06,148,2444,150,149
2749,1,500,0,0,150,3,150,3,2.48204e+06,148,2427.33,150,149
2750,1,500,0,0,150,3,150,3,2.59204e+06,148,2537.33,150,149
2751,1,500,0,0,150,3,150,3,2.36438e+06,148,2309.67,150,149
2752,1,500,0,0,150,3,150,3,2.33338e+06,148,2278.67,150,149
2753,1,500,0,0,150,3,150,3,2.48704e+06,148,2432.33,150,149
2754,1,500,0,0,150,3,150,3,2.53804e+06,148,2483.33,150,149
2755,1,500,0,0,150,3,150,3,2.27104e+06,148,2216.33,150,149
2756,1,500,0,0,150,3,150,3,2.34471e+06,148,2290,150,149
2757,1,500,0,0,150,3,150,3,2.39938e+06,148,2344.67,150,149
2758,1,500,0,0,150,3,150,3,2.56538e+06,148,2510.67,150,149
2759,1,500,0,0,150,3,150,3,2.52971e+06,148,2475,150,149
2760,1,500,0,0,150,3,150,3,2.33338e+06,148,2278.67,150,149
2761,1,500,0,0,150,3,150,3,2.50471e+06,148,2450,150,149
2762,1,500,0,0,150,3,150,3,2.30904e+06,148,2254.33,150,149
2763,1,500,0,0,150,3,150,3,2.32171e+06,148,2267,150,149
2764,1,500,0,0,150,3,150,3,2.42504e+06,148,2370.33,150,149
2765,1,500,0,0,150,3,150,3,2.34604e+06,148,2291.33,150,149
2766,1,500,0,0,150,3,150,3,2.53038e+06,148,2475.67,150,149
2767,1,500,0,0,150,3,150,3,2.48871e+06,148,2434,150,149
2768,1,500,0,0,150,3,150,3,2.45571e+06,148,2401,150,149
2769,1,500,0,0,150,3,150,3,2.51238e+06,148,2457.67,150,149
2770,1,500,0,0,150,3,150,3,2.44104e+06,148,2386.33,150,149
2771,1,500,0,0,150,3,150,3,2.52704e+06,148,2472.33,150,149
2772,1,500,0,0,150,3,150,3,2.29871e+06,148,2244,150,149
2773,1,500,0,0,150,3,150,3,2.47538e+06,148,2420.67,150,149
2774,1,500,0,0,150,3,150,3,2.43304e+06,148,2378.33,150,149
2775,1,500,0,0,150,3,150,3,2.58204e+06,148,2527.33,150,149
2776,1,500,0,0,150,3,150,3,2.29904e+06,148,2244.33,150,149
2777,1,500,0,0,150,3,150,3,2.51904e+06,148,2464.33,150,149
2778,1,500,0,0,150,3,150,3,2.41438e+06,148,2359.67,150,149
2779,1,500,0,0,150,3,150,3,2.47338e+06,148,2418.67,150,149
2780,1,500,0,0,150,3,150,3,2.49771e+06,148,2443,150,149
2781,1,500,0,0,150,3,150,3,2.44371e+06,148,2389,150,149
2782,1,500,0,0,150,3,150,3,2.77171e+06,148,2717,150,149
2783,1,500,0,0,150,3,150,3,2.49904e+06,148,2444.33,150,149
2784,1,500,0,0,150,3,150,3,2.32338e+06,148,2268.67,150,149
2785,1,500,0,0,150,3,150,3,2.62104e+06,148,2566.33,150,149
2786,1,500,0,0,150,3,150,3,2.56271e+06,148,2508,150,149
2787,1,500,0,0,150,3,150,3,2.48571e+06,148,2431,150,149
2788,1,500,0,0,150,3,150,3,2.33471e+06,148,2280,150,149
2789,1,500,0,0,150,3,150,3,2.62304e+06,148,2568.33,150,149
2790,1,500,0,0,150,3,150,3,2.49571e+06,148,2441,150,149
2791,1,500,0,0,150,3,150,3,2.33104e+06,148,2276.33,150,149
2792,1,500,0,0,150,3,150,3,2.59404e+06,148,2539.33,150,149
2793,1,500,0,0,150,3,150,3,2.57871e+06,148,2524,150,149
2794,1,500,0,0,150,3,150,3,2.50638e+06,148,2451.67,150,149
2795,1,500,0,0,150,3,150,3,2.41038e+06,148,2355.67,150,149
2796,1,500,0,0,150,3,150,3,2.55071e+06,148,2496,150,149
2797,1,500,0,0,150,3,150,3,2.38338e+06,148,2328.67,150,149
2798,1,500,0,0,150,3,150,3,2.62638e+06,148,2571.67,150,149
2799,1,500,0,0,150,3,150,3,2.43138e+06,148,2376.67,150,149
2800,1,500,0,0,150,3,150,3,2.60504e+06,148,2550.33,150,149
2801,1,500,0,0,150,3,150,3,2.50604e+06,148,2451.33,150,149
2802,1,500,0,0,150,3,150,3,2.65904e+06,148,2604.33,150,149
2803,1,500,0,0,150,3,150,3,2.47004e+06,148,2415.33,150,149
2804,1,500,0,0,150,3,150,3,2.47604e+06,148,2421.33,150,149
2805,1,500,0,0,150,3,150,3,2.48604e+06,148,2431.33,150,149
2806,1,500,0,0,150,3,150,3,2.40304e+06,148,2348.33,150,149
2807,1,500,0,0,150,3,150,3,2.34104e+06,148,2286.33,150,149
2808,1,500,0,0,150,3,150,3,2.52704e+06,148,2472.33,150,149
2809,1,500,0,0,150,3,150,3,2.66004e+06,148,2605.33,150,149
2810,1,500,0,0,150,3,150,3,2.51038e+06,148,2455.67,150,149
2811,1,500,0,0,150,3,150,3,2.55071e+06,148,2496,150,149
2812,1,500,0,0,150,3,150,3,2.39071e+06,148,2336,150,149
2813,1,500,0,0,150,3,150,3,2.50338e+06,148,2448.67,150,149
2814,1,500,0,0,150,3,150,3,2.67704e+06,148,2622.33,150,149
2815,1,500,0,0,150,3,150,3,2.56638e+06,148,2511.67,150,149
2816,1,500,0,0,150,3,150,3,2.36204e+06,148,2307.33,150,149
2817,1,500,0,0,150,3,150,3,2.31971e+06,148,2265,150,149
2818,1,500,0,0,150,3,150,3,2.43971e+06,148,2385,150,149
2819,1,500,0,0,150,3,150,3,2.43038e+06,148,2375.67,150,149
2820,1,500,0,0,150,3,150,3,2.47904e+06,148,2424.33,150,149
2821,1,500,0,0,150,3,150,3,2.45271e+06,148,2398,150,149
2822,1,500,0,0,150,3,150,3,2.31771e+06,148,2263,150,149
2823,1,500,0,0,150,3,150,3,2.71538e+06,148,2660.67,150,149
2824,1,500,0,0,150,3,150,3,2.53471e+06,148,2480,150,149
2825,1,500,0,0,150,3,150,3,2.66171e+06,148,2607,150,149
2826,1,500,0,0,150,3,150,3,2.69971e+06,148,2645,150,149
2827,1,500,0,0,150,3,150,3,2.29638e+06,148,2241.67,150,149
2828,1,500,0,0,150,3,150,3,2.60938e+06,148,2554.67,150,149
2829,1,500,0,0,150,3,150,3,2.65438e+06,148,2599.67,150,149
2830,1,500,0,0,150,3,150,3,2.22738e+06,148,2172.67,150,149
2831,1,500,0,0,150,3,150,3,2.55138e+06,148,2496.67,150,149
2832,1,500,0,0,150,3,150,3,2.44204e+06,148,2387.33,150,149
2833,1,500,0,0,150,3,150,3,2.37404e+06,148,2319.33,150,149
2834,1,500,0,0,150,3,150,3,2.44438e+06,148,2389.67,150,149
2835,1,500,0,0,150,3,150,3,2.27071e+06,148,2216,150,149
2836,1,500,0,0,150,3,150,3,2.43004e+06,148,2375.33,150,149
2837,1,500,0,0,150,3,150,3,2.48138e+06,148,2426.67,150,149
2838,1,500,0,0,150,3,150,3,2.51171e+06,148,2457,150,149
2839,1,500,0,0,150,3,150,3,2.52271e+06,148,2468,150,149
2840,1,500,0,0,150,3,150,3,2.51638e+06,148,2461.67,150,149
2841,1,500,0,0,150,3,150,3,2.55071e+06,148,2496,150,149
2842,1,500,0,0,150,3,150,3,2.46238e+06,148,2407.67,150,149
2843,1,500,0,0,150,3,150,3,2.50671e+06,148,2452,150,149
2844,1,500,0,0,150,3,150,3,2.55704e+06,148,2502.33,150,149
2845,1,500,0,0,150,3,150,3,2.33371e+06,148,2279,150,149
2846,1,500,0,0,150,3,150,3,2.33738e+06,148,2282.67,150,149
2847,1,500,0,0,150,3,150,3,2.54438e+06,148,2489.67,150,149
2848,1,500,0,0,150,3,150,3,2.61171e+06,148,2557,150,149
2849,1,500,0,0,150,3,150,3,2.40671e+06,148,2352,150,149
2850,1,500,0,0,150,3,150,3,2.45038e+06,148,2395.67,150,149
2851,1,500,0,0,150,3,150,3,2.53638e+06,148,2481.67,150,149
2852,1,500,0,0,150,3,150,3,2.43771e+06,148,2383,150,149
2853,1,500,0,0,150,3,150,3,2.55038e+06,148,2495.67,150,149
2854,1,500,0,0,150,3,150,3,2.46838e+06,148,2413.67,150,149
2855,1,500,0,0,150,3,150,3,2.67538e+06,148,2620.67,150,149
2856,1,500,0,0,150,3,150,3,2.55071e+06,148,2496,150,149
2857,1,500,0,0,150,3,150,3,2.48304e+06,148,2428.33,150,149
2858,1,500,0,0,150,3,150,3,2.22738e+06,148,2172.67,150,149
2859,1,500,0,0,150,3,150,3,2.26538e+06,148,2210.67,150,149
2860,1,500,0,0,150,3,150,3,2.57604e+06,148,2521.33,150,149
2861,1,500,0,0,150,3,150,3,2.43004e+06,148,2375.33,150,149
2862,1,500,0,0,150,3,150,3,2.38171e+06,148,2327,150,149
2863,1,500,0,0,150,3,150,3,2.36638e+06,148,2311.67,150,149
2864,1,500,0,0,150,3,150,3,2.42638e+06,148,2371.67,150,149
2865,1,500,0,0,150,3,150,3,2.32471e+06,148,2270,150,149
2866,1,500,0,0,150,3,150,3,2.23204e+06,148,2177.33,150,149
2867,1,500,0,0,150,3,150,3,2.61638e+06,148,2561.67,150,149
2868,1,500,0,0,150,3,150,3,2.66571e+06,148,2611,150,149
2869,1,500,0,0,150,3,150,3,2.33804e+06,148,2283.33,150,149
2870,1,500,0,0,150,3,150,3,2.59571e+06,148,2541,150,149
2871,1,500,0,0,150,3,150,3,2.42638e+06,148,2371.67,150,149
2872,1,500,0,0,150,3,150,3,2.41871e+06,148,2364,150,149
2873,1,500,0,0,150,3,150,3,2.68071e+06,148,2626,150,149
2874,1,500,0,0,150,3,150,3,2.58938e+06,148,2534.67,150,149
2875,1,500,0,0,150,3,150,3,2.50204e+06,148,2447.33,150,149
2876,1,500,0,0,150,3,150,3,2.38671e+06,148,2332,150,149
2877,1,500,0,0,150,3,150,3,2.49571e+06,148,2441,150,149
2878,1,500,0,0,150,3,150,3,2.47371e+06,148,2419,150,149
2879,1,500,0,0,150,3,150,3,2.46504e+06,148,2410.33,150,149
2880,1,500,0,0,150,3,150,3,2.59538e+06,148,2540.67,150,149
2881,1,500,0,0,150,3,150,3,2.34738e+06,148,2292.67,150,149
2882,1,500,0,0,150,3,150,3,2.33038e+06,148,2275.67,150,149
2883,1,500,0,0,150,3,150,3,2.47571e+06,148,2421,150,149
2884,1,500,0,0,150,3,150,3,2.65338e+06,148,2598.67,150,149
2885,1,500,0,0,150,3,150,3,2.41904e+06,148,2364.33,150,149
2886,1,500,0,0,150,3,150,3,2.66771e+06,148,2613,150,149
2887,1,500,0,0,150,3,150,3,2.42071e+06,148,2366,150,149
2888,1,500,0,0,150,3,150,3,2.48204e+06,148,2427.33,150,149
2889,1,500,0,0,150,3,150,3,2.51638e+06,148,2461.67,150,149
2890,1,500,0,0,150,3,150,3,2.30738e+06,148,2252.67,150,149
2891,1,500,0,0,150,3,150,3,2.47571e+06,148,2421,150,149
2892,1,500,0,0,150,3,150,3,2.52971e+06,148,2475,150,149
2893,1,500,0,0,150,3,150,3,2.57571e+06,148,2521,150,149
2894,1,500,0,0,150,3,150,3,2.40538e+06,148,2350.67,150,149
2895,1,500,0,0,150,3,150,3,2.39704e+06,148,2342.33,150,149
2896,1,500,0,0,150,3,150,3,2.31871e+06,148,2264,150,149
2897,1,500,0,0,150,3,150,3,2.54971e+06,148,2495,150,149
2898,1,500,0,0,150,3,150,3,2.56671e+06,148,2512,150,149
2899,1,500,0,0,150,3,150,3,2.43471e+06,148,2380,150,149
2900,1,500,0,0,150,3,150,3,2.45838e+06,148,2403.67,150,149
2901,1,500,0,0,150,3,150,3,2.55138e+06,148,2496.67,150,149
2902,1,500,0,0,150,3,150,3,2.33138e+06,148,2276.67,150,149
2903,1,500,0,0,150,3,150,3,2.64071e+06,148,2586,150,149
2904,1,500,0,0,150,3,150,3,2.46904e+06,148,2414.33,150,149
2905,1,500,0,0,150,3,150,3,2.70971e+06,148,2655,150,149
2906,1,500,0,0,150,3,150,3,2.44071e+06,148,2386,150,149
2907,1,500,0,0,150,3,150,3,2.44071e+06,148,2386,150,149
2908,1,500,0,0,150,3,150,3,2.43371e+06,148,2379,150,149
2909,1,500,0,0,150,3,150,3,2.38438e+06,148,2329.67,150,149
2910,1,500,0,0,150,3,150,3,2.43438e+06,148,2379.67,150,149
2911,1,500,0,0,150,3,150,3,2.58371e+06,148,2529,150,149
2912,1,500,0,0,150,3,150,3,2.52738e+06,148,2472.67,150,149
2913,1,500,0,0,150,3,150,3,2.53471e+06,148,2480,150,149
2914,1,500,0,0,150,3,150,3,2.31271e+06,148,2258,150,149
2915,1,500,0,0,150,3,150,3,2.44638e+06,148,2391.67,150,149
2916,1,500,0,0,150,3,150,3,2.55671e+06,148,2502,150,149
2917,1,500,0,0,150,3,150,3,2.42371e+06,148,2369,150,149
2918,1,500,0,0,150,3,150,3,2.38871e+06,148,2334,150,149
2919,1,500,0,0,150,3,150,3,2.58838e+06,148,2533.67,150,149
2920,1,500,0,0,150,3,150,3,2.39071e+06,148,2336,150,149
2921,1,500,0,0,150,3,150,3,2.70638e+06,148,2651.67,150,149
2922,1,500,0,0,150,3,150,3,2.47304e+06,148,2418.33,150,149
2923,1,500,0,0,150,3,150,3,2.28771e+06,148,2233,150,149
2924,1,500,0,0,150,3,150,3,2.48471e+06,148,2430,150,149
2925,1,500,0,0,150,3,150,3,2.52671e+06,148,2472,150,149
2926,1,500,0,0,150,3,150,3,2.35804e+06,148,2303.33,150,149
2927,1,500,0,0,150,3,150,3,2.53371e+06,148,2479,150,149
2928,1,500,0,0,150,3,150,3,2.35404e+06,148,2299.33,150,149
2929,1,500,0,0,150,3,150,3,2.66371e+06,148,2609,150,149
2930,1,500,0,0,150,3,150,3,2.54471e+06,148,2490,150,149
2931,1,500,0,0,150,3,150,3,2.31738e+06,148,2262.67,150,149
2932,1,500,0,0,150,3,150,3,2.55138e+06,148,2496.67,150,149
2933,1,500,0,0,150,3,150,3,2.25071e+06,148,2196,150,149
2934,1,500,0,0,150,3,150,3,2.43971e+06,148,2385,150,149
2935,1,500,0,0,150,3,150,3,2.42904e+06,148,2374.33,150,149
2936,1,500,0,0,150,3,150,3,2.64271e+06,148,2588,150,149
2937,1,500,0,0,150,3,150,3,2.40138e+06,148,2346.67,150,149
2938,1,500,0,0,150,3,150,3,2.52904e+06,148,2474.33,150,149
2939,1,500,0,0,150,3,150,3,2.43971e+06,148,2385,150,149
2940,1,500,0,0,150,3,150,3,2.43138e+06,148,2376.67,150,149
2941,1,500,0,0,150,3,150,3,2.57438e+06,148,2519.67,150,149
2942,1,500,0,0,150,3,150,3,2.35471e+06,148,2300,150,149
2943,1,500,0,0,150,3,150,3,2.68404e+06,148,2629.33,150,149
2944,1,500,0,0,150,3,150,3,2.49971e+06,148,2445,150,149
2945,1,500,0,0,150,3,150,3,2.32438e+06,148,2269.67,150,149
2946,1,500,0,0,150,3,150,3,2.42004e+06,148,2365.33,150,149
2947,1,500,0,0,150,3,150,3,2.52638e+06,148,2471.67,150,149
2948,1,500,0,0,150,3,150,3,2.35038e+06,148,2295.67,150,149
2949,1,500,0,0,150,3,150,3,2.36871e+06,148,2314,150,149
2950,1,500,0,0,150,3,150,3,2.52204e+06,148,2467.33,150,149
2951,1,500,0,0,150,3,150,3,2.59304e+06,148,2538.33,150,149
2952,1,500,0,0,150,3,150,3,2.50538e+06,148,2450.67,150,149
2953,1,500,0,0,150,3,150,3,2.35304e+06,148,2298.33,150,149
2954,1,500,0,0,150,3,150,3,2.56004e+06,148,2505.33,150,149
2955,1,500,0,0,150,3,150,3,2.38704e+06,148,2332.33,150,149
2956,1,500,0,0,150,3,150,3,2.58371e+06,148,2529,150,149
2957,1,500,0,0,150,3,150,3,2.50438e+06,148,2449.67,150,149
2958,1,500,0,0,150,3,150,3,2.51238e+06,148,2457.67,150,149
2959,1,500,0,0,150,3,150,3,2.43671e+06,148,2382,150,149
2960,1,500,0,0,150,3,150,3,2.38704e+06,148,2332.33,150,149
2961,1,500,0,0,150,3,150,3,2.63338e+06,148,2578.67,150,149
2962,1,500,0,0,150,3,150,3,2.54138e+06,148,2486.67,150,149
2963,1,500,0,0,150,3,150,3,2.45038e+06,148,2395.67,150,149
2964,1,500,0,0,150,3,150,3,2.57238e+06,148,2517.67,150,149
2965,1,500,0,0,150,3,150,3,2.33171e+06,148,2277,150,149
2966,1,500,0,0,150,3,150,3,2.63871e+06,148,2584,150,149
2967,1,500,0,0,150,3,150,3,2.47071e+06,148,2416,150,149
2968,1,500,0,0,150,3,150,3,2.41204e+06,148,2357.33,150,149
2969,1,500,0,0,150,3,150,3,2.64271e+06,148,2588,150,149
2970,1,500,0,0,150,3,150,3,2.48304e+06,148,2428.33,150,149
2971,1,500,0,0,150,3,150,3,2.55071e+06,148,2496,150,149
2972,1,500,0,0,150,3,150,3,2.36004e+06,148,2305.33,150,149
2973,1,500,0,0,150,3,150,3,2.48771e+06,148,2433,150,149
2974,1,500,0,0,150,3,150,3,2.76404e+06,148,2709.33,150,149
2975,1,500,0,0,150,3,150,3,2.40971e+06,148,2355,150,149
2976,1,500,0,0,150,3,150,3,2.46971e+06,148,2415,150,149
2977,1,500,0,0,150,3,150,3,2.55238e+06,148,2497.67,150,149
2978,1,500,0,0,150,3,150,3,2.74004e+06,148,2685.33,150,149
2979,1,500,0,0,150,3,150,3,2.48304e+06,148,2428.33,150,149
2980,1,500,0,0,150,3,150,3,2.56638e+06,148,2511.67,150,149
2981,1,500,0,0,150,3,150,3,2.60504e+06,148,2550.33,150,149
2982,1,500,0,0,150,3,150,3,2.42738e+06,148,2372.67,150,149
2983,1,500,0,0,150,3,150,3,2.53704e+06,148,2482.33,150,149
2984,1,500,0,0,150,3,150,3,2.62938e+06,148,2574.67,150,149
2985,1,500,0,0,150,3,150,3,2.47938e+06,148,2424.67,150,149
2986,1,500,0,0,150,3,150,3,2.58604e+06,148,2531.33,150,149
2987,1,500,0,0,150,3,150,3,2.62671e+06,148,2572,150,149
2988,1,500,0,0,150,3,150,3,2.52404e+06,148,2469.33,150,149
2989,1,500,0,0,150,3,150,3,2.44904e+06,148,2394.33,150,149
2990,1,500,0,0,150,3,150,3,2.40271e+06,148,2348,150,149
2991,1,500,0,0,150,3,150,3,2.54904e+06,148,2494.33,150,149
2992,1,500,0,0,150,3,150,3,2.55438e+06,148,2499.67,150,149
2993,1,500,0,0,150,3,150,3,2.45138e+06,148,2396.67,150,149
2994,1,500,0,0,150,3,150,3,2.40304e+06,148,2348.33,150,149
2995,1,500,0,0,150,3,150,3,2.57771e+06,148,2523,150,149
2996,1,500,0,0,150,3,150,3,2.62038e+06,148,2565.67,150,149
2997,1,500,0,0,150,3,150,3,2.51371e+06,148,2459,150,149
2998,1,500,0,0,150,3,150,3,2.28671e+06,148,2232,150,149
2999,1,500,0,0,150,3,150,3,2.35471e+06,148,2300,150,149
3000,1,500,0,0,150,3,150,3,2.32438e+06,148,2269.67,150,149
3001,1,500,0,0,150,3,150,3,2.43304e+06,148,2378.33,150,149
3002,1,500,0,0,150,3,150,3,2.39071e+06,148,2336,150,149
3003,1,500,0,0,150,3,150,3,2.49904e+06,148,2444.33,150,149
3004,1,500,0,0,150,3,150,3,2.59971e+06,148,2545,150,149
3005,1,500,0,0,150,3,150,3,2.51371e+06,148,2459,150,149
3006,1,500,0,0,150,3,150,3,2.44671e+06,148,2392,150,149
3007,1,500,0,0,150,3,150,3,2.46971e+06,148,2415,150,149
3008,1,500,0,0,150,3,150,3,2.52704e+06,148,2472.33,150,149
3009,1,500,0,0,150,3,150,3,2.48738e+06,148,2432.67,150,149
3010,1,500,0,0,150,3,150,3,2.50338e+06,148,2448.67,150,149
3011,1,500,0,0,150,3,150,3,2.60804e+06,148,2553.33,150,149
3012,1,500,0,0,150,3,150,3,2.51071e+06,148,2456,150,149
3013,1,500,0,0,150,3,150,3,2.51838e+06,148,2463.67,150,149
3014,1,500,0,0,150,3,150,3,2.37771e+06,148,2323,150,149
3015,1,500,0,0,150,3,150,3,2.34671e+06,148,2292,150,149
3016,1,500,0,0,150,3,150,3,2.50704e+06,148,2452.33,150,149
3017,1,500,0,0,150,3,150,3,2.59904e+06,148,2544.33,150,149
3018,1,500,0,0,150,3,150,3,2.37971e+06,148,2325,150,149
3019,1,500,0,0,150,3,150,3,2.57638e+06,148,2521.67,150,149
3020,1,500,0,0,150,3,150,3,2.32271e+06,148,2268,150,149
3021,1,500,0,0,150,3,150,3,2.51504e+06,148,2460.33,150,149
3022,1,500,0,0,150,3,150,3,2.39338e+06,148,2338.67,150,149
3023,1,500,0,0,150,3,150,3,2.38638e+06,148,2331.67,150,149
3024,1,500,0,0,150,3,150,3,2.59071e+06,148,2536,150,149
3025,1,500,0,0,150,3,150,3,2.56271e+06,148,2508,150,149
3026,1,500,0,0,150,3,150,3,2.05871e+06,148,2004,150,149
3027,1,500,0,0,150,3,150,3,2.47538e+06,148,2420.67,150,149
3028,1,500,0,0,150,3,150,3,2.26504e+06,148,2210.33,150,149
3029,1,500,0,0,150,3,150,3,2.44704e+06,148,2392.33,150,149
3030,1,500,0,0,150,3,150,3,2.54404e+06,148,2489.33,150,149
3031,1,500,0,0,150,3,150,3,2.40438e+06,148,2349.67,150,149
3032,1,500,0,0,150,3,150,3,2.59071e+06,148,2536,150,149
3033,1,500,0,0,150,3,150,3,2.48604e+06,148,2431.33,150,149
3034,1,500,0,0,150,3,150,3,2.32138e+06,148,2266.67,150,149
3035,1,500,0,0,150,3,150,3,2.40404e+06,148,2349.33,150,149
3036,1,500,0,0,150,3,150,3,2.37004e+06,148,2315.33,150,149
3037,1,500,0,0,150,3,150,3,2.45071e+06,148,2396,150,149
3038,1,500,0,0,150,3,150,3,2.50571e+06,148,2451,150,149
3039,1,500,0,0,150,3,150,3,2.44571e+06,148,2391,150,149
3040,1,500,0,0,150,3,150,3,2.37804e+06,148,2323.33,150,149
3041,1,500,0,0,150,3,150,3,2.61704e+06,148,2562.33,150,149
3042,1,500,0,0,150,3,150,3,2.66104e+06,148,2606.33,150,149
3043,1,500,0,0,150,3,150,3,2.47638e+06,148,2421.67,150,149
3044,1,500,0,0,150,3,150,3,2.42938e+06,148,2374.67,150,149
3045,1,500,0,0,150,3,150,3,2.69838e+06,148,2643.67,150,149
3046,1,500,0,0,150,3,150,3,2.44304e+06,148,2388.33,150,149
3047,1,500,0,0,150,3,150,3,2.53838e+06,148,2483.67,150,149
3048,1,500,0,0,150,3,150,3,2.56038e+06,148,2505.67,150,149
3049,1,500,0,0,150,3,150,3,2.49871e+06,148,2444,150,149
3050,1,500,0,0,150,3,150,3,2.54004e+06,148,2485.33,150,149
3051,1,500,0,0,150,3,150,3,2.56404e+06,148,2509.33,150,149
3052,1,500,0,0,150,3,150,3,2.38971e+06,148,2335,150,149
3053,1,500,0,0,150,3,150,3,2.54771e+06,148,2493,150,149
3054,1,500,0,0,150,3,150,3,2.88404e+06,148,2829.33,150,149
3055,1,500,0,0,150,3,150,3,2.49971e+06,148,2445,150,149
3056,1,500,0,0,150,3,150,3,2.57971e+06,148,2525,150,149
3057,1,500,0,0,150,3,150,3,2.42671e+06,148,2372,150,149
3058,1,500,0,0,150,3,150,3,2.53671e+06,148,2482,150,149
3059,1,500,0,0,150,3,150,3,2.41271e+06,148,2358,150,149
3060,1,500,0,0,150,3,150,3,2.43704e+06,148,2382.33,150,149
3061,1,500,0,0,150,3,150,3,2.44371e+06,148,2389,150,149
3062,1,500,0,0,150,3,150,3,2.72771e+06,148,2673,150,149
3063,1,500,0,0,150,3,150,3,2.58371e+06,148,2529,150,149
3064,1,500,0,0,150,3,150,3,2.42338e+06,148,2368.67,150,149
3065,1,500,0,0,150,3,150,3,2.36671e+06,148,2312,150,149
3066,1,500,0,0,150,3,150,3,2.48938e+06,148,2434.67,150,149
3067,1,500,0,0,150,3,150,3,2.54771e+06,148,2493,150,149
3068,1,500,0,0,150,3,150,3,2.46971e+06,148,2415,150,149
3069,1,500,0,0,150,3,150,3,2.38238e+06,148,2327.67,150,149
3070,1,500,0,0,150,3,150,3,2.50171e+06,148,2447,150,149
3071,1,500,0,0,150,3,150,3,2.60471e+06,148,2550,150,149
3072,1,500,0,0,150,3,150,3,2.36538e+06,148,2310.67,150,149
3073,1,500,0,0,150,3,150,3,2.37938e+06,148,2324.67,150,149
3074,1,500,0,0,150,3,150,3,2.30171e+06,148,2247,150,149
3075,1,500,0,0,150,3,150,3,2.61271e+06,148,2558,150,149
3076,1,500,0,0,150,3,150,3,2.53771e+06,148,2483,150,149
3077,1,500,0,0,150,3,150,3,2.41804e+06,148,2363.33,150,149
3078,1,500,0,0,150,3,150,3,2.64704e+06,148,2592.33,150,149
3079,1,500,0,0,150,3,150,3,2.39671e+06,148,2342,150,149
3080,1,500,0,0,150,3,150,3,2.47471e+06,148,2420,150,149
3081,1,500,0,0,150,3,150,3,2.37604e+06,148,2321.33,150,149
3082,1,500,0,0,150,3,150,3,2.67038e+06,148,2615.67,150,149
3083,1,500,0,0,150,3,150,3,2.53604e+06,148,2481.33,150,149
3084,1,500,0,0,150,3,150,3,2.49104e+06,148,2436.33,150,149
3085,1,500,0,0,150,3,150,3,2.53604e+06,148,2481.33,150,149
3086,1,500,0,0,150,3,150,3,2.55404e+06,148,2499.33,150,149
3087,1,500,0,0,150,3,150,3,2.52404e+06,148,2469.33,150,149
3088,1,500,0,0,150,3,150,3,2.31404e+06,148,2259.33,150,149
3089,1,500,0,0,150,3,150,3,2.18738e+06,148,2132.67,150,149
3090,1,500,0,0,150,3,150,3,2.66604e+06,148,2611.33,150,149
3091,1,500,0,0,150,3,150,3,2.53204e+06,148,2477.33,150,149
3092,1,500,0,0,150,3,150,3,2.59638e+06,148,2541.67,150,149
3093,1,500,0,0,150,3,150,3,2.48004e+06,148,2425.33,150,149
3094,1,500,0,0,150,3,150,3,2.32704e+06,148,2272.33,150,149
3095,1,500,0,0,150,3,150,3,2.54204e+06,148,2487.33,150,149
3096,1,500,0,0,150,3,150,3,2.38871e+06,148,2334,150,149
3097,1,500,0,0,150,3,150,3,2.30838e+06,148,2253.67,150,149
3098,1,500,0,0,150,3,150,3,2.48571e+06,148,2431,150,149
3099,1,500,0,0,150,3,150,3,2.68604e+06,148,2631.33,150,149
3100,1,500,0,0,150,3,150,3,2.52471e+06,148,2470,150,149
3101,1,500,0,0,150,3,150,3,2.15571e+06,148,2101,150,149
3102,1,500,0,0,150,3,150,3,2.44438e+06,148,2389.67,150,149
3103,1,500,0,0,150,3,150,3,2.38471e+06,148,2330,150,149
3104,1,500,0,0,150,3,150,3,2.66471e+06,148,2610,150,149
3105,1,500,0,0,150,3,150,3,2.52671e+06,148,2472,150,149
3106,1,500,0,0,150,3,150,3,2.42771e+06,148,2373,150,149
3107,1,500,0,0,150,3,150,3,2.39804e+06,148,2343.33,150,149
3108,1,500,0,0,150,3,150,3,2.61971e+06,148,2565,150,149
3109,1,500,0,0,150,3,150,3,2.49638e+06,148,2441.67,150,149
3110,1,500,0,0,150,3,150,3,2.58738e+06,148,2532.67,150,149
3111,1,500,0,0,150,3,150,3,2.41504e+06,148,2360.33,150,149
3112,1,500,0,0,150,3,150,3,2.42604e+06,148,2371.33,150,149
3113,1,500,0,0,150,3,150,3,2.49271e+06,148,2438,150,149
3114,1,500,0,0,150,3,150,3,2.47538e+06,148,2420.67,150,149
3115,1,500,0,0,150,3,150,3,2.46804e+06,148,2413.33,150,149
3116,1,500,0,0,150,3,150,3,2.48204e+06,148,2427.33,150,149
3117,1,500,0,0,150,3,150,3,2.57771e+06,148,2523,150,149
3118,1,500,0,0,150,3,150,3,2.42738e+06,148,2372.67,150,149
3119,1,500,0,0,150,3,150,3,2.42071e+06,148,2366,150,149
3120,1,500,0,0,150,3,150,3,2.38304e+06,148,2328.33,150,149
3121,1,500,0,0,150,3,150,3,2.30471e+06,148,2250,150,149
3122,1,500,0,0,150,3,150,3,2.38171e+06,148,2327,150,149
3123,1,500,0,0,150,3,150,3,2.47538e+06,148,2420.67,150,149
3124,1,500,0,0,150,3,150,3,2.49004e+06,148,2435.33,150,149
3125,1,500,0,0,150,3,150,3,2.46671e+06,148,2412,150,149
3126,1,500,0,0,150,3,150,3,2.52971e+06,148,2475,150,149
3127,1,500,0,0,150,3,150,3,2.49238e+06,148,2437.67,150,149
3128,1,500,0,0,150,3,150,3,2.24304e+06,148,2188.33,150,149
3129,1,500,0,0,150,3,150,3,2.28071e+06,148,2226,150,149
3130,1,500,0,0,150,3,150,3,2.50971e+06,148,2455,150,149
3131,1,500,0,0,150,3,150,3,2.45704e+06,148,2402.33,150,149
3132,1,500,0,0,150,3,150,3,2.53671e+06,148,2482,150,149
3133,1,500,0,0,150,3,150,3,2.61004e+06,148,2555.33,150,149
3134,1,500,0,0,150,3,150,3,2.38671e+06,148,2332,150,149
3135,1,500,0,0,150,3,150,3,2.43438e+06,148,2379.67,150,149
3136,1,500,0,0,150,3,150,3,2.61338e+06,148,2558.67,150,149
3137,1,500,0,0,150,3,150,3,2.50471e+06,148,2450,150,149
3138,1,500,0,0,150,3,150,3,2.53838e+06,148,2483.67,150,149
3139,1,500,0,0,150,3,150,3,2.55738e+06,148,2502.67,150,149
3140,1,500,0,0,150,3,150,3,2.40804e+06,148,2353.33,150,149
3141,1,500,0,0,150,3,150,3,2.36004e+06,148,2305.33,150,149
3142,1,500,0,0,150,3,150,3,2.50004e+06,148,2445.33,150,149
3143,1,500,0,0,150,3,150,3,2.39671e+06,148,2342,150,149
3144,1,500,0,0,150,3,150,3,2.56038e+06,148,2505.67,150,149
3145,1,500,0,0,150,3,150,3,2.66704e+06,148,2612.33,150,149
3146,1,500,0,0,150,3,150,3,2.47471e+06,148,2420,150,149
3147,1,500,0,0,150,3,150,3,2.47404e+06,148,2419.33,150,149
3148,1,500,0,0,150,3,150,3,2.33838e+06,148,2283.67,150,149
3149,1,500,0,0,150,3,150,3,2.53338e+06,148,2478.67,150,149
3150,1,500,0,0,150,3,150,3,2.50938e+06,148,2454.67,150,149
3151,1,500,0,0,150,3,150,3,2.47138e+06,148,2416.67,150,149
3152,1,500,0,0,150,3,150,3,2.47438e+06,148,2419.67,150,149
3153,1,500,0,0,150,3,150,3,2.54304e+06,148,2488.33,150,149
3154,1,500,0,0,150,3,150,3,2.38104e+06,148,2326.33,150,149
3155,1,500,0,0,150,3,150,3,2.33904e+06,148,2284.33,150,149
3156,1,500,0,0,150,3,150,3,2.48404e+06,148,2429.33,150,149
3157,1,500,0,0,150,3,150,3,2.43004e+06,148,2375.33,150,149
3158,1,500,0,0,150,3,150,3,2.56338e+06,148,2508.67,150,149
3159,1,500,0,0,150,3,150,3,2.40171e+06,148,2347,150,149
3160,1,500,0,0,150,3,150,3,2.27571e+06,148,2221,150,149
3161,1,500,0,0,150,3,150,3,2.53438e+06,148,2479.67,150,149
3162,1,500,0,0,150,3,150,3,2.45238e+06,148,2397.67,150,149
3163,1,500,0,0,150,3,150,3,2.51071e+06,148,2456,150,149
3164,1,500,0,0,150,3,150,3,2.54038e+06,148,2485.67,150,149
3165,1,500,0,0,150,3,150,3,2.46704e+06,148,2412.33,150,149
3166,1,500,0,0,150,3,150,3,2.42271e+06,148,2368,150,149
3167,1,500,0,0,150,3,150,3,2.62071e+06,148,2566,150,149
3168,1,500,0,0,150,3,150,3,2.52304e+06,148,2468.33,150,149
3169,1,500,0,0,150,3,150,3,2.50704e+06,148,2452.33,150,149
3170,1,500,0,0,150,3,150,3,2.21571e+06,148,2161,150,149
3171,1,500,0,0,150,3,150,3,2.63304e+06,148,2578.33,150,149
3172,1,500,0,0,150,3,150,3,2.45171e+06,148,2397,150,149
3173,1,500,0,0,150,3,150,3,2.57104e+06,148,2516.33,150,149
3174,1,500,0,0,150,3,150,3,2.39471e+06,148,2340,150,149
3175,1,500,0,0,150,3,150,3,2.61238e+06,148,2557.67,150,149
3176,1,500,0,0,150,3,150,3,2.39004e+06,148,2335.33,150,149
3177,1,500,0,0,150,3,150,3,2.43671e+06,148,2382,150,149
3178,1,500,0,0,150,3,150,3,2.49271e+06,148,2438,150,149
3179,1,500,0,0,150,3,150,3,2.50238e+06,148,2447.67,150,149
3180,1,500,0,0,150,3,150,3,2.43971e+06,148,2385,150,149
3181,1,500,0,0,150,3,150,3,2.46238e+06,148,2407.67,150,149
3182,1,500,0,0,150,3,150,3,2.43038e+06,148,2375.67,150,149
3183,1,500,0,0,150,3,150,3,2.57738e+06,148,2522.67,150,149
3184,1,500,0,0,150,3,150,3,2.51038e+06,148,2455.67,150,149
3185,1,500,0,0,150,3,150,3,2.53938e+06,148,2484.67,150,149
3186,1,500,0,0,150,3,150,3,2.51271e+06,148,2458,150,149
3187,1,500,0,0,150,3,150,3,2.47971e+06,148,2425,150,149
3188,1,500,0,0,150,3,150,3,2.36104e+06,148,2306.33,150,149
3189,1,500,0,0,150,3,150,3,2.50804e+06,148,2453.33,150,149
3190,1,500,0,0,150,3,150,3,2.44638e+06,148,2391.67,150,149
3191,1,500,0,0,150,3,150,3,2.59504e+06,148,2540.33,150,149
3192,1,500,0,0,150,3,150,3,2.53671e+06,148,2482,150,149
3193,1,500,0,0,150,3,150,3,2.64438e+06,148,2589.67,150,149
3194,1,500,0,0,150,3,150,3,2.40371e+06,148,2349,150,149
3195,1,500,0,0,150,3,150,3,2.61738e+06,148,2562.67,150,149
3196,1,500,0,0,150,3,150,3,2.65504e+06,148,2600.33,150,149
3197,1,500,0,0,150,3,150,3,2.47938e+06,148,2424.67,150,149
3198,1,500,0,0,150,3,150,3,2.41971e+06,148,2365,150,149
3199,1,500,0,0,150,3,150,3,2.67571e+06,148,2621,150,149
3200,1,500,0,0,150,3,150,3,2.60304e+06,148,2548.33,150,149
3201,1,500,0,0,150,3,150,3,2.58804e+06,148,2533.33,150,149
3202,1,500,0,0,150,3,150,3,2.37704e+06,148,2322.33,150,149
3203,1,500,0,0,150,3,150,3,2.45971e+06,148,2405,150,149
3204,1,500,0,0,150,3,150,3,2.51704e+06,148,2462.33,150,149
3205,1,500,0,0,150,3,150,3,2.30104e+06,148,2246.33,150,149
3206,1,500,0,0,150,3,150,3,2.39304e+06,148,2338.33,150,149
3207,1,500,0,0,150,3,150,3,2.59104e+06,148,2536.33,150,149
3208,1,500,0,0,150,3,150,3,2.45371e+06,148,2399,150,149
3209,1,500,0,0,150,3,150,3,2.43738e+06,148,2382.67,150,149
3210,1,500,0,0,150,3,150,3,2.28038e+06,148,2225.67,150,149
3211,1,500,0,0,150,3,150,3,2.58771e+06,148,2533,150,149
3212,1,500,0,0,150,3,150,3,2.48771e+06,148,2433,150,149
3213,1,500,0,0,150,3,150,3,2.48504e+06,148,2430.33,150,149
3214,1,500,0,0,150,3,150,3,2.42538e+06,148,2370.67,150,149
3215,1,500,0,0,150,3,150,3,2.45571e+06,148,2401,150,149
3216,1,500,0,0,150,3,150,3,2.48671e+06,148,2432,150,149
3217,1,500,0,0,150,3,150,3,2.38571e+06,148,2331,150,149
3218,1,500,0,0,150,3,150,3,2.34338e+06,148,2288.67,150,149
3219,1,500,0,0,150,3,150,3,2.31204e+06,148,2257.33,150,149
3220,1,500,0,0,150,3,150,3,2.42371e+06,148,2369,150,149
3221,1,500,0,0,150,3,150,3,2.51638e+06,148,2461.67,150,149
3222,1,500,0,0,150,3,150,3,2.36071e+06,148,2306,150,149
3223,1,500,0,0,150,3,150,3,2.60371e+06,148,2549,150,149
3224,1,500,0,0,150,3,150,3,2.48938e+06,148,2434.67,150,149
3225,1,500,0,0,150,3,150,3,2.38238e+06,148,2327.67,150,149
3226,1,500,0,0,150,3,150,3,2.32104e+06,148,2266.33,150,149
3227,1,500,0,0,150,3,150,3,2.58171e+06,148,2527,150,149
3228,1,500,0,0,150,3,150,3,2.51171e+06,148,2457,150,149
3229,1,500,0,0,150,3,150,3,2.32104e+06,148,2266.33,150,149
3230,1,500,0,0,150,3,150,3,2.46271e+06,148,2408,150,149
3231,1,500,0,0,150,3,150,3,2.56304e+06,148,2508.33,150,149
3232,1,500,0,0,150,3,150,3,2.47504e+06,148,2420.33,150,149
3233,1,500,0,0,150,3,150,3,2.44304e+06,148,2388.33,150,149
3234,1,500,0,0,150,3,150,3,2.42671e+06,148,2372,150,149
3235,1,500,0,0,150,3,150,3,2.53004e+06,148,2475.33,150,149
3236,1,500,0,0,150,3,150,3,2.47571e+06,148,2421,150,149
3237,1,500,0,0,150,3,150,3,2.46104e+06,148,2406.33,150,149
3238,1,500,0,0,150,3,150,3,2.56738e+06,148,2512.67,150,149
3239,1,500,0,0,150,3,150,3,2.58504e+06,148,2530.33,150,149
3240,1,500,0,0,150,3,150,3,2.52338e+06,148,2468.67,150,149
3241,1,500,0,0,150,3,150,3,2.53638e+06,148,2481.67,150,149
3242,1,500,0,0,150,3,150,3,2.58704e+06,148,2532.33,150,149
3243,1,500,0,0,150,3,150,3,2.25171e+06,148,2197,150,149
3244,1,500,0,0,150,3,150,3,2.47738e+06,148,2422.67,150,149
3245,1,500,0,0,150,3,150,3,2.40738e+06,148,2352.67,150,149
3246,1,500,0,0,150,3,150,3,2.58638e+06,148,2531.67,150,149
3247,1,500,0,0,150,3,150,3,2.48471e+06,148,2430,150,149
3248,1,500,0,0,150,3,150,3,2.37904e+06,148,2324.33,150,149
3249,1,500,0,0,150,3,150,3,2.39904e+06,148,2344.33,150,149
3250,1,500,0,0,150,3,150,3,2.65371e+06,148,2599,150,149
3251,1,500,0,0,150,3,150,3,2.45204e+06,148,2397.33,150,149
3252,1,500,0,0,150,3,150,3,2.54171e+06,148,2487,150,149
3253,1,500,0,0,150,3,150,3,2.58738e+06,148,2532.67,150,149
3254,1,500,0,0,150,3,150,3,2.25038e+06,148,2195.67,150,149
3255,1,500,0,0,150,3,150,3,2.50238e+06,148,2447.67,150,149
3256,1,500,0,0,150,3,150,3,2.51204e+06,148,2457.33,150,149
3257,1,500,0,0,150,3,150,3,2.53071e+06,148,2476,150,149
3258,1,500,0,0,150,3,150,3,2.40538e+06,148,2350.67,150,149
3259,1,500,0,0,150,3,150,3,2.64204e+06,148,2587.33,150,149
3260,1,500,0,0,150,3,150,3,2.45638e+06,148,2401.67,150,149
3261,1,500,0,0,150,3,150,3,2.38271e+06,148,2328,150,149
3262,1,500,0,0,150,3,150,3,2.37604e+06,148,2321.33,150,149
3263,1,500,0,0,150,3,150,3,2.27771e+06,148,2223,150,149
3264,1,500,0,0,150,3,150,3,2.44238e+06,148,2387.67,150,149
3265,1,500,0,0,150,3,150,3,2.52438e+06,148,2469.67,150,149
3266,1,500,0,0,150,3,150,3,2.53038e+06,148,2475.67,150,149
3267,1,500,0,0,150,3,150,3,2.31771e+06,148,2263,150,149
3268,1,500,0,0,150,3,150,3,2.62971e+06,148,2575,150,149
3269,1,500,0,0,150,3,150,3,2.48038e+06,148,2425.67,150,149
3270,1,500,0,0,150,3,150,3,2.54404e+06,148,2489.33,150,149
3271,1,500,0,0,150,3,150,3,2.41204e+06,148,2357.33,150,149
3272,1,500,0,0,150,3,150,3,2.47338e+06,148,2418.67,150,149
3273,1,500,0,0,150,3,150,3,2.27071e+06,148,2216,150,149
3274,1,500,0,0,150,3,150,3,2.56038e+06,148,2505.67,150,149
3275,1,500,0,0,150,3,150,3,2.41704e+06,148,2362.33,150,149
3276,1,500,0,0,150,3,150,3,2.54104e+06,148,2486.33,150,149
3277,1,500,0,0,150,3,150,3,2.55404e+06,148,2499.33,150,149
3278,1,500,0,0,150,3,150,3,2.69171e+06,148,2637,150,149
3279,1,500,0,0,150,3,150,3,2.49071e+06,148,2436,150,149
3280,1,500,0,0,150,3,150,3,2.54071e+06,148,2486,150,149
3281,1,500,0,0,150,3,150,3,2.64238e+06,148,2587.67,150,149
3282,1,500,0,0,150,3,150,3,2.43271e+06,148,2378,150,149
3283,1,500,0,0,150,3,150,3,2.61038e+06,148,2555.67,150,149
3284,1,500,0,0,150,3,150,3,2.50638e+06,148,2451.67,150,149
3285,1,500,0,0,150,3,150,3,2.37371e+06,148,2319,150,149
3286,1,500,0,0,150,3,150,3,2.45371e+06,148,2399,150,149
3287,1,500,0,0,150,3,150,3,2.39004e+06,148,2335.33,150,149
3288,1,500,0,0,150,3,150,3,2.36971e+06,148,2315,150,149
3289,1,500,0,0,150,3,150,3,2.41071e+06,148,2356,150,149
3290,1,500,0,0,150,3,150,3,2.62438e+06,148,2569.67,150,149
3291,1,500,0,0,150,3,150,3,2.50971e+06,148,2455,150,149
3292,1,500,0,0,150,3,150,3,2.38371e+06,148,2329,150,149
3293,1,500,0,0,150,3,150,3,2.37038e+06,148,2315.67,150,149
3294,1,500,0,0,150,3,150,3,2.31238e+06,148,2257.67,150,149
3295,1,500,0,0,150,3,150,3,2.43271e+06,148,2378,150,149
3296,1,500,0,0,150,3,150,3,2.59704e+06,148,2542.33,150,149
3297,1,500,0,0,150,3,150,3,2.46604e+06,148,2411.33,150,149
3298,1,500,0,0,150,3,150,3,2.49004e+06,148,2435.33,150,149
3299,1,500,0,0,150,3,150,3,2.59438e+06,148,2539.67,150,149
3300,1,500,0,0,150,3,150,3,2.65938e+06,148,2604.67,150,149
3301,1,500,0,0,150,3,150,3,2.36871e+06,148,2314,150,149
3302,1,500,0,0,150,3,150,3,2.46104e+06,148,2406.33,150,149
3303,1,500,0,0,150,3,150,3,2.51238e+06,148,2457.67,150,149
3304,1,500,0,0,150,3,150,3,2.43971e+06,148,2385,150,149
3305,1,500,0,0,150,3,150,3,2.42404e+06,148,2369.33,150,149
3306,1,500,0,0,150,3,150,3,2.43638e+06,148,2381.67,150,149
3307,1,500,0,0,150,3,150,3,2.58138e+06,148,2526.67,150,149
3308,1,500,0,0,150,3,150,3,2.40104e+06,148,2346.33,150,149
3309,1,500,0,0,150,3,150,3,2.66304e+06,148,2608.33,150,149
3310,1,500,0,0,150,3,150,3,2.52504e+06,148,2470.33,150,149
3311,1,500,0,0,150,3,150,3,2.39638e+06,148,2341.67,150,149
3312,1,500,0,0,150,3,150,3,2.45671e+06,148,2402,150,149
3313,1,500,0,0,150,3,150,3,2.28371e+06,148,2229,150,149
3314,1,500,0,0,150,3,150,3,2.41604e+06,148,2361.33,150,149
3315,1,500,0,0,150,3,150,3,2.48738e+06,148,2432.67,150,149
3316,1,500,0,0,150,3,150,3,2.62738e+06,148,2572.67,150,149
3317,1,500,0,0,150,3,150,3,2.42204e+06,148,2367.33,150,149
3318,1,500,0,0,150,3,150,3,2.38571e+06,148,2331,150,149
3319,1,500,0,0,150,3,150,3,2.48271e+06,148,2428,150,149
3320,1,500,0,0,150,3,150,3,2.49838e+06,148,2443.67,150,149
3321,1,500,0,0,150,3,150,3,2.39638e+06,148,2341.67,150,149
3322,1,500,0,0,150,3,150,3,2.38338e+06,148,2328.67,150,149
3323,1,500,0,0,150,3,150,3,2.31304e+06,148,2258.33,150,149
3324,1,500,0,0,150,3,150,3,2.50071e+06,148,2446,150,149
3325,1,500,0,0,150,3,150,3,2.49004e+06,148,2435.33,150,149
3326,1,500,0,0,150,3,150,3,2.49271e+06,148,2438,150,149
3327,1,500,0,0,150,3,150,3,2.49571e+06,148,2441,150,149
3328,1,500,0,0,150,3,150,3,2.33904e+06,148,2284.33,150,149
3329,1,500,0,0,150,3,150,3,2.46338e+06,148,2408.67,150,149
3330,1,500,0,0,150,3,150,3,2.59138e+06,148,2536.67,150,149
3331,1,500,0,0,150,3,150,3,2.53804e+06,148,2483.33,150,149
3332,1,500,0,0,150,3,150,3,2.55771e+06,148,2503,150,149
3333,1,500,0,0,150,3,150,3,2.61538e+06,148,2560.67,150,149
3334,1,500,0,0,150,3,150,3,2.37838e+06,148,2323.67,150,149
3335,1,500,0,0,150,3,150,3,2.57671e+06,148,2522,150,149
3336,1,500,0,0,150,3,150,3,2.59604e+06,148,2541.33,150,149
3337,1,500,0,0,150,3,150,3,2.39804e+06,148,2343.33,150,149
3338,1,500,0,0,150,3,150,3,2.49104e+06,148,2436.33,150,149
3339,1,500,0,0,150,3,150,3,2.72471e+06,148,2670,150,149
3340,1,500,0,0,150,3,150,3,2.70171e+06,148,2647,150,149
3341,1,500,0,0,150,3,150,3,2.47704e+06,148,2422.33,150,149
3342,1,500,0,0,150,3,150,3,2.75471e+06,148,2700,150,149
3343,1,500,0,0,150,3,150,3,2.35038e+06,148,2295.67,150,149
3344,1,500,0,0,150,3,150,3,2.67771e+06,148,2623,150,149
3345,1,500,0,0,150,3,150,3,2.53638e+06,148,2481.67,150,149
3346,1,500,0,0,150,3,150,3,2.61271e+06,148,2558,150,149
3347,1,500,0,0,150,3,150,3,2.58638e+06,148,2531.67,150,149
3348,1,500,0,0,150,3,150,3,2.60171e+06,148,2547,150,149
3349,1,500,0,0,150,3,150,3,2.54071e+06,148,2486,150,149
3350,1,500,0,0,150,3,150,3,2.41804e+06,148,2363.33,150,149
3351,1,500,0,0,150,3,150,3,2.40204e+06,148,2347.33,150,149
3352,1,500,0,0,150,3,150,3,2.25838e+06,148,2203.67,150,149
3353,1,500,0,0,150,3,150,3,2.51538e+06,148,2460.67,150,149
3354,1,500,0,0,150,3,150,3,2.41104e+06,148,2356.33,150,149
3355,1,500,0,0,150,3,150,3,2.49004e+06,148,2435.33,150,149
3356,1,500,0,0,150,3,150,3,2.40238e+06,148,2347.67,150,149
3357,1,500,0,0,150,3,150,3,2.40371e+06,148,2349,150,149
3358,1,500,0,0,150,3,150,3,2.52871e+06,148,2474,150,149
3359,1,500,0,0,150,3,150,3,2.40571e+06,148,2351,150,149
3360,1,500,0,0,150,3,150,3,2.48371e+06,148,2429,150,149
3361,1,500,0,0,150,3,150,3,2.50271e+06,148,2448,150,149
3362,1,500,0,0,150,3,150,3,2.39204e+06,148,2337.33,150,149
3363,1,500,0,0,150,3,150,3,2.29171e+06,148,2237,150,149
3364,1,500,0,0,150,3,150,3,2.40004e+06,148,2345.33,150,149
3365,1,500,0,0,150,3,150,3,2.45304e+06,148,2398.33,150,149
3366,1,500,0,0,150,3,150,3,2.84604e+06,148,2791.33,150,149
3367,1,500,0,0,150,3,150,3,2.56938e+06,148,2514.67,150,149
3368,1,500,0,0,150,3,150,3,2.48071e+06,148,2426,150,149
3369,1,500,0,0,150,3,150,3,2.66504e+06,148,2610.33,150,149
3370,1,500,0,0,150,3,150,3,2.53471e+06,148,2480,150,149
3371,1,500,0,0,150,3,150,3,2.51871e+06,148,2464,150,149
3372,1,500,0,0,150,3,150,3,2.38138e+06,148,2326.67,150,149
3373,1,500,0,0,150,3,150,3,2.37271e+06,148,2318,150,149
3374,1,500,0,0,150,3,150,3,2.37171e+06,148,2317,150,149
3375,1,500,0,0,150,3,150,3,2.57971e+06,148,2525,150,149
3376,1,500,0,0,150,3,150,3,2.48004e+06,148,2425.33,150,149
3377,1,500,0,0,150,3,150,3,2.51104e+06,148,2456.33,150,149
3378,1,500,0,0,150,3,150,3,2.47238e+06,148,2417.67,150,149
3379,1,500,0,0,150,3,150,3,2.64004e+06,148,2585.33,150,149
3380,1,500,0,0,150,3,150,3,2.60504e+06,148,2550.33,150,149
3381,1,500,0,0,150,3,150,3,2.52071e+06,148,2466,150,149
3382,1,500,0,0,150,3,150,3,2.54671e+06,148,2492,150,149
3383,1,500,0,0,150,3,150,3,2.56171e+06,148,2507,150,149
3384,1,500,0,0,150,3,150,3,2.46571e+06,148,2411,150,149
3385,1,500,0,0,150,3,150,3,2.48404e+06,148,2429.33,150,149
3386,1,500,0,0,150,3,150,3,2.37271e+06,148,2318,150,149
3387,1,500,0,0,150,3,150,3,2.51938e+06,148,2464.67,150,149
3388,1,500,0,0,150,3,150,3,2.55938e+06,148,2504.67,150,149
3389,1,500,0,0,150,3,150,3,2.73038e+06,148,2675.67,150,149
3390,1,500,0,0,150,3,150,3,2.40971e+06,148,2355,150,149
3391,1,500,0,0,150,3,150,3,2.40704e+06,148,2352.33,150,149
3392,1,500,0,0,150,3,150,3,2.19238e+06,148,2137.67,150,149
3393,1,500,0,0,150,3,150,3,2.30738e+06,148,2252.67,150,149
3394,1,500,0,0,150,3,150,3,2.39071e+06,148,2336,150,149
3395,1,500,0,0,150,3,150,3,2.74338e+06,148,2688.67,150,149
3396,1,500,0,0,150,3,150,3,2.30938e+06,148,2254.67,150,149
3397,1,500,0,0,150,3,150,3,2.64371e+06,148,2589,150,149
3398,1,500,0,0,150,3,150,3,2.47271e+06,148,2418,150,149
3399,1,500,0,0,150,3,150,3,2.46471e+06,148,2410,150,149
3400,1,500,0,0,150,3,150,3,2.51504e+06,148,2460.33,150,149
3401,1,500,0,0,150,3,150,3,2.68271e+06,148,2628,150,149
3402,1,500,0,0,150,3,150,3,2.40371e+06,148,2349,150,149
3403,1,500,0,0,150,3,150,3,2.60871e+06,148,2554,150,149
3404,1,500,0,0,150,3,150,3,2.26504e+06,148,2210.33,150,149
3405,1,500,0,0,150,3,150,3,2.31138e+06,148,2256.67,150,149
3406,1,500,0,0,150,3,150,3,2.36638e+06,148,2311.67,150,149
3407,1,500,0,0,150,3,150,3,2.48671e+06,148,2432,150,149
3408,1,500,0,0,150,3,150,3,2.36238e+06,148,2307.67,150,149
3409,1,500,0,0,150,3,150,3,2.44171e+06,148,2387,150,149
3410,1,500,0,0,150,3,150,3,2.21871e+06,148,2164,150,149
3411,1,500,0,0,150,3,150,3,2.50038e+06,148,2445.67,150,149
3412,1,500,0,0,150,3,150,3,2.29571e+06,148,2241,150,149
3413,1,500,0,0,150,3,150,3,2.56104e+06,148,2506.33,150,149
3414,1,500,0,0,150,3,150,3,2.36038e+06,148,2305.67,150,149
3415,1,500,0,0,150,3,150,3,2.71771e+06,148,2663,150,149
3416,1,500,0,0,150,3,150,3,2.47904e+06,148,2424.33,150,149
3417,1,500,0,0,150,3,150,3,2.65904e+06,148,2604.33,150,149
3418,1,500,0,0,150,3,150,3,2.38638e+06,148,2331.67,150,149
3419,1,500,0,0,150,3,150,3,2.48604e+06,148,2431.33,150,149
3420,1,500,0,0,150,3,150,3,2.50504e+06,148,2450.33,150,149
3421,1,500,0,0,150,3,150,3,2.48238e+06,148,2427.67,150,149
3422,1,500,0,0,150,3,150,3,2.46404e+06,148,2409.33,150,149
3423,1,500,0,0,150,3,150,3,2.68104e+06,148,2626.33,150,149
3424,1,500,0,0,150,3,150,3,2.40238e+06,148,2347.67,150,149
3425,1,500,0,0,150,3,150,3,2.51604e+06,148,2461.33,150,149
3426,1,500,0,0,150,3,150,3,2.42204e+06,148,2367.33,150,149
3427,1,500,0,0,150,3,150,3,2.69871e+06,148,2644,150,149
3428,1,500,0,0,150,3,150,3,2.33804e+06,148,2283.33,150,149
3429,1,500,0,0,150,3,150,3,2.43904e+06,148,2384.33,150,149
3430,1,500,0,0,150,3,150,3,2.54071e+06,148,2486,150,149
3431,1,500,0,0,150,3,150,3,2.25604e+06,148,2201.33,150,149
3432,1,500,0,0,150,3,150,3,2.49904e+06,148,2444.33,150,149
3433,1,500,0,0,150,3,150,3,2.43204e+06,148,2377.33,150,149
3434,1,500,0,0,150,3,150,3,2.20638e+06,148,2151.67,150,149
3435,1,500,0,0,150,3,150,3,2.51338e+06,148,2458.67,150,149
3436,1,500,0,0,150,3,150,3,2.80904e+06,148,2754.33,150,149
3437,1,500,0,0,150,3,150,3,2.52271e+06,148,2468,150,149
3438,1,500,0,0,150,3,150,3,2.53704e+06,148,2482.33,150,149
3439,1,500,0,0,150,3,150,3,2.53071e+06,148,2476,150,149
3440,1,500,0,0,150,3,150,3,2.58238e+06,148,2527.67,150,149
3441,1,500,0,0,150,3,150,3,2.58838e+06,148,2533.67,150,149
3442,1,500,0,0,150,3,150,3,2.50371e+06,148,2449,150,149
3443,1,500,0,0,150,3,150,3,2.60804e+06,148,2553.33,150,149
3444,1,500,0,0,150,3,150,3,2.41738e+06,148,2362.67,150,149
3445,1,500,0,0,150,3,150,3,2.50838e+06,148,2453.67,150,149
3446,1,500,0,0,150,3,150,3,2.54671e+06,148,2492,150,149
3447,1,500,0,0,150,3,150,3,2.43571e+06,148,2381,150,149
3448,1,500,0,0,150,3,150,3,2.52171e+06,148,2467,150,149
3449,1,500,0,0,150,3,150,3,2.38271e+06,148,2328,150,149
3450,1,500,0,0,150,3,150,3,2.57404e+06,148,2519.33,150,149
3451,1,500,0,0,150,3,150,3,2.38604e+06,148,2331.33,150,149
3452,1,500,0,0,150,3,150,3,2.56838e+06,148,2513.67,150,149
3453,1,500,0,0,150,3,150,3,2.45004e+06,148,2395.33,150,149
3454,1,500,0,0,150,3,150,3,2.55938e+06,148,2504.67,150,149
3455,1,500,0,0,150,3,150,3,2.37371e+06,148,2319,150,149
3456,1,500,0,0,150,3,150,3,2.50904e+06,148,2454.33,150,149
3457,1,500,0,0,150,3,150,3,2.39571e+06,148,2341,150,149
3458,1,500,0,0,150,3,150,3,2.50504e+06,148,2450.33,150,149
3459,1,500,0,0,150,3,150,3,2.43438e+06,148,2379.67,150,149
3460,1,500,0,0,150,3,150,3,2.61404e+06,148,2559.33,150,149
3461,1,500,0,0,150,3,150,3,2.53638e+06,148,2481.67,150,149
3462,1,500,0,0,150,3,150,3,2.64571e+06,148,2591,150,149
3463,1,500,0,0,150,3,150,3,2.49104e+06,148,2436.33,150,149
3464,1,500,0,0,150,3,150,3,2.42071e+06,148,2366,150,149
3465,1,500,0,0,150,3,150,3,2.44471e+06,148,2390,150,149
3466,1,500,0,0,150,3,150,3,2.58838e+06,148,2533.67,150,149
3467,1,500,0,0,150,3,150,3,2.39538e+06,148,2340.67,150,149
3468,1,500,0,0,150,3,150,3,2.42938e+06,148,2374.67,150,149
3469,1,500,0,0,150,3,150,3,2.39204e+06,148,2337.33,150,149
3470,1,500,0,0,150,3,150,3,2.60971e+06,148,2555,150,149
3471,1,500,0,0,150,3,150,3,2.59538e+06,148,2540.67,150,149
3472,1,500,0,0,150,3,150,3,2.48671e+06,148,2432,150,149
3473,1,500,0,0,150,3,150,3,2.52304e+06,148,2468.33,150,149
3474,1,500,0,0,150,3,150,3,2.43938e+06,148,2384.67,150,149
3475,1,500,0,0,150,3,150,3,2.51938e+06,148,2464.67,150,149
3476,1,500,0,0,150,3,150,3,2.50171e+06,148,2447,150,149
3477,1,500,0,0,150,3,150,3,2.47571e+06,148,2421,150,149
3478,1,500,0,0,150,3,150,3,2.48704e+06,148,2432.33,150,149
3479,1,500,0,0,150,3,150,3,2.57638e+06,148,2521.67,150,149
3480,1,500,0,0,150,3,150,3,2.67204e+06,148,2617.33,150,149
3481,1,500,0,0,150,3,150,3,2.38904e+06,148,2334.33,150,149
3482,1,500,0,0,150,3,150,3,2.35438e+06,148,2299.67,150,149
3483,1,500,0,0,150,3,150,3,2.39938e+06,148,2344.67,150,149
3484,1,500,0,0,150,3,150,3,2.36071e+06,148,2306,150,149
3485,1,500,0,0,150,3,150,3,2.37771e+06,148,2323,150,149
3486,1,500,0,0,150,3,150,3,2.54038e+06,148,2485.67,150,149
3487,1,500,0,0,150,3,150,3,2.49871e+06,148,2444,150,149
3488,1,500,0,0,150,3,150,3,2.35371e+06,148,2299,150,149
3489,1,500,0,0,150,3,150,3,2.71871e+06,148,2664,150,149
3490,1,500,0,0,150,3,150,3,2.46971e+06,148,2415,150,149
3491,1,500,0,0,150,3,150,3,2.35471e+06,148,2300,150,149
3492,1,500,0,0,150,3,150,3,2.51638e+06,148,2461.67,150,149
3493,1,500,0,0,150,3,150,3,2.35938e+06,148,2304.67,150,149
3494,1,500,0,0,150,3,150,3,2.42438e+06,148,2369.67,150,149
3495,1,500,0,0,150,3,150,3,2.48938e+06,148,2434.67,150,149
3496,1,500,0,0,150,3,150,3,2.49338e+06,148,2438.67,150,149
3497,1,500,0,0,150,3,150,3,2.54171e+06,148,2487,150,149
3498,1,500,0,0,150,3,150,3,2.57371e+06,148,2519,150,149
3499,1,500,0,0,150,3,150,3,2.28804e+06,148,2233.33,150,149
3500,1,500,0,0,150,3,150,3,2.43671e+06,148,2382,150,149
3501,1,500,0,0,150,3,150,3,2.54071e+06,148,2486,150,149
3502,1,500,0,0,150,3,150,3,2.34571e+06,148,2291,150,149
3503,1,500,0,0,150,3,150,3,2.21838e+06,148,2163.67,150,149
3504,1,500,0,0,150,3,150,3,2.51604e+06,148,2461.33,150,149
3505,1,500,0,0,150,3,150,3,2.45804e+06,148,2403.33,150,149
3506,1,500,0,0,150,3,150,3,2.36104e+06,148,2306.33,150,149
3507,1,500,0,0,150,3,150,3,2.40738e+06,148,2352.67,150,149
3508,1,500,0,0,150,3,150,3,2.29371e+06,148,2239,150,149
3509,1,500,0,0,150,3,150,3,2.60371e+06,148,2549,150,149
3510,1,500,0,0,150,3,150,3,2.50671e+06,148,2452,150,149
3511,1,500,0,0,150,3,150,3,2.36838e+06,148,2313.67,150,149
3512,1,500,0,0,150,3,150,3,2.30938e+06,148,2254.67,150,149
3513,1,500,0,0,150,3,150,3,2.43338e+06,148,2378.67,150,149
3514,1,500,0,0,150,3,150,3,2.46138e+06,148,2406.67,150,149
3515,1,500,0,0,150,3,150,3,2.56738e+06,148,2512.67,150,149
3516,1,500,0,0,150,3,150,3,2.69404e+06,148,2639.33,150,149
3517,1,500,0,0,150,3,150,3,2.70804e+06,148,2653.33,150,149
3518,1,500,0,0,150,3,150,3,2.53871e+06,148,2484,150,149
3519,1,500,0,0,150,3,150,3,2.44771e+06,148,2393,150,149
3520,1,500,0,0,150,3,150,3,2.29338e+06,148,2238.67,150,149
3521,1,500,0,0,150,3,150,3,2.42871e+06,148,2374,150,149
3522,1,500,0,0,150,3,150,3,2.32238e+06,148,2267.67,150,149
3523,1,500,0,0,150,3,150,3,2.60971e+06,148,2555,150,149
3524,1,500,0,0,150,3,150,3,2.66271e+06,148,2608,150,149
3525,1,500,0,0,150,3,150,3,2.47838e+06,148,2423.67,150,149
3526,1,500,0,0,150,3,150,3,2.64038e+06,148,2585.67,150,149
3527,1,500,0,0,150,3,150,3,2.73371e+06,148,2679,150,149
3528,1,500,0,0,150,3,150,3,2.30871e+06,148,2254,150,149
3529,1,500,0,0,150,3,150,3,2.37671e+06,148,2322,150,149
3530,1,500,0,0,150,3,150,3,2.53804e+06,148,2483.33,150,149
3531,1,500,0,0,150,3,150,3,2.74038e+06,148,2685.67,150,149
3532,1,500,0,0,150,3,150,3,2.51204e+06,148,2457.33,150,149
3533,1,500,0,0,150,3,150,3,2.34471e+06,148,2290,150,149
3534,1,500,0,0,150,3,150,3,2.31504e+06,148,2260.33,150,149
3535,1,500,0,0,150,3,150,3,2.42304e+06,148,2368.33,150,149
3536,1,500,0,0,150,3,150,3,2.65304e+06,148,2598.33,150,149
3537,1,500,0,0,150,3,150,3,2.47304e+06,148,2418.33,150,149
3538,1,500,0,0,150,3,150,3,2.44838e+06,148,2393.67,150,149
3539,1,500,0,0,150,3,150,3,2.54938e+06,148,2494.67,150,149
3540,1,500,0,0,150,3,150,3,2.46071e+06,148,2406,150,149
3541,1,500,0,0,150,3,150,3,2.46604e+06,148,2411.33,150,149
3542,1,500,0,0,150,3,150,3,2.50171e+06,148,2447,150,149
3543,1,500,0,0,150,3,150,3,2.36604e+06,148,2311.33,150,149
3544,1,500,0,0,150,3,150,3,2.58104e+06,148,2526.33,150,149
3545,1,500,0,0,150,3,150,3,2.50738e+06,148,2452.67,150,149
3546,1,500,0,0,150,3,150,3,2.59071e+06,148,2536,150,149
3547,1,500,0,0,150,3,150,3,2.35604e+06,148,2301.33,150,149
3548,1,500,0,0,150,3,150,3,2.47838e+06,148,2423.67,150,149
3549,1,500,0,0,150,3,150,3,2.39438e+06,148,2339.67,150,149
3550,1,500,0,0,150,3,150,3,2.36304e+06,148,2308.33,150,149
3551,1,500,0,0,150,3,150,3,2.51671e+06,148,2462,150,149
3552,1,500,0,0,150,3,150,3,2.38271e+06,148,2328,150,149
3553,1,500,0,0,150,3,150,3,2.66904e+06,148,2614.33,150,149
3554,1,500,0,0,150,3,150,3,2.51038e+06,148,2455.67,150,149
3555,1,500,0,0,150,3,150,3,2.45838e+06,148,2403.67,150,149
3556,1,500,0,0,150,3,150,3,2.41138e+06,148,2356.67,150,149
3557,1,500,0,0,150,3,150,3,2.54804e+06,148,2493.33,150,149
3558,1,500,0,0,150,3,150,3,2.46638e+06,148,2411.67,150,149
3559,1,500,0,0,150,3,150,3,2.78338e+06,148,2728.67,150,149
3560,1,500,0,0,150,3,150,3,2.27238e+06,148,2217.67,150,149
3561,1,500,0,0,150,3,150,3,2.64704e+06,148,2592.33,150,149
3562,1,500,0,0,150,3,150,3,2.48171e+06,148,2427,150,149
3563,1,500,0,0,150,3,150,3,2.39838e+06,148,2343.67,150,149
3564,1,500,0,0,150,3,150,3,2.54071e+06,148,2486,150,149
3565,1,500,0,0,150,3,150,3,2.52371e+06,148,2469,150,149
3566,1,500,0,0,150,3,150,3,2.45438e+06,148,2399.67,150,149
3567,1,500,0,0,150,3,150,3,2.55038e+06,148,2495.67,150,149
3568,1,500,0,0,150,3,150,3,2.46104e+06,148,2406.33,150,149
3569,1,500,0,0,150,3,150,3,2.48304e+06,148,2428.33,150,149
3570,1,500,0,0,150,3,150,3,2.38271e+06,148,2328,150,149
3571,1,500,0,0,150,3,150,3,2.61138e+06,148,2556.67,150,149
3572,1,500,0,0,150,3,150,3,2.48304e+06,148,2428.33,150,149
3573,1,500,0,0,150,3,150,3,2.56638e+06,148,2511.67,150,149
3574,1,500,0,0,150,3,150,3,2.61038e+06,148,2555.67,150,149
3575,1,500,0,0,150,3,150,3,2.46571e+06,148,2411,150,149
3576,1,500,0,0,150,3,150,3,2.58038e+06,148,2525.67,150,149
3577,1,500,0,0,150,3,150,3,2.55904e+06,148,2504.33,150,149
3578,1,500,0,0,150,3,150,3,2.40671e+06,148,2352,150,149
3579,1,500,0,0,150,3,150,3,2.39938e+06,148,2344.67,150,149
3580,1,500,0,0,150,3,150,3,2.45971e+06,148,2405,150,149
3581,1,500,0,0,150,3,150,3,2.55571e+06,148,2501,150,149
3582,1,500,0,0,150,3,150,3,2.49804e+06,148,2443.33,150,149
3583,1,500,0,0,150,3,150,3,2.67504e+06,148,2620.33,150,149
3584,1,500,0,0,150,3,150,3,2.35738e+06,148,2302.67,150,149
3585,1,500,0,0,150,3,150,3,2.67538e+06,148,2620.67,150,149
3586,1,500,0,0,150,3,150,3,2.34071e+06,148,2286,150,149
3587,1,500,0,0,150,3,150,3,2.30604e+06,148,2251.33,150,149
3588,1,500,0,0,150,3,150,3,2.48004e+06,148,2425.33,150,149
3589,1,500,0,0,150,3,150,3,2.47171e+06,148,2417,150,149
3590,1,500,0,0,150,3,150,3,2.64738e+06,148,2592.67,150,149
3591,1,500,0,0,150,3,150,3,2.44638e+06,148,2391.67,150,149
3592,1,500,0,0,150,3,150,3,2.46971e+06,148,2415,150,149
3593,1,500,0,0,150,3,150,3,2.36971e+06,148,2315,150,149
3594,1,500,0,0,150,3,150,3,2.53338e+06,148,2478.67,150,149
3595,1,500,0,0,150,3,150,3,2.31038e+06,148,2255.67,150,149
3596,1,500,0,0,150,3,150,3,2.44304e+06,148,2388.33,150,149
3597,1,500,0,0,150,3,150,3,2.43338e+06,148,2378.67,150,149
3598,1,500,0,0,150,3,150,3,2.46238e+06,148,2407.67,150,149
3599,1,500,0,0,150,3,150,3,2.53638e+06,148,2481.67,150,149
3600,1,500,0,0,150,3,150,3,2.36938e+06,148,2314.67,150,149
3601,1,500,0,0,150,3,150,3,2.51971e+06,148,2465,150,149
3602,1,500,0,0,150,3,150,3,2.44571e+06,148,2391,150,149
3603,1,500,0,0,150,3,150,3,2.40904e+06,148,2354.33,150,149
3604,1,500,0,0,150,3,150,3,2.48438e+06,148,2429.67,150,149
3605,1,500,0,0,150,3,150,3,2.30738e+06,148,2252.67,150,149
3606,1,500,0,0,150,3,150,3,2.72604e+06,148,2671.33,150,149
3607,1,500,0,0,150,3,150,3,2.41604e+06,148,2361.33,150,149
3608,1,500,0,0,150,3,150,3,2.50904e+06,148,2454.33,150,149
3609,1,500,0,0,150,3,150,3,2.68304e+06,148,2628.33,150,149
3610,1,500,0,0,150,3,150,3,2.43904e+06,148,2384.33,150,149
3611,1,500,0,0,150,3,150,3,2.46471e+06,148,2410,150,149
3612,1,500,0,0,150,3,150,3,2.44071e+06,148,2386,150,149
3613,1,500,0,0,150,3,150,3,2.30138e+06,148,2246.67,150,149
3614,1,500,0,0,150,3,150,3,2.46771e+06,148,2413,150,149
3615,1,500,0,0,150,3,150,3,2.40804e+06,148,2353.33,150,149
3616,1,500,0,0,150,3,150,3,2.54771e+06,148,2493,150,149
3617,1,500,0,0,150,3,150,3,2.60038e+06,148,2545.67,150,149
3618,1,500,0,0,150,3,150,3,2.23904e+06,148,2184.33,150,149
3619,1,500,0,0,150,3,150,3,2.36504e+06,148,2310.33,150,149
3620,1,500,0,0,150,3,150,3,2.36171e+06,148,2307,150,149
3621,1,500,0,0,150,3,150,3,2.39271e+06,148,2338,150,149
3622,1,500,0,0,150,3,150,3,2.55571e+06,148,2501,150,149
3623,1,500,0,0,150,3,150,3,2.57704e+06,148,2522.33,150,149
3624,1,500,0,0,150,3,150,3,2.57838e+06,148,2523.67,150,149
3625,1,500,0,0,150,3,150,3,2.37971e+06,148,2325,150,149
3626,1,500,0,0,150,3,150,3,2.49771e+06,148,2443,150,149
3627,1,500,0,0,150,3,150,3,2.40971e+06,148,2355,150,149
3628,1,500,0,0,150,3,150,3,2.39871e+06,148,2344,150,149
3629,1,500,0,0,150,3,150,3,2.45104e+06,148,2396.33,150,149
3630,1,500,0,0,150,3,150,3,2.49171e+06,148,2437,150,149
3631,1,500,0,0,150,3,150,3,2.41471e+06,148,2360,150,149
3632,1,500,0,0,150,3,150,3,2.40438e+06,148,2349.67,150,149
3633,1,500,0,0,150,3,150,3,2.38338e+06,148,2328.67,150,149
3634,1,500,0,0,150,3,150,3,2.54438e+06,148,2489.67,150,149
3635,1,500,0,0,150,3,150,3,2.44404e+06,148,2389.33,150,149
3636,1,500,0,0,150,3,150,3,2.27971e+06,148,2225,150,149
3637,1,500,0,0,150,3,150,3,2.18238e+06,148,2127.67,150,149
3638,1,500,0,0,150,3,150,3,2.38504e+06,148,2330.33,150,149
3639,1,500,0,0,150,3,150,3,2.39404e+06,148,2339.33,150,149
3640,1,500,0,0,150,3,150,3,2.42638e+06,148,2371.67,150,149
3641,1,500,0,0,150,3,150,3,2.52004e+06,148,2465.33,150,149
3642,1,500,0,0,150,3,150,3,2.51504e+06,148,2460.33,150,149
3643,1,500,0,0,150,3,150,3,2.39004e+06,148,2335.33,150,149
3644,1,500,0,0,150,3,150,3,2.56771e+06,148,2513,150,149
3645,1,500,0,0,150,3,150,3,2.57571e+06,148,2521,150,149
3646,1,500,0,0,150,3,150,3,2.11171e+06,148,2057,150,149
3647,1,500,0,0,150,3,150,3,2.32238e+06,148,2267.67,150,149
3648,1,500,0,0,150,3,150,3,2.41638e+06,148,2361.67,150,149
3649,1,500,0,0,150,3,150,3,2.49471e+06,148,2440,150,149
3650,1,500,0,0,150,3,150,3,2.52771e+06,148,2473,150,149
3651,1,500,0,0,150,3,150,3,2.38171e+06,148,2327,150,149
3652,1,500,0,0,150,3,150,3,2.62938e+06,148,2574.67,150,149
3653,1,500,0,0,150,3,150,3,2.29538e+06,148,2240.67,150,149
3654,1,500,0,0,150,3,150,3,2.44971e+06,148,2395,150,149
3655,1,500,0,0,150,3,150,3,2.63271e+06,148,2578,150,149
3656,1,500,0,0,150,3,150,3,2.61471e+06,148,2560,150,149
3657,1,500,0,0,150,3,150,3,2.53704e+06,148,2482.33,150,149
3658,1,500,0,0,150,3,150,3,2.50804e+06,148,2453.33,150,149
3659,1,500,0,0,150,3,150,3,2.56038e+06,148,2505.67,150,149
3660,1,500,0,0,150,3,150,3,2.66771e+06,148,2613,150,149
3661,1,500,0,0,150,3,150,3,2.19004e+06,148,2135.33,150,149
3662,1,500,0,0,150,3,150,3,2.29071e+06,148,2236,150,149
3663,1,500,0,0,150,3,150,3,2.46471e+06,148,2410,150,149
3664,1,500,0,0,150,3,150,3,2.55671e+06,148,2502,150,149
3665,1,500,0,0,150,3,150,3,2.49271e+06,148,2438,150,149
3666,1,500,0,0,150,3,150,3,2.48038e+06,148,2425.67,150,149
3667,1,500,0,0,150,3,150,3,2.56838e+06,148,2513.67,150,149
3668,1,500,0,0,150,3,150,3,2.59604e+06,148,2541.33,150,149
3669,1,500,0,0,150,3,150,3,2.34604e+06,148,2291.33,150,149
3670,1,500,0,0,150,3,150,3,2.36504e+06,148,2310.33,150,149
3671,1,500,0,0,150,3,150,3,2.53171e+06,148,2477,150,149
3672,1,500,0,0,150,3,150,3,2.61604e+06,148,2561.33,150,149
3673,1,500,0,0,150,3,150,3,2.23904e+06,148,2184.33,150,149
3674,1,500,0,0,150,3,150,3,2.67438e+06,148,2619.67,150,149
3675,1,500,0,0,150,3,150,3,2.49204e+06,148,2437.33,150,149
3676,1,500,0,0,150,3,150,3,2.44938e+06,148,2394.67,150,149
3677,1,500,0,0,150,3,150,3,2.50704e+06,148,2452.33,150,149
3678,1,500,0,0,150,3,150,3,2.43904e+06,148,2384.33,150,149
3679,1,500,0,0,150,3,150,3,2.66071e+06,148,2606,150,149
3680,1,500,0,0,150,3,150,3,2.37604e+06,148,2321.33,150,149
3681,1,500,0,0,150,3,150,3,2.50738e+06,148,2452.67,150,149
3682,1,500,0,0,150,3,150,3,2.57438e+06,148,2519.67,150,149
3683,1,500,0,0,150,3,150,3,2.38738e+06,148,2332.67,150,149
3684,1,500,0,0,150,3,150,3,2.40638e+06,148,2351.67,150,149
3685,1,500,0,0,150,3,150,3,2.56138e+06,148,2506.67,150,149
3686,1,500,0,0,150,3,150,3,2.48938e+06,148,2434.67,150,149
3687,1,500,0,0,150,3,150,3,2.35471e+06,148,2300,150,149
3688,1,500,0,0,150,3,150,3,2.46304e+06,148,2408.33,150,149
3689,1,500,0,0,150,3,150,3,2.36138e+06,148,2306.67,150,149
3690,1,500,0,0,150,3,150,3,2.66671e+06,148,2612,150,149
3691,1,500,0,0,150,3,150,3,2.55704e+06,148,2502.33,150,149
3692,1,500,0,0,150,3,150,3,2.41604e+06,148,2361.33,150,149
3693,1,500,0,0,150,3,150,3,2.50871e+06,148,2454,150,149
3694,1,500,0,0,150,3,150,3,2.43471e+06,148,2380,150,149
3695,1,500,0,0,150,3,150,3,2.52371e+06,148,2469,150,149
3696,1,500,0,0,150,3,150,3,2.63004e+06,148,2575.33,150,149
3697,1,500,0,0,150,3,150,3,2.55438e+06,148,2499.67,150,149
3698,1,500,0,0,150,3,150,3,2.55471e+06,148,2500,150,149
3699,1,500,0,0,150,3,150,3,2.50171e+06,148,2447,150,149
3700,1,500,0,0,150,3,150,3,2.38338e+06,148,2328.67,150,149
3701,1,500,0,0,150,3,150,3,2.47571e+06,148,2421,150,149
3702,1,500,0,0,150,3,150,3,2.47171e+06,148,2417,150,149
3703,1,500,0,0,150,3,150,3,2.48604e+06,148,2431.33,150,149
3704,1,500,0,0,150,3,150,3,2.43204e+06,148,2377.33,150,149
3705,1,500,0,0,150,3,150,3,2.49404e+06,148,2439.33,150,149
3706,1,500,0,0,150,3,150,3,2.52971e+06,148,2475,150,149
3707,1,500,0,0,150,3,150,3,2.43171e+06,148,2377,150,149
3708,1,500,0,0,150,3,150,3,2.41938e+06,148,2364.67,150,149
3709,1,500,0,0,150,3,150,3,2.54738e+06,148,2492.67,150,149
3710,1,500,0,0,150,3,150,3,2.54804e+06,148,2493.33,150,149
3711,1,500,0,0,150,3,150,3,2.58538e+06,148,2530.67,150,149
3712,1,500,0,0,150,3,150,3,2.46804e+06,148,2413.33,150,149
3713,1,500,0,0,150,3,150,3,2.46271e+06,148,2408,150,149
3714,1,500,0,0,150,3,150,3,2.54471e+06,148,2490,150,149
3715,1,500,0,0,150,3,150,3,2.49871e+06,148,2444,150,149
3716,1,500,0,0,150,3,150,3,2.62004e+06,148,2565.33,150,149
3717,1,500,0,0,150,3,150,3,2.42904e+06,148,2374.33,150,149
3718,1,500,0,0,150,3,150,3,2.46338e+06,148,2408.67,150,149
3719,1,500,0,0,150,3,150,3,2.46938e+06,148,2414.67,150,149
3720,1,500,0,0,150,3,150,3,2.50438e+06,148,2449.67,150,149
3721,1,500,0,0,150,3,150,3,2.52371e+06,148,2469,150,149
3722,1,500,0,0,150,3,150,3,2.47271e+06,148,2418,150,149
3723,1,500,0,0,150,3,150,3,2.34038e+06,148,2285.67,150,149
3724,1,500,0,0,150,3,150,3,2.29971e+06,148,2245,150,149
3725,1,500,0,0,150,3,150,3,2.46438e+06,148,2409.67,150,149
3726,1,500,0,0,150,3,150,3,2.26738e+06,148,2212.67,150,149
3727,1,500,0,0,150,3,150,3,2.46104e+06,148,2406.33,150,149
3728,1,500,0,0,150,3,150,3,2.55538e+06,148,2500.67,150,149
3729,1,500,0,0,150,3,150,3,2.66904e+06,148,2614.33,150,149
3730,1,500,0,0,150,3,150,3,2.53871e+06,148,2484,150,149
3731,1,500,0,0,150,3,150,3,2.31438e+06,148,2259.67,150,149
3732,1,500,0,0,150,3,150,3,2.51704e+06,148,2462.33,150,149
3733,1,500,0,0,150,3,150,3,2.42338e+06,148,2368.67,150,149
3734,1,500,0,0,150,3,150,3,2.53238e+06,148,2477.67,150,149
3735,1,500,0,0,150,3,150,3,2.37938e+06,148,2324.67,150,149
3736,1,500,0,0,150,3,150,3,2.42804e+06,148,2373.33,150,149
3737,1,500,0,0,150,3,150,3,2.24438e+06,148,2189.67,150,149
3738,1,500,0,0,150,3,150,3,2.69271e+06,148,2638,150,149
3739,1,500,0,0,150,3,150,3,2.46871e+06,148,2414,150,149
3740,1,500,0,0,150,3,150,3,2.48738e+06,148,2432.67,150,149
3741,1,500,0,0,150,3,150,3,2.52271e+06,148,2468,150,149
3742,1,500,0,0,150,3,150,3,2.38871e+06,148,2334,150,149
3743,1,500,0,0,150,3,150,3,2.45438e+06,148,2399.67,150,149
3744,1,500,0,0,150,3,150,3,2.56271e+06,148,2508,150,149
3745,1,500,0,0,150,3,150,3,2.45204e+06,148,2397.33,150,149
3746,1,500,0,0,150,3,150,3,2.53171e+06,148,2477,150,149
3747,1,500,0,0,150,3,150,3,2.31038e+06,148,2255.67,150,149
3748,1,500,0,0,150,3,150,3,2.57104e+06,148,2516.33,150,149
3749,1,500,0,0,150,3,150,3,2.68138e+06,148,2626.67,150,149
3750,1,500,0,0,150,3,150,3,2.35804e+06,148,2303.33,150,149
3751,1,500,0,0,150,3,150,3,2.33671e+06,148,2282,150,149
3752,1,500,0,0,150,3,150,3,2.57004e+06,148,2515.33,150,149
3753,1,500,0,0,150,3,150,3,2.56871e+06,148,2514,150,149
3754,1,500,0,0,150,3,150,3,2.38938e+06,148,2334.67,150,149
3755,1,500,0,0,150,3,150,3,2.34171e+06,148,2287,150,149
3756,1,500,0,0,150,3,150,3,2.38538e+06,148,2330.67,150,149
3757,1,500,0,0,150,3,150,3,2.53538e+06,148,2480.67,150,149
3758,1,500,0,0,150,3,150,3,2.48771e+06,148,2433,150,149
3759,1,500,0,0,150,3,150,3,2.38371e+06,148,2329,150,149
3760,1,500,0,0,150,3,150,3,2.45404e+06,148,2399.33,150,149
3761,1,500,0,0,150,3,150,3,2.62771e+06,148,2573,150,149
3762,1,500,0,0,150,3,150,3,2.57971e+06,148,2525,150,149
3763,1,500,0,0,150,3,150,3,2.55804e+06,148,2503.33,150,149
3764,1,500,0,0,150,3,150,3,2.58938e+06,148,2534.67,150,149
3765,1,500,0,0,150,3,150,3,2.74671e+06,148,2692,150,149
3766,1,500,0,0,150,3,150,3,2.41371e+06,148,2359,150,149
3767,1,500,0,0,150,3,150,3,2.39871e+06,148,2344,150,149
3768,1,500,0,0,150,3,150,3,2.53671e+06,148,2482,150,149
3769,1,500,0,0,150,3,150,3,2.68038e+06,148,2625.67,150,149
3770,1,500,0,0,150,3,150,3,2.53771e+06,148,2483,150,149
3771,1,500,0,0,150,3,150,3,2.72304e+06,148,2668.33,150,149
3772,1,500,0,0,150,3,150,3,2.25271e+06,148,2198,150,149
3773,1,500,0,0,150,3,150,3,2.56704e+06,148,2512.33,150,149
3774,1,500,0,0,150,3,150,3,2.40304e+06,148,2348.33,150,149
3775,1,500,0,0,150,3,150,3,2.37338e+06,148,2318.67,150,149
3776,1,500,0,0,150,3,150,3,2.51404e+06,148,2459.33,150,149
3777,1,500,0,0,150,3,150,3,2.68804e+06,148,2633.33,150,149
3778,1,500,0,0,150,3,150,3,2.49304e+06,148,2438.33,150,149
3779,1,500,0,0,150,3,150,3,2.38671e+06,148,2332,150,149
3780,1,500,0,0,150,3,150,3,2.39404e+06,148,2339.33,150,149
3781,1,500,0,0,150,3,150,3,2.54504e+06,148,2490.33,150,149
3782,1,500,0,0,150,3,150,3,2.46571e+06,148,2411,150,149
3783,1,500,0,0,150,3,150,3,2.57071e+06,148,2516,150,149
3784,1,500,0,0,150,3,150,3,2.33471e+06,148,2280,150,149
3785,1,500,0,0,150,3,150,3,2.65204e+06,148,2597.33,150,149
3786,1,500,0,0,150,3,150,3,2.54804e+06,148,2493.33,150,149
3787,1,500,0,0,150,3,150,3,2.66404e+06,148,2609.33,150,149
3788,1,500,0,0,150,3,150,3,2.23238e+06,148,2177.67,150,149
3789,1,500,0,0,150,3,150,3,2.44104e+06,148,2386.33,150,149
3790,1,500,0,0,150,3,150,3,2.45638e+06,148,2401.67,150,149
3791,1,500,0,0,150,3,150,3,2.46171e+06,148,2407,150,149
3792,1,500,0,0,150,3,150,3,2.50004e+06,148,2445.33,150,149
3793,1,500,0,0,150,3,150,3,2.44838e+06,148,2393.67,150,149
3794,1,500,0,0,150,3,150,3,2.37571e+06,148,2321,150,149
3795,1,500,0,0,150,3,150,3,2.70371e+06,148,2649,150,149
3796,1,500,0,0,150,3,150,3,2.52271e+06,148,2468,150,149
3797,1,500,0,0,150,3,150,3,2.59971e+06,148,2545,150,149
3798,1,500,0,0,150,3,150,3,2.46304e+06,148,2408.33,150,149
3799,1,500,0,0,150,3,150,3,2.55571e+06,148,2501,150,149
3800,1,500,0,0,150,3,150,3,2.39638e+06,148,2341.67,150,149
3801,1,500,0,0,150,3,150,3,2.55638e+06,148,2501.67,150,149
3802,1,500,0,0,150,3,150,3,2.38438e+06,148,2329.67,150,149
3803,1,500,0,0,150,3,150,3,2.70204e+06,148,2647.33,150,149
3804,1,500,0,0,150,3,150,3,2.59638e+06,148,2541.67,150,149
3805,1,500,0,0,150,3,150,3,2.33138e+06,148,2276.67,150,149
3806,1,500,0,0,150,3,150,3,2.30738e+06,148,2252.67,150,149
3807,1,500,0,0,150,3,150,3,2.51238e+06,148,2457.67,150,149
3808,1,500,0,0,150,3,150,3,2.31404e+06,148,2259.33,150,149
3809,1,500,0,0,150,3,150,3,2.54038e+06,148,2485.67,150,149
3810,1,500,0,0,150,3,150,3,2.39538e+06,148,2340.67,150,149
3811,1,500,0,0,150,3,150,3,2.42204e+06,148,2367.33,150,149
3812,1,500,0,0,150,3,150,3,2.58871e+06,148,2534,150,149
3813,1,500,0,0,150,3,150,3,2.40571e+06,148,2351,150,149
3814,1,500,0,0,150,3,150,3,2.43804e+06,148,2383.33,150,149
3815,1,500,0,0,150,3,150,3,2.58571e+06,148,2531,150,149
3816,1,500,0,0,150,3,150,3,2.36804e+06,148,2313.33,150,149
3817,1,500,0,0,150,3,150,3,2.52404e+06,148,2469.33,150,149
3818,1,500,0,0,150,3,150,3,2.43271e+06,148,2378,150,149
3819,1,500,0,0,150,3,150,3,2.51238e+06,148,2457.67,150,149
3820,1,500,0,0,150,3,150,3,2.47338e+06,148,2418.67,150,149
3821,1,500,0,0,150,3,150,3,2.51238e+06,148,2457.67,150,149
3822,1,500,0,0,150,3,150,3,2.54838e+06,148,2493.67,150,149
3823,1,500,0,0,150,3,150,3,2.56138e+06,148,2506.67,150,149
3824,1,500,0,0,150,3,150,3,2.45838e+06,148,2403.67,150,149
3825,1,500,0,0,150,3,150,3,2.29138e+06,148,2236.67,150,149
3826,1,500,0,0,150,3,150,3,2.38171e+06,148,2327,150,149
3827,1,500,0,0,150,3,150,3,2.43004e+06,148,2375.33,150,149
3828,1,500,0,0,150,3,150,3,2.48004e+06,148,2425.33,150,149
3829,1,500,0,0,150,3,150,3,2.58904e+06,148,2534.33,150,149
3830,1,500,0,0,150,3,150,3,2.44704e+06,148,2392.33,150,149
3831,1,500,0,0,150,3,150,3,2.55004e+06,148,2495.33,150,149
3832,1,500,0,0,150,3,150,3,2.42204e+06,148,2367.33,150,149
3833,1,500,0,0,150,3,150,3,2.30604e+06,148,2251.33,150,149
3834,1,500,0,0,150,3,150,3,2.41871e+06,148,2364,150,149
3835,1,500,0,0,150,3,150,3,2.52438e+06,148,2469.67,150,149
3836,1,500,0,0,150,3,150,3,2.36238e+06,148,2307.67,150,149
3837,1,500,0,0,150,3,150,3,2.43404e+06,148,2379.33,150,149
3838,1,500,0,0,150,3,150,3,2.47238e+06,148,2417.67,150,149
3839,1,500,0,0,150,3,150,3,2.55438e+06,148,2499.67,150,149
3840,1,500,0,0,150,3,150,3,2.28804e+06,148,2233.33,150,149
3841,1,500,0,0,150,3,150,3,2.50804e+06,148,2453.33,150,149
3842,1,500,0,0,150,3,150,3,2.45571e+06,148,2401,150,149
3843,1,500,0,0,150,3,150,3,2.35038e+06,148,2295.67,150,149
3844,1,500,0,0,150,3,150,3,2.50438e+06,148,2449.67,150,149
3845,1,500,0,0,150,3,150,3,2.48971e+06,148,2435,150,149
3846,1,500,0,0,150,3,150,3,2.28704e+06,148,2232.33,150,149
3847,1,500,0,0,150,3,150,3,2.49538e+06,148,2440.67,150,149
3848,1,500,0,0,150,3,150,3,2.59071e+06,148,2536,150,149
3849,1,500,0,0,150,3,150,3,2.66538e+06,148,2610.67,150,149
3850,1,500,0,0,150,3,150,3,2.76738e+06,148,2712.67,150,149
3851,1,500,0,0,150,3,150,3,2.36838e+06,148,2313.67,150,149
3852,1,500,0,0,150,3,150,3,2.41404e+06,148,2359.33,150,149
3853,1,500,0,0,150,3,150,3,2.33838e+06,148,2283.67,150,149
3854,1,500,0,0,150,3,150,3,2.23371e+06,148,2179,150,149
3855,1,500,0,0,150,3,150,3,2.39904e+06,148,2344.33,150,149
3856,1,500,0,0,150,3,150,3,2.52371e+06,148,2469,150,149
3857,1,500,0,0,150,3,150,3,2.50204e+06,148,2447.33,150,149
3858,1,500,0,0,150,3,150,3,2.41204e+06,148,2357.33,150,149
3859,1,500,0,0,150,3,150,3,2.47904e+06,148,2424.33,150,149
3860,1,500,0,0,150,3,150,3,2.58371e+06,148,2529,150,149
3861,1,500,0,0,150,3,150,3,2.49671e+06,148,2442,150,149
3862,1,500,0,0,150,3,150,3,2.61271e+06,148,2558,150,149
3863,1,500,0,0,150,3,150,3,2.51904e+06,148,2464.33,150,149
3864,1,500,0,0,150,3,150,3,2.34938e+06,148,2294.67,150,149
3865,1,500,0,0,150,3,150,3,2.56038e+06,148,2505.67,150,149
3866,1,500,0,0,150,3,150,3,2.42171e+06,148,2367,150,149
3867,1,500,0,0,150,3,150,3,2.52771e+06,148,2473,150,149
3868,1,500,0,0,150,3,150,3,2.61738e+06,148,2562.67,150,149
3869,1,500,0,0,150,3,150,3,2.36404e+06,148,2309.33,150,149
3870,1,500,0,0,150,3,150,3,2.56571e+06,148,2511,150,149
3871,1,500,0,0,150,3,150,3,2.53338e+06,148,2478.67,150,149
3872,1,500,0,0,150,3,150,3,2.32138e+06,148,2266.67,150,149
3873,1,500,0,0,150,3,150,3,2.39104e+06,148,2336.33,150,149
3874,1,500,0,0,150,3,150,3,2.31671e+06,148,2262,150,149
3875,1,500,0,0,150,3,150,3,2.51471e+06,148,2460,150,149
3876,1,500,0,0,150,3,150,3,2.73338e+06,148,2678.67,150,149
3877,1,500,0,0,150,3,150,3,2.37738e+06,148,2322.67,150,149
3878,1,500,0,0,150,3,150,3,2.49571e+06,148,2441,150,149
3879,1,500,0,0,150,3,150,3,2.34238e+06,148,2287.67,150,149
3880,1,500,0,0,150,3,150,3,2.56771e+06,148,2513,150,149
3881,1,500,0,0,150,3,150,3,2.35138e+06,148,2296.67,150,149
3882,1,500,0,0,150,3,150,3,2.40804e+06,148,2353.33,150,149
3883,1,500,0,0,150,3,150,3,2.56704e+06,148,2512.33,150,149
3884,1,500,0,0,150,3,150,3,2.45604e+06,148,2401.33,150,149
3885,1,500,0,0,150,3,150,3,2.47204e+06,148,2417.33,150,149
3886,1,500,0,0,150,3,150,3,2.49204e+06,148,2437.33,150,149
3887,1,500,0,0,150,3,150,3,2.47971e+06,148,2425,150,149
3888,1,500,0,0,150,3,150,3,2.33938e+06,148,2284.67,150,149
3889,1,500,0,0,150,3,150,3,2.33171e+06,148,2277,150,149
3890,1,500,0,0,150,3,150,3,2.32304e+06,148,2268.33,150,149
3891,1,500,0,0,150,3,150,3,2.47738e+06,148,2422.67,150,149
3892,1,500,0,0,150,3,150,3,2.46238e+06,148,2407.67,150,149
3893,1,500,0,0,150,3,150,3,2.41304e+06,148,2358.33,150,149
3894,1,500,0,0,150,3,150,3,2.31038e+06,148,2255.67,150,149
3895,1,500,0,0,150,3,150,3,2.40171e+06,148,2347,150,149
3896,1,500,0,0,150,3,150,3,2.46271e+06,148,2408,150,149
3897,1,500,0,0,150,3,150,3,2.34271e+06,148,2288,150,149
3898,1,500,0,0,150,3,150,3,2.44771e+06,148,2393,150,149
3899,1,500,0,0,150,3,150,3,2.43038e+06,148,2375.67,150,149
3900,1,500,0,0,150,3,150,3,2.59838e+06,148,2543.67,150,149
3901,1,500,0,0,150,3,150,3,2.34104e+06,148,2286.33,150,149
3902,1,500,0,0,150,3,150,3,2.65071e+06,148,2596,150,149
3903,1,500,0,0,150,3,150,3,2.50538e+06,148,2450.67,150,149
3904,1,500,0,0,150,3,150,3,2.31104e+06,148,2256.33,150,149
3905,1,500,0,0,150,3,150,3,2.66771e+06,148,2613,150,149
3906,1,500,0,0,150,3,150,3,2.57271e+06,148,2518,150,149
3907,1,500,0,0,150,3,150,3,2.45904e+06,148,2404.33,150,149
3908,1,500,0,0,150,3,150,3,2.58204e+06,148,2527.33,150,149
3909,1,500,0,0,150,3,150,3,2.40404e+06,148,2349.33,150,149
3910,1,500,0,0,150,3,150,3,2.60604e+06,148,2551.33,150,149
3911,1,500,0,0,150,3,150,3,2.49938e+06,148,2444.67,150,149
3912,1,500,0,0,150,3,150,3,2.64604e+06,148,2591.33,150,149
3913,1,500,0,0,150,3,150,3,2.68638e+06,148,2631.67,150,149
3914,1,500,0,0,150,3,150,3,2.42171e+06,148,2367,150,149
3915,1,500,0,0,150,3,150,3,2.58804e+06,148,2533.33,150,149
3916,1,500,0,0,150,3,150,3,2.37704e+06,148,2322.33,150,149
3917,1,500,0,0,150,3,150,3,2.36004e+06,148,2305.33,150,149
3918,1,500,0,0,150,3,150,3,2.45671e+06,148,2402,150,149
3919,1,500,0,0,150,3,150,3,2.40604e+06,148,2351.33,150,149
3920,1,500,0,0,150,3,150,3,2.36738e+06,148,2312.67,150,149
3921,1,500,0,0,150,3,150,3,2.35104e+06,148,2296.33,150,149
3922,1,500,0,0,150,3,150,3,2.31304e+06,148,2258.33,150,149
3923,1,500,0,0,150,3,150,3,2.39271e+06,148,2338,150,149
3924,1,500,0,0,150,3,150,3,2.43471e+06,148,2380,150,149
3925,1,500,0,0,150,3,150,3,2.54171e+06,148,2487,150,149
3926,1,500,0,0,150,3,150,3,2.42238e+06,148,2367.67,150,149
3927,1,500,0,0,150,3,150,3,2.47338e+06,148,2418.67,150,149
3928,1,500,0,0,150,3,150,3,2.35938e+06,148,2304.67,150,149
3929,1,500,0,0,150,3,150,3,2.59738e+06,148,2542.67,150,149
3930,1,500,0,0,150,3,150,3,2.48971e+06,148,2435,150,149
3931,1,500,0,0,150,3,150,3,2.54104e+06,148,2486.33,150,149
3932,1,500,0,0,150,3,150,3,2.79671e+06,148,2742,150,149
3933,1,500,0,0,150,3,150,3,2.47304e+06,148,2418.33,150,149
3934,1,500,0,0,150,3,150,3,2.50671e+06,148,2452,150,149
3935,1,500,0,0,150,3,150,3,2.50938e+06,148,2454.67,150,149
3936,1,500,0,0,150,3,150,3,2.44004e+06,148,2385.33,150,149
3937,1,500,0,0,150,3,150,3,2.39138e+06,148,2336.67,150,149
3938,1,500,0,0,150,3,150,3,2.40504e+06,148,2350.33,150,149
3939,1,500,0,0,150,3,150,3,2.45071e+06,148,2396,150,149
3940,1,500,0,0,150,3,150,3,2.51004e+06,148,2455.33,150,149
3941,1,500,0,0,150,3,150,3,2.50371e+06,148,2449,150,149
3942,1,500,0,0,150,3,150,3,2.47438e+06,148,2419.67,150,149
3943,1,500,0,0,150,3,150,3,2.71971e+06,148,2665,150,149
3944,1,500,0,0,150,3,150,3,2.65204e+06,148,2597.33,150,149
3945,1,500,0,0,150,3,150,3,2.58538e+06,148,2530.67,150,149
3946,1,500,0,0,150,3,150,3,2.61871e+06,148,2564,150,149
3947,1,500,0,0,150,3,150,3,2.56638e+06,148,2511.67,150,149
3948,1,500,0,0,150,3,150,3,2.53404e+06,148,2479.33,150,149
3949,1,500,0,0,150,3,150,3,2.63671e+06,148,2582,150,149
3950,1,500,0,0,150,3,150,3,2.43304e+06,148,2378.33,150,149
3951,1,500,0,0,150,3,150,3,2.56938e+06,148,2514.67,150,149
3952,1,500,0,0,150,3,150,3,2.41104e+06,148,2356.33,150,149
3953,1,500,0,0,150,3,150,3,2.61304e+06,148,2558.33,150,149
3954,1,500,0,0,150,3,150,3,2.32971e+06,148,2275,150,149
3955,1,500,0,0,150,3,150,3,2.37038e+06,148,2315.67,150,149
3956,1,500,0,0,150,3,150,3,2.53704e+06,148,2482.33,150,149
3957,1,500,0,0,150,3,150,3,2.57571e+06,148,2521,150,149
3958,1,500,0,0,150,3,150,3,2.58904e+06,148,2534.33,150,149
3959,1,500,0,0,150,3,150,3,2.53004e+06,148,2475.33,150,149
3960,1,500,0,0,150,3,150,3,2.51604e+06,148,2461.33,150,149
3961,1,500,0,0,150,3,150,3,2.43004e+06,148,2375.33,150,149
3962,1,500,0,0,150,3,150,3,2.59971e+06,148,2545,150,149
3963,1,500,0,0,150,3,150,3,2.50204e+06,148,2447.33,150,149
3964,1,500,0,0,150,3,150,3,2.47704e+06,148,2422.33,150,149
3965,1,500,0,0,150,3,150,3,2.59371e+06,148,2539,150,149
3966,1,500,0,0,150,3,150,3,2.57404e+06,148,2519.33,150,149
3967,1,500,0,0,150,3,150,3,2.45271e+06,148,2398,150,149
3968,1,500,0,0,150,3,150,3,2.58471e+06,148,2530,150,149
3969,1,500,0,0,150,3,150,3,2.54604e+06,148,2491.33,150,149
3970,1,500,0,0,150,3,150,3,2.67138e+06,148,2616.67,150,149
3971,1,500,0,0,150,3,150,3,2.53504e+06,148,2480.33,150,149
3972,1,500,0,0,150,3,150,3,2.46238e+06,148,2407.67,150,149
3973,1,500,0,0,150,3,150,3,2.48871e+06,148,2434,150,149
3974,1,500,0,0,150,3,150,3,2.45038e+06,148,2395.67,150,149
3975,1,500,0,0,150,3,150,3,2.42671e+06,148,2372,150,149
3976,1,500,0,0,150,3,150,3,2.64271e+06,148,2588,150,149
3977,1,500,0,0,150,3,150,3,2.55438e+06,148,2499.67,150,149
3978,1,500,0,0,150,3,150,3,2.62504e+06,148,2570.33,150,149
3979,1,500,0,0,150,3,150,3,2.50938e+06,148,2454.67,150,149
3980,1,500,0,0,150,3,150,3,2.51971e+06,148,2465,150,149
3981,1,500,0,0,150,3,150,3,2.68938e+06,148,2634.67,150,149
3982,1,500,0,0,150,3,150,3,2.57504e+06,148,2520.33,150,149
3983,1,500,0,0,150,3,150,3,2.66838e+06,148,2613.67,150,149
3984,1,500,0,0,150,3,150,3,2.43038e+06,148,2375.67,150,149
3985,1,500,0,0,150,3,150,3,2.32071e+06,148,2266,150,149
3986,1,500,0,0,150,3,150,3,2.48671e+06,148,2432,150,149
3987,1,500,0,0,150,3,150,3,2.48838e+06,148,2433.67,150,149
3988,1,500,0,0,150,3,150,3,2.57571e+06,148,2521,150,149
3989,1,500,0,0,150,3,150,3,2.59871e+06,148,2544,150,149
3990,1,500,0,0,150,3,150,3,2.41604e+06,148,2361.33,150,149
3991,1,500,0,0,150,3,150,3,2.59371e+06,148,2539,150,149
3992,1,500,0,0,150,3,150,3,2.67604e+06,148,2621.33,150,149
3993,1,500,0,0,150,3,150,3,2.52304e+06,148,2468.33,150,149
3994,1,500,0,0,150,3,150,3,2.70804e+06,148,2653.33,150,149
3995,1,500,0,0,150,3,150,3,2.63371e+06,148,2579,150,149
3996,1,500,0,0,150,3,150,3,2.49271e+06,148,2438,150,149
3997,1,500,0,0,150,3,150,3,2.45804e+06,148,2403.33,150,149
3998,1,500,0,0,150,3,150,3,2.55871e+06,148,2504,150,149
3999,1,500,0,0,150,3,150,3,2.41471e+06,148,2360,150,149
4000,1,500,0,0,150,3,150,3,2.32238e+06,148,2267.67,150,149
4001,1,500,0,0,150,3,150,3,2.32104e+06,148,2266.33,150,149
4002,1,500,0,0,150,3,150,3,2.60238e+06,148,2547.67,150,149
4003,1,500,0,0,150,3,150,3,2.49304e+06,148,2438.33,150,149
4004,1,500,0,0,150,3,150,3,2.24071e+06,148,2186,150,149
4005,1,500,0,0,150,3,150,3,2.52971e+06,148,2475,150,149
4006,1,500,0,0,150,3,150,3,2.39671e+06,148,2342,150,149
4007,1,500,0,0,150,3,150,3,2.50371e+06,148,2449,150,149
4008,1,500,0,0,150,3,150,3,2.56071e+06,148,2506,150,149
4009,1,500,0,0,150,3,150,3,2.45038e+06,148,2395.67,150,149
4010,1,500,0,0,150,3,150,3,2.54538e+06,148,2490.67,150,149
4011,1,500,0,0,150,3,150,3,2.35871e+06,148,2304,150,149
4012,1,500,0,0,150,3,150,3,2.56471e+06,148,2510,150,149
4013,1,500,0,0,150,3,150,3,2.51371e+06,148,2459,150,149
4014,1,500,0,0,150,3,150,3,2.35304e+06,148,2298.33,150,149
4015,1,500,0,0,150,3,150,3,2.50438e+06,148,2449.67,150,149
4016,1,500,0,0,150,3,150,3,2.54404e+06,148,2489.33,150,149
4017,1,500,0,0,150,3,150,3,2.34171e+06,148,2287,150,149
4018,1,500,0,0,150,3,150,3,2.73471e+06,148,2680,150,149
4019,1,500,0,0,150,3,150,3,2.29738e+06,148,2242.67,150,149
4020,1,500,0,0,150,3,150,3,2.58771e+06,148,2533,150,149
4021,1,500,0,0,150,3,150,3,2.47671e+06,148,2422,150,149
4022,1,500,0,0,150,3,150,3,2.23004e+06,148,2175.33,150,149
4023,1,500,0,0,150,3,150,3,2.61704e+06,148,2562.33,150,149
4024,1,500,0,0,150,3,150,3,2.50604e+06,148,2451.33,150,149
4025,1,500,0,0,150,3,150,3,2.51338e+06,148,2458.67,150,149
4026,1,500,0,0,150,3,150,3,2.63571e+06,148,2581,150,149
4027,1,500,0,0,150,3,150,3,2.40038e+06,148,2345.67,150,149
4028,1,500,0,0,150,3,150,3,2.52638e+06,148,2471.67,150,149
4029,1,500,0,0,150,3,150,3,2.50438e+06,148,2449.67,150,149
4030,1,500,0,0,150,3,150,3,2.54538e+06,148,2490.67,150,149
4031,1,500,0,0,150,3,150,3,2.45738e+06,148,2402.67,150,149
4032,1,500,0,0,150,3,150,3,2.76171e+06,148,2707,150,149
4033,1,500,0,0,150,3,150,3,2.64538e+06,148,2590.67,150,149
4034,1,500,0,0,150,3,150,3,2.46004e+06,148,2405.33,150,149
4035,1,500,0,0,150,3,150,3,2.40038e+06,148,2345.67,150,149
4036,1,500,0,0,150,3,150,3,2.64438e+06,148,2589.67,150,149
4037,1,500,0,0,150,3,150,3,2.56904e+06,148,2514.33,150,149
4038,1,500,0,0,150,3,150,3,2.63871e+06,148,2584,150,149
4039,1,500,0,0,150,3,150,3,2.38971e+06,148,2335,150,149
4040,1,500,0,0,150,3,150,3,2.35638e+06,148,2301.67,150,149
4041,1,500,0,0,150,3,150,3,2.45371e+06,148,2399,150,149
4042,1,500,0,0,150,3,150,3,2.47704e+06,148,2422.33,150,149
4043,1,500,0,0,150,3,150,3,2.48638e+06,148,2431.67,150,149
4044,1,500,0,0,150,3,150,3,2.46738e+06,148,2412.67,150,149
4045,1,500,0,0,150,3,150,3,2.36371e+06,148,2309,150,149
4046,1,500,0,0,150,3,150,3,2.39738e+06,148,2342.67,150,149
4047,1,500,0,0,150,3,150,3,2.33004e+06,148,2275.33,150,149
4048,1,500,0,0,150,3,150,3,2.44538e+06,148,2390.67,150,149
4049,1,500,0,0,150,3,150,3,2.53704e+06,148,2482.33,150,149
4050,1,500,0,0,150,3,150,3,2.44638e+06,148,2391.67,150,149
4051,1,500,0,0,150,3,150,3,2.33904e+06,148,2284.33,150,149
4052,1,500,0,0,150,3,150,3,2.40404e+06,148,2349.33,150,149
4053,1,500,0,0,150,3,150,3,2.63404e+06,148,2579.33,150,149
4054,1,500,0,0,150,3,150,3,2.60438e+06,148,2549.67,150,149
4055,1,500,0,0,150,3,150,3,2.30804e+06,148,2253.33,150,149
4056,1,500,0,0,150,3,150,3,2.51238e+06,148,2457.67,150,149
4057,1,500,0,0,150,3,150,3,2.53038e+06,148,2475.67,150,149
4058,1,500,0,0,150,3,150,3,2.65171e+06,148,2597,150,149
4059,1,500,0,0,150,3,150,3,2.39404e+06,148,2339.33,150,149
4060,1,500,0,0,150,3,150,3,2.46438e+06,148,2409.67,150,149
4061,1,500,0,0,150,3,150,3,2.37971e+06,148,2325,150,149
4062,1,500,0,0,150,3,150,3,2.70071e+06,148,2646,150,149
4063,1,500,0,0,150,3,150,3,2.18904e+06,148,2134.33,150,149
4064,1,500,0,0,150,3,150,3,2.44838e+06,148,2393.67,150,149
4065,1,500,0,0,150,3,150,3,2.47104e+06,148,2416.33,150,149
4066,1,500,0,0,150,3,150,3,2.70538e+06,148,2650.67,150,149
4067,1,500,0,0,150,3,150,3,2.40138e+06,148,2346.67,150,149
4068,1,500,0,0,150,3,150,3,2.48871e+06,148,2434,150,149
4069,1,500,0,0,150,3,150,3,2.34404e+06,148,2289.33,150,149
4070,1,500,0,0,150,3,150,3,2.55671e+06,148,2502,150,149
4071,1,500,0,0,150,3,150,3,2.29104e+06,148,2236.33,150,149
4072,1,500,0,0,150,3,150,3,2.63738e+06,148,2582.67,150,149
4073,1,500,0,0,150,3,150,3,2.58104e+06,148,2526.33,150,149
4074,1,500,0,0,150,3,150,3,2.46338e+06,148,2408.67,150,149
4075,1,500,0,0,150,3,150,3,2.56838e+06,148,2513.67,150,149
4076,1,500,0,0,150,3,150,3,2.66704e+06,148,2612.33,150,149
4077,1,500,0,0,150,3,150,3,2.39471e+06,148,2340,150,149
4078,1,500,0,0,150,3,150,3,2.44804e+06,148,2393.33,150,149
4079,1,500,0,0,150,3,150,3,2.57671e+06,148,2522,150,149
4080,1,500,0,0,150,3,150,3,2.59704e+06,148,2542.33,150,149
4081,1,500,0,0,150,3,150,3,2.39104e+06,148,2336.33,150,149
4082,1,500,0,0,150,3,150,3,2.76038e+06,148,2705.67,150,149
4083,1,500,0,0,150,3,150,3,2.53438e+06,148,2479.67,150,149
4084,1,500,0,0,150,3,150,3,2.26004e+06,148,2205.33,150,149
4085,1,500,0,0,150,3,150,3,2.60338e+06,148,2548.67,150,149
4086,1,500,0,0,150,3,150,3,2.42571e+06,148,2371,150,149
4087,1,500,0,0,150,3,150,3,2.46038e+06,148,2405.67,150,149
4088,1,500,0,0,150,3,150,3,2.62438e+06,148,2569.67,150,149
4089,1,500,0,0,150,3,150,3,2.63338e+06,148,2578.67,150,149
4090,1,500,0,0,150,3,150,3,2.33104e+06,148,2276.33,150,149
4091,1,500,0,0,150,3,150,3,2.40671e+06,148,2352,150,149
4092,1,500,0,0,150,3,150,3,2.46671e+06,148,2412,150,149
4093,1,500,0,0,150,3,150,3,2.64371e+06,148,2589,150,149
4094,1,500,0,0,150,3,150,3,2.51471e+06,148,2460,150,149
4095,1,500,0,0,150,3,150,3,2.37471e+06,148,2320,150,149
4096,1,500,0,0,150,3,150,3,2.42804e+06,148,2373.33,150,149
4097,1,500,0,0,150,3,150,3,2.59871e+06,148,2544,150,149
4098,1,500,0,0,150,3,150,3,2.38671e+06,148,2332,150,149
4099,1,500,0,0,150,3,150,3,2.56404e+06,148,2509.33,150,149
4100,1,500,0,0,150,3,150,3,2.55504e+06,148,2500.33,150,149
4101,1,500,0,0,150,3,150,3,2.51571e+06,148,2461,150,149
4102,1,500,0,0,150,3,150,3,2.48904e+06,148,2434.33,150,149
4103,1,500,0,0,150,3,150,3,2.75771e+06,148,2703,150,149
4104,1,500,0,0,150,3,150,3,2.56271e+06,148,2508,150,149
4105,1,500,0,0,150,3,150,3,2.55638e+06,148,2501.67,150,149
4106,1,500,0,0,150,3,150,3,2.51438e+06,148,2459.67,150,149
4107,1,500,0,0,150,3,150,3,2.42938e+06,148,2374.67,150,149
4108,1,500,0,0,150,3,150,3,2.41504e+06,148,2360.33,150,149
4109,1,500,0,0,150,3,150,3,2.29471e+06,148,2240,150,149
4110,1,500,0,0,150,3,150,3,2.46104e+06,148,2406.33,150,149
4111,1,500,0,0,150,3,150,3,2.71738e+06,148,2662.67,150,149
4112,1,500,0,0,150,3,150,3,2.66838e+06,148,2613.67,150,149
4113,1,500,0,0,150,3,150,3,2.38838e+06,148,2333.67,150,149
4114,1,500,0,0,150,3,150,3,2.64071e+06,148,2586,150,149
4115,1,500,0,0,150,3,150,3,2.23104e+06,148,2176.33,150,149
4116,1,500,0,0,150,3,150,3,2.29104e+06,148,2236.33,150,149
4117,1,500,0,0,150,3,150,3,2.60538e+06,148,2550.67,150,149
4118,1,500,0,0,150,3,150,3,2.24638e+06,148,2191.67,150,149
4119,1,500,0,0,150,3,150,3,2.44404e+06,148,2389.33,150,149
4120,1,500,0,0,150,3,150,3,2.42638e+06,148,2371.67,150,149
4121,1,500,0,0,150,3,150,3,2.74204e+06,148,2687.33,150,149
4122,1,500,0,0,150,3,150,3,2.41571e+06,148,2361,150,149
4123,1,500,0,0,150,3,150,3,2.62671e+06,148,2572,150,149
4124,1,500,0,0,150,3,150,3,2.41138e+06,148,2356.67,150,149
4125,1,500,0,0,150,3,150,3,2.35404e+06,148,2299.33,150,149
4126,1,500,0,0,150,3,150,3,2.45171e+06,148,2397,150,149
4127,1,500,0,0,150,3,150,3,2.51471e+06,148,2460,150,149
4128,1,500,0,0,150,3,150,3,2.60271e+06,148,2548,150,149
4129,1,500,0,0,150,3,150,3,2.62571e+06,148,2571,150,149
4130,1,500,0,0,150,3,150,3,2.50504e+06,148,2450.33,150,149
4131,1,500,0,0,150,3,150,3,2.35738e+06,148,2302.67,150,149
4132,1,500,0,0,150,3,150,3,2.42071e+06,148,2366,150,149
4133,1,500,0,0,150,3,150,3,2.54071e+06,148,2486,150,149
4134,1,500,0,0,150,3,150,3,2.52838e+06,148,2473.67,150,149
4135,1,500,0,0,150,3,150,3,2.51471e+06,148,2460,150,149
4136,1,500,0,0,150,3,150,3,2.27004e+06,148,2215.33,150,149
4137,1,500,0,0,150,3,150,3,2.55038e+06,148,2495.67,150,149
4138,1,500,0,0,150,3,150,3,2.46104e+06,148,2406.33,150,149
4139,1,500,0,0,150,3,150,3,2.47738e+06,148,2422.67,150,149
4140,1,500,0,0,150,3,150,3,2.35538e+06,148,2300.67,150,149
4141,1,500,0,0,150,3,150,3,2.34271e+06,148,2288,150,149
4142,1,500,0,0,150,3,150,3,2.36238e+06,148,2307.67,150,149
4143,1,500,0,0,150,3,150,3,2.60238e+06,148,2547.67,150,149
4144,1,500,0,0,150,3,150,3,2.42904e+06,148,2374.33,150,149
4145,1,500,0,0,150,3,150,3,2.35538e+06,148,2300.67,150,149
4146,1,500,0,0,150,3,150,3,2.48538e+06,148,2430.67,150,149
4147,1,500,0,0,150,3,150,3,2.52071e+06,148,2466,150,149
4148,1,500,0,0,150,3,150,3,2.46271e+06,148,2408,150,149
4149,1,500,0,0,150,3,150,3,2.65438e+06,148,2599.67,150,149
4150,1,500,0,0,150,3,150,3,2.64804e+06,148,2593.33,150,149
4151,1,500,0,0,150,3,150,3,2.65071e+06,148,2596,150,149
4152,1,500,0,0,150,3,150,3,2.48271e+06,148,2428,150,149
4153,1,500,0,0,150,3,150,3,2.38304e+06,148,2328.33,150,149
4154,1,500,0,0,150,3,150,3,2.40238e+06,148,2347.67,150,149
4155,1,500,0,0,150,3,150,3,2.47671e+06,148,2422,150,149
4156,1,500,0,0,150,3,150,3,2.41071e+06,148,2356,150,149
4157,1,500,0,0,150,3,150,3,2.52771e+06,148,2473,150,149
4158,1,500,0,0,150,3,150,3,2.44404e+06,148,2389.33,150,149
4159,1,500,0,0,150,3,150,3,2.31138e+06,148,2256.67,150,149
4160,1,500,0,0,150,3,150,3,2.54604e+06,148,2491.33,150,149
4161,1,500,0,0,150,3,150,3,2.50971e+06,148,2455,150,149
4162,1,500,0,0,150,3,150,3,2.31604e+06,148,2261.33,150,149
4163,1,500,0,0,150,3,150,3,2.59171e+06,148,2537,150,149
4164,1,500,0,0,150,3,150,3,2.47471e+06,148,2420,150,149
4165,1,500,0,0,150,3,150,3,2.38704e+06,148,2332.33,150,149
4166,1,500,0,0,150,3,150,3,2.58071e+06,148,2526,150,149
4167,1,500,0,0,150,3,150,3,2.39338e+06,148,2338.67,150,149
4168,1,500,0,0,150,3,150,3,2.55038e+06,148,2495.67,150,149
4169,1,500,0,0,150,3,150,3,2.50138e+06,148,2446.67,150,149
4170,1,500,0,0,150,3,150,3,2.61471e+06,148,2560,150,149
4171,1,500,0,0,150,3,150,3,2.60304e+06,148,2548.33,150,149
4172,1,500,0,0,150,3,150,3,2.40504e+06,148,2350.33,150,149
4173,1,500,0,0,150,3,150,3,2.74304e+06,148,2688.33,150,149
4174,1,500,0,0,150,3,150,3,2.63071e+06,148,2576,150,149
4175,1,500,0,0,150,3,150,3,2.40504e+06,148,2350.33,150,149
4176,1,500,0,0,150,3,150,3,2.73571e+06,148,2681,150,149
4177,1,500,0,0,150,3,150,3,2.32171e+06,148,2267,150,149
4178,1,500,0,0,150,3,150,3,2.52871e+06,148,2474,150,149
4179,1,500,0,0,150,3,150,3,2.43838e+06,148,2383.67,150,149
4180,1,500,0,0,150,3,150,3,2.40471e+06,148,2350,150,149
4181,1,500,0,0,150,3,150,3,2.40204e+06,148,2347.33,150,149
4182,1,500,0,0,150,3,150,3,2.44804e+06,148,2393.33,150,149
4183,1,500,0,0,150,3,150,3,2.54271e+06,148,2488,150,149
4184,1,500,0,0,150,3,150,3,2.69871e+06,148,2644,150,149
4185,1,500,0,0,150,3,150,3,2.33771e+06,148,2283,150,149
4186,1,500,0,0,150,3,150,3,2.45071e+06,148,2396,150,149
4187,1,500,0,0,150,3,150,3,2.49638e+06,148,2441.67,150,149
4188,1,500,0,0,150,3,150,3,2.59704e+06,148,2542.33,150,149
4189,1,500,0,0,150,3,150,3,2.61138e+06,148,2556.67,150,149
4190,1,500,0,0,150,3,150,3,2.51571e+06,148,2461,150,149
4191,1,500,0,0,150,3,150,3,2.35004e+06,148,2295.33,150,149
4192,1,500,0,0,150,3,150,3,2.66038e+06,148,2605.67,150,149
4193,1,500,0,0,150,3,150,3,2.37038e+06,148,2315.67,150,149
4194,1,500,0,0,150,3,150,3,2.55371e+06,148,2499,150,149
4195,1,500,0,0,150,3,150,3,2.51871e+06,148,2464,150,149
4196,1,500,0,0,150,3,150,3,2.53704e+06,148,2482.33,150,149
4197,1,500,0,0,150,3,150,3,2.43638e+06,148,2381.67,150,149
4198,1,500,0,0,150,3,150,3,2.55904e+06,148,2504.33,150,149
4199,1,500,0,0,150,3,150,3,2.42538e+06,148,2370.67,150,149
4200,1,500,0,0,150,3,150,3,2.42804e+06,148,2373.33,150,149
4201,1,500,0,0,150,3,150,3,2.46704e+06,148,2412.33,150,149
4202,1,500,0,0,150,3,150,3,2.44771e+06,148,2393,150,149
4203,1,500,0,0,150,3,150,3,2.49971e+06,148,2445,150,149
4204,1,500,0,0,150,3,150,3,2.67371e+06,148,2619,150,149
4205,1,500,0,0,150,3,150,3,2.52838e+06,148,2473.67,150,149
4206,1,500,0,0,150,3,150,3,2.34938e+06,148,2294.67,150,149
4207,1,500,0,0,150,3,150,3,2.52838e+06,148,2473.67,150,149
4208,1,500,0,0,150,3,150,3,2.96738e+06,148,2912.67,150,149
4209,1,500,0,0,150,3,150,3,2.55804e+06,148,2503.33,150,149
4210,1,500,0,0,150,3,150,3,2.39071e+06,148,2336,150,149
4211,1,500,0,0,150,3,150,3,2.50838e+06,148,2453.67,150,149
4212,1,500,0,0,150,3,150,3,2.61571e+06,148,2561,150,149
4213,1,500,0,0,150,3,150,3,2.55871e+06,148,2504,150,149
4214,1,500,0,0,150,3,150,3,2.41438e+06,148,2359.67,150,149
4215,1,500,0,0,150,3,150,3,2.51404e+06,148,2459.33,150,149
4216,1,500,0,0,150,3,150,3,2.60304e+06,148,2548.33,150,149
4217,1,500,0,0,150,3,150,3,2.45204e+06,148,2397.33,150,149
4218,1,500,0,0,150,3,150,3,2.52604e+06,148,2471.33,150,149
4219,1,500,0,0,150,3,150,3,2.29304e+06,148,2238.33,150,149
4220,1,500,0,0,150,3,150,3,2.50471e+06,148,2450,150,149
4221,1,500,0,0,150,3,150,3,2.51704e+06,148,2462.33,150,149
4222,1,500,0,0,150,3,150,3,2.52604e+06,148,2471.33,150,149
4223,1,500,0,0,150,3,150,3,2.48171e+06,148,2427,150,149
4224,1,500,0,0,150,3,150,3,2.28671e+06,148,2232,150,149
4225,1,500,0,0,150,3,150,3,2.54038e+06,148,2485.67,150,149
4226,1,500,0,0,150,3,150,3,2.61538e+06,148,2560.67,150,149
4227,1,500,0,0,150,3,150,3,2.47071e+06,148,2416,150,149
4228,1,500,0,0,150,3,150,3,2.39738e+06,148,2342.67,150,149
4229,1,500,0,0,150,3,150,3,2.49971e+06,148,2445,150,149
4230,1,500,0,0,150,3,150,3,2.45504e+06,148,2400.33,150,149
4231,1,500,0,0,150,3,150,3,2.25338e+06,148,2198.67,150,149
4232,1,500,0,0,150,3,150,3,2.40771e+06,148,2353,150,149
4233,1,500,0,0,150,3,150,3,2.27571e+06,148,2221,150,149
4234,1,500,0,0,150,3,150,3,2.57238e+06,148,2517.67,150,149
4235,1,500,0,0,150,3,150,3,2.42471e+06,148,2370,150,149
4236,1,500,0,0,150,3,150,3,2.47604e+06,148,2421.33,150,149
4237,1,500,0,0,150,3,150,3,2.48971e+06,148,2435,150,149
4238,1,500,0,0,150,3,150,3,2.47304e+06,148,2418.33,150,149
4239,1,500,0,0,150,3,150,3,2.39804e+06,148,2343.33,150,149
4240,1,500,0,0,150,3,150,3,2.41271e+06,148,2358,150,149
4241,1,500,0,0,150,3,150,3,2.34104e+06,148,2286.33,150,149
4242,1,500,0,0,150,3,150,3,2.49738e+06,148,2442.67,150,149
4243,1,500,0,0,150,3,150,3,2.43538e+06,148,2380.67,150,149
4244,1,500,0,0,150,3,150,3,2.55671e+06,148,2502,150,149
4245,1,500,0,0,150,3,150,3,2.51204e+06,148,2457.33,150,149
4246,1,500,0,0,150,3,150,3,2.57071e+06,148,2516,150,149
4247,1,500,0,0,150,3,150,3,2.48838e+06,148,2433.67,150,149
4248,1,500,0,0,150,3,150,3,2.56438e+06,148,2509.67,150,149
4249,1,500,0,0,150,3,150,3,2.56704e+06,148,2512.33,150,149
4250,1,500,0,0,150,3,150,3,2.25371e+06,148,2199,150,149
4251,1,500,0,0,150,3,150,3,2.52104e+06,148,2466.33,150,149
4252,1,500,0,0,150,3,150,3,2.56204e+06,148,2507.33,150,149
4253,1,500,0,0,150,3,150,3,2.52271e+06,148,2468,150,149
4254,1,500,0,0,150,3,150,3,2.46671e+06,148,2412,150,149
4255,1,500,0,0,150,3,150,3,2.46671e+06,148,2412,150,149
4256,1,500,0,0,150,3,150,3,2.47771e+06,148,2423,150,149
4257,1,500,0,0,150,3,150,3,2.33404e+06,148,2279.33,150,149
4258,1,500,0,0,150,3,150,3,2.41871e+06,148,2364,150,149
4259,1,500,0,0,150,3,150,3,2.28738e+06,148,2232.67,150,149
4260,1,500,0,0,150,3,150,3,2.79704e+06,148,2742.33,150,149
4261,1,500,0,0,150,3,150,3,2.57204e+06,148,2517.33,150,149
4262,1,500,0,0,150,3,150,3,2.51871e+06,148,2464,150,149
4263,1,500,0,0,150,3,150,3,2.46904e+06,148,2414.33,150,149
4264,1,500,0,0,150,3,150,3,2.66904e+06,148,2614.33,150,149
4265,1,500,0,0,150,3,150,3,2.53604e+06,148,2481.33,150,149
4266,1,500,0,0,150,3,150,3,2.27871e+06,148,2224,150,149
4267,1,500,0,0,150,3,150,3,2.49604e+06,148,2441.33,150,149
4268,1,500,0,0,150,3,150,3,2.56371e+06,148,2509,150,149
4269,1,500,0,0,150,3,150,3,2.42004e+06,148,2365.33,150,149
4270,1,500,0,0,150,3,150,3,2.52004e+06,148,2465.33,150,149
4271,1,500,0,0,150,3,150,3,2.56804e+06,148,2513.33,150,149
4272,1,500,0,0,150,3,150,3,2.70338e+06,148,2648.67,150,149
4273,1,500,0,0,150,3,150,3,2.29071e+06,148,2236,150,149
4274,1,500,0,0,150,3,150,3,2.54138e+06,148,2486.67,150,149
4275,1,500,0,0,150,3,150,3,2.50604e+06,148,2451.33,150,149
4276,1,500,0,0,150,3,150,3,2.49671e+06,148,2442,150,149
4277,1,500,0,0,150,3,150,3,2.62538e+06,148,2570.67,150,149
4278,1,500,0,0,150,3,150,3,2.40604e+06,148,2351.33,150,149
4279,1,500,0,0,150,3,150,3,2.31871e+06,148,2264,150,149
4280,1,500,0,0,150,3,150,3,2.44071e+06,148,2386,150,149
4281,1,500,0,0,150,3,150,3,2.37471e+06,148,2320,150,149
4282,1,500,0,0,150,3,150,3,2.61271e+06,148,2558,150,149
4283,1,500,0,0,150,3,150,3,2.52238e+06,148,2467.67,150,149
4284,1,500,0,0,150,3,150,3,2.47671e+06,148,2422,150,149
4285,1,500,0,0,150,3,150,3,2.60604e+06,148,2551.33,150,149
4286,1,500,0,0,150,3,150,3,2.45904e+06,148,2404.33,150,149
4287,1,500,0,0,150,3,150,3,2.50404e+06,148,2449.33,150,149
4288,1,500,0,0,150,3,150,3,2.20638e+06,148,2151.67,150,149
4289,1,500,0,0,150,3,150,3,2.65304e+06,148,2598.33,150,149
4290,1,500,0,0,150,3,150,3,2.50504e+06,148,2450.33,150,149
4291,1,500,0,0,150,3,150,3,2.35571e+06,148,2301,150,149
4292,1,500,0,0,150,3,150,3,2.69338e+06,148,2638.67,150,149
4293,1,500,0,0,150,3,150,3,2.46204e+06,148,2407.33,150,149
4294,1,500,0,0,150,3,150,3,2.36338e+06,148,2308.67,150,149
4295,1,500,0,0,150,3,150,3,2.56904e+06,148,2514.33,150,149
4296,1,500,0,0,150,3,150,3,2.26804e+06,148,2213.33,150,149
4297,1,500,0,0,150,3,150,3,2.34538e+06,148,2290.67,150,149
4298,1,500,0,0,150,3,150,3,2.51504e+06,148,2460.33,150,149
4299,1,500,0,0,150,3,150,3,2.51938e+06,148,2464.67,150,149
4300,1,500,0,0,150,3,150,3,2.45671e+06,148,2402,150,149
4301,1,500,0,0,150,3,150,3,2.42571e+06,148,2371,150,149
4302,1,500,0,0,150,3,150,3,2.35904e+06,148,2304.33,150,149
4303,1,500,0,0,150,3,150,3,2.58938e+06,148,2534.67,150,149
4304,1,500,0,0,150,3,150,3,2.56071e+06,148,2506,150,149
4305,1,500,0,0,150,3,150,3,2.49671e+06,148,2442,150,149
4306,1,500,0,0,150,3,150,3,2.37871e+06,148,2324,150,149
4307,1,500,0,0,150,3,150,3,2.46238e+06,148,2407.67,150,149
4308,1,500,0,0,150,3,150,3,2.55004e+06,148,2495.33,150,149
4309,1,500,0,0,150,3,150,3,2.43438e+06,148,2379.67,150,149
4310,1,500,0,0,150,3,150,3,2.58304e+06,148,2528.33,150,149
4311,1,500,0,0,150,3,150,3,2.53138e+06,148,2476.67,150,149
4312,1,500,0,0,150,3,150,3,2.35971e+06,148,2305,150,149
4313,1,500,0,0,150,3,150,3,2.63804e+06,148,2583.33,150,149
4314,1,500,0,0,150,3,150,3,2.59271e+06,148,2538,150,149
4315,1,500,0,0,150,3,150,3,2.53638e+06,148,2481.67,150,149
4316,1,500,0,0,150,3,150,3,2.38404e+06,148,2329.33,150,149
4317,1,500,0,0,150,3,150,3,2.38738e+06,148,2332.67,150,149
4318,1,500,0,0,150,3,150,3,2.67138e+06,148,2616.67,150,149
4319,1,500,0,0,150,3,150,3,2.37538e+06,148,2320.67,150,149
4320,1,500,0,0,150,3,150,3,2.42971e+06,148,2375,150,149
4321,1,500,0,0,150,3,150,3,2.53738e+06,148,2482.67,150,149
4322,1,500,0,0,150,3,150,3,2.49538e+06,148,2440.67,150,149
4323,1,500,0,0,150,3,150,3,2.45538e+06,148,2400.67,150,149
4324,1,500,0,0,150,3,150,3,2.54238e+06,148,2487.67,150,149
4325,1,500,0,0,150,3,150,3,2.53538e+06,148,2480.67,150,149
4326,1,500,0,0,150,3,150,3,2.32371e+06,148,2269,150,149
4327,1,500,0,0,150,3,150,3,2.53904e+06,148,2484.33,150,149
4328,1,500,0,0,150,3,150,3,2.52604e+06,148,2471.33,150,149
4329,1,500,0,0,150,3,150,3,2.51004e+06,148,2455.33,150,149
4330,1,500,0,0,150,3,150,3,2.76504e+06,148,2710.33,150,149
4331,1,500,0,0,150,3,150,3,2.59571e+06,148,2541,150,149
4332,1,500,0,0,150,3,150,3,2.51204e+06,148,2457.33,150,149
4333,1,500,0,0,150,3,150,3,2.38404e+06,148,2329.33,150,149
4334,1,500,0,0,150,3,150,3,2.34438e+06,148,2289.67,150,149
4335,1,500,0,0,150,3,150,3,2.54138e+06,148,2486.67,150,149
4336,1,500,0,0,150,3,150,3,2.41104e+06,148,2356.33,150,149
4337,1,500,0,0,150,3,150,3,2.41771e+06,148,2363,150,149
4338,1,500,0,0,150,3,150,3,2.32304e+06,148,2268.33,150,149
4339,1,500,0,0,150,3,150,3,2.51571e+06,148,2461,150,149
4340,1,500,0,0,150,3,150,3,2.53038e+06,148,2475.67,150,149
4341,1,500,0,0,150,3,150,3,2.39604e+06,148,2341.33,150,149
4342,1,500,0,0,150,3,150,3,2.38871e+06,148,2334,150,149
4343,1,500,0,0,150,3,150,3,2.50438e+06,148,2449.67,150,149
4344,1,500,0,0,150,3,150,3,2.32571e+06,148,2271,150,149
4345,1,500,0,0,150,3,150,3,2.56604e+06,148,2511.33,150,149
4346,1,500,0,0,150,3,150,3,2.32538e+06,148,2270.67,150,149
4347,1,500,0,0,150,3,150,3,2.42404e+06,148,2369.33,150,149
4348,1,500,0,0,150,3,150,3,2.49171e+06,148,2437,150,149
4349,1,500,0,0,150,3,150,3,2.41638e+06,148,2361.67,150,149
4350,1,500,0,0,150,3,150,3,2.54338e+06,148,2488.67,150,149
4351,1,500,0,0,150,3,150,3,2.57038e+06,148,2515.67,150,149
4352,1,500,0,0,150,3,150,3,2.46738e+06,148,2412.67,150,149
4353,1,500,0,0,150,3,150,3,2.41271e+06,148,2358,150,149
4354,1,500,0,0,150,3,150,3,2.25938e+06,148,2204.67,150,149
4355,1,500,0,0,150,3,150,3,2.55838e+06,148,2503.67,150,149
4356,1,500,0,0,150,3,150,3,2.45204e+06,148,2397.33,150,149
4357,1,500,0,0,150,3,150,3,2.44971e+06,148,2395,150,149
4358,1,500,0,0,150,3,150,3,2.50104e+06,148,2446.33,150,149
4359,1,500,0,0,150,3,150,3,2.40904e+06,148,2354.33,150,149
4360,1,500,0,0,150,3,150,3,2.40304e+06,148,2348.33,150,149
4361,1,500,0,0,150,3,150,3,2.43104e+06,148,2376.33,150,149
4362,1,500,0,0,150,3,150,3,2.56771e+06,148,2513,150,149
4363,1,500,0,0,150,3,150,3,2.69571e+06,148,2641,150,149
4364,1,500,0,0,150,3,150,3,2.53871e+06,148,2484,150,149
4365,1,500,0,0,150,3,150,3,2.31004e+06,148,2255.33,150,149
4366,1,500,0,0,150,3,150,3,2.55504e+06,148,2500.33,150,149
4367,1,500,0,0,150,3,150,3,2.55871e+06,148,2504,150,149
4368,1,500,0,0,150,3,150,3,2.61071e+06,148,2556,150,149
4369,1,500,0,0,150,3,150,3,2.33371e+06,148,2279,150,149
4370,1,500,0,0,150,3,150,3,2.39871e+06,148,2344,150,149
4371,1,500,0,0,150,3,150,3,2.36004e+06,148,2305.33,150,149
4372,1,500,0,0,150,3,150,3,2.42771e+06,148,2373,150,149
4373,1,500,0,0,150,3,150,3,2.29604e+06,148,2241.33,150,149
4374,1,500,0,0,150,3,150,3,2.46604e+06,148,2411.33,150,149
4375,1,500,0,0,150,3,150,3,2.52971e+06,148,2475,150,149
4376,1,500,0,0,150,3,150,3,2.45304e+06,148,2398.33,150,149
4377,1,500,0,0,150,3,150,3,2.49504e+06,148,2440.33,150,149
4378,1,500,0,0,150,3,150,3,2.38738e+06,148,2332.67,150,149
4379,1,500,0,0,150,3,150,3,2.32671e+06,148,2272,150,149
4380,1,500,0,0,150,3,150,3,2.50904e+06,148,2454.33,150,149
4381,1,500,0,0,150,3,150,3,2.46571e+06,148,2411,150,149
4382,1,500,0,0,150,3,150,3,2.60738e+06,148,2552.67,150,149
4383,1,500,0,0,150,3,150,3,2.52738e+06,148,2472.67,150,149
4384,1,500,0,0,150,3,150,3,2.36271e+06,148,2308,150,149
4385,1,500,0,0,150,3,150,3,2.56871e+06,148,2514,150,149
4386,1,500,0,0,150,3,150,3,2.36638e+06,148,2311.67,150,149
4387,1,500,0,0,150,3,150,3,2.70304e+06,148,2648.33,150,149
4388,1,500,0,0,150,3,150,3,2.46371e+06,148,2409,150,149
4389,1,500,0,0,150,3,150,3,2.56538e+06,148,2510.67,150,149
4390,1,500,0,0,150,3,150,3,2.32038e+06,148,2265.67,150,149
4391,1,500,0,0,150,3,150,3,2.51971e+06,148,2465,150,149
4392,1,500,0,0,150,3,150,3,2.42004e+06,148,2365.33,150,149
4393,1,500,0,0,150,3,150,3,2.45371e+06,148,2399,150,149
4394,1,500,0,0,150,3,150,3,2.73238e+06,148,2677.67,150,149
4395,1,500,0,0,150,3,150,3,2.41038e+06,148,2355.67,150,149
4396,1,500,0,0,150,3,150,3,2.40971e+06,148,2355,150,149
4397,1,500,0,0,150,3,150,3,2.43138e+06,148,2376.67,150,149
4398,1,500,0,0,150,3,150,3,2.74704e+06,148,2692.33,150,149
4399,1,500,0,0,150,3,150,3,2.42538e+06,148,2370.67,150,149
4400,1,500,0,0,150,3,150,3,2.45038e+06,148,2395.67,150,149
4401,1,500,0,0,150,3,150,3,2.56604e+06,148,2511.33,150,149
4402,1,500,0,0,150,3,150,3,2.50304e+06,148,2448.33,150,149
4403,1,500,0,0,150,3,150,3,2.45238e+06,148,2397.67,150,149
4404,1,500,0,0,150,3,150,3,2.61304e+06,148,2558.33,150,149
4405,1,500,0,0,150,3,150,3,2.67904e+06,148,2624.33,150,149
4406,1,500,0,0,150,3,150,3,2.49338e+06,148,2438.67,150,149
4407,1,500,0,0,150,3,150,3,2.51504e+06,148,2460.33,150,149
4408,1,500,0,0,150,3,150,3,2.61071e+06,148,2556,150,149
4409,1,500,0,0,150,3,150,3,2.41938e+06,148,2364.67,150,149
4410,1,500,0,0,150,3,150,3,2.55671e+06,148,2502,150,149
4411,1,500,0,0,150,3,150,3,2.52571e+06,148,2471,150,149
4412,1,500,0,0,150,3,150,3,2.37704e+06,148,2322.33,150,149
4413,1,500,0,0,150,3,150,3,2.43104e+06,148,2376.33,150,149
4414,1,500,0,0,150,3,150,3,2.40638e+06,148,2351.67,150,149
4415,1,500,0,0,150,3,150,3,2.59938e+06,148,2544.67,150,149
4416,1,500,0,0,150,3,150,3,2.46638e+06,148,2411.67,150,149
4417,1,500,0,0,150,3,150,3,2.39738e+06,148,2342.67,150,149
4418,1,500,0,0,150,3,150,3,2.40938e+06,148,2354.67,150,149
4419,1,500,0,0,150,3,150,3,2.48104e+06,148,2426.33,150,149
4420,1,500,0,0,150,3,150,3,2.72804e+06,148,2673.33,150,149
4421,1,500,0,0,150,3,150,3,2.37704e+06,148,2322.33,150,149
4422,1,500,0,0,150,3,150,3,2.55104e+06,148,2496.33,150,149
4423,1,500,0,0,150,3,150,3,2.39538e+06,148,2340.67,150,149
4424,1,500,0,0,150,3,150,3,2.55704e+06,148,2502.33,150,149
4425,1,500,0,0,150,3,150,3,2.47071e+06,148,2416,150,149
4426,1,500,0,0,150,3,150,3,2.37938e+06,148,2324.67,150,149
4427,1,500,0,0,150,3,150,3,2.53038e+06,148,2475.67,150,149
4428,1,500,0,0,150,3,150,3,2.46604e+06,148,2411.33,150,149
4429,1,500,0,0,150,3,150,3,2.36238e+06,148,2307.67,150,149
4430,1,500,0,0,150,3,150,3,2.32738e+06,148,2272.67,150,149
4431,1,500,0,0,150,3,150,3,2.54571e+06,148,2491,150,149
4432,1,500,0,0,150,3,150,3,2.61471e+06,148,2560,150,149
4433,1,500,0,0,150,3,150,3,2.49138e+06,148,2436.67,150,149
4434,1,500,0,0,150,3,150,3,2.68671e+06,148,2632,150,149
4435,1,500,0,0,150,3,150,3,2.69738e+06,148,2642.67,150,149
4436,1,500,0,0,150,3,150,3,2.64704e+06,148,2592.33,150,149
4437,1,500,0,0,150,3,150,3,2.59838e+06,148,2543.67,150,149
4438,1,500,0,0,150,3,150,3,2.47471e+06,148,2420,150,149
4439,1,500,0,0,150,3,150,3,2.26671e+06,148,2212,150,149
4440,1,500,0,0,150,3,150,3,2.45604e+06,148,2401.33,150,149
4441,1,500,0,0,150,3,150,3,2.53204e+06,148,2477.33,150,149
4442,1,500,0,0,150,3,150,3,2.34671e+06,148,2292,150,149
4443,1,500,0,0,150,3,150,3,2.55404e+06,148,2499.33,150,149
4444,1,500,0,0,150,3,150,3,2.43804e+06,148,2383.33,150,149
4445,1,500,0,0,150,3,150,3,2.48004e+06,148,2425.33,150,149
4446,1,500,0,0,150,3,150,3,2.64571e+06,148,2591,150,149
4447,1,500,0,0,150,3,150,3,2.36304e+06,148,2308.33,150,149
4448,1,500,0,0,150,3,150,3,2.55771e+06,148,2503,150,149
4449,1,500,0,0,150,3,150,3,2.50404e+06,148,2449.33,150,149
4450,1,500,0,0,150,3,150,3,2.58471e+06,148,2530,150,149
4451,1,500,0,0,150,3,150,3,2.59671e+06,148,2542,150,149
4452,1,500,0,0,150,3,150,3,2.43538e+06,148,2380.67,150,149
4453,1,500,0,0,150,3,150,3,2.49504e+06,148,2440.33,150,149
4454,1,500,0,0,150,3,150,3,2.41304e+06,148,2358.33,150,149
4455,1,500,0,0,150,3,150,3,2.53671e+06,148,2482,150,149
4456,1,500,0,0,150,3,150,3,2.37804e+06,148,2323.33,150,149
4457,1,500,0,0,150,3,150,3,2.43004e+06,148,2375.33,150,149
4458,1,500,0,0,150,3,150,3,2.55904e+06,148,2504.33,150,149
4459,1,500,0,0,150,3,150,3,2.45571e+06,148,2401,150,149
4460,1,500,0,0,150,3,150,3,2.47404e+06,148,2419.33,150,149
4461,1,500,0,0,150,3,150,3,2.42138e+06,148,2366.67,150,149
4462,1,500,0,0,150,3,150,3,2.44404e+06,148,2389.33,150,149
4463,1,500,0,0,150,3,150,3,2.27971e+06,148,2225,150,149
4464,1,500,0,0,150,3,150,3,2.36971e+06,148,2315,150,149
4465,1,500,0,0,150,3,150,3,2.44104e+06,148,2386.33,150,149
4466,1,500,0,0,150,3,150,3,2.47171e+06,148,2417,150,149
4467,1,500,0,0,150,3,150,3,2.57204e+06,148,2517.33,150,149
4468,1,500,0,0,150,3,150,3,2.46938e+06,148,2414.67,150,149
4469,1,500,0,0,150,3,150,3,2.64571e+06,148,2591,150,149
4470,1,500,0,0,150,3,150,3,2.63238e+06,148,2577.67,150,149
4471,1,500,0,0,150,3,150,3,2.30971e+06,148,2255,150,149
4472,1,500,0,0,150,3,150,3,2.55104e+06,148,2496.33,150,149
4473,1,500,0,0,150,3,150,3,2.36538e+06,148,2310.67,150,149
4474,1,500,0,0,150,3,150,3,2.43404e+06,148,2379.33,150,149
4475,1,500,0,0,150,3,150,3,2.42538e+06,148,2370.67,150,149
4476,1,500,0,0,150,3,150,3,2.70404e+06,148,2649.33,150,149
4477,1,500,0,0,150,3,150,3,2.36771e+06,148,2313,150,149
4478,1,500,0,0,150,3,150,3,2.45304e+06,148,2398.33,150,149
4479,1,500,0,0,150,3,150,3,2.53704e+06,148,2482.33,150,149
4480,1,500,0,0,150,3,150,3,2.52471e+06,148,2470,150,149
4481,1,500,0,0,150,3,150,3,2.46338e+06,148,2408.67,150,149
4482,1,500,0,0,150,3,150,3,2.50438e+06,148,2449.67,150,149
4483,1,500,0,0,150,3,150,3,2.55538e+06,148,2500.67,150,149
4484,1,500,0,0,150,3,150,3,2.47871e+06,148,2424,150,149
4485,1,500,0,0,150,3,150,3,2.43971e+06,148,2385,150,149
4486,1,500,0,0,150,3,150,3,2.56738e+06,148,2512.67,150,149
4487,1,500,0,0,150,3,150,3,2.22038e+06,148,2165.67,150,149
4488,1,500,0,0,150,3,150,3,2.53304e+06,148,2478.33,150,149
4489,1,500,0,0,150,3,150,3,2.48571e+06,148,2431,150,149
4490,1,500,0,0,150,3,150,3,2.43104e+06,148,2376.33,150,149
4491,1,500,0,0,150,3,150,3,2.39504e+06,148,2340.33,150,149
4492,1,500,0,0,150,3,150,3,2.49238e+06,148,2437.67,150,149
4493,1,500,0,0,150,3,150,3,2.60038e+06,148,2545.67,150,149
4494,1,500,0,0,150,3,150,3,2.35004e+06,148,2295.33,150,149
4495,1,500,0,0,150,3,150,3,2.45638e+06,148,2401.67,150,149
4496,1,500,0,0,150,3,150,3,2.56004e+06,148,2505.33,150,149
4497,1,500,0,0,150,3,150,3,2.69271e+06,148,2638,150,149
4498,1,500,0,0,150,3,150,3,2.71771e+06,148,2663,150,149
4499,1,500,0,0,150,3,150,3,2.40671e+06,148,2352,150,149
4500,1,500,0,0,150,3,150,3,2.55738e+06,148,2502.67,150,149
4501,1,500,0,0,150,3,150,3,2.44404e+06,148,2389.33,150,149
4502,1,500,0,0,150,3,150,3,2.38771e+06,148,2333,150,149
4503,1,500,0,0,150,3,150,3,2.61004e+06,148,2555.33,150,149
4504,1,500,0,0,150,3,150,3,2.60804e+06,148,2553.33,150,149
4505,1,500,0,0,150,3,150,3,2.59704e+06,148,2542.33,150,149
4506,1,500,0,0,150,3,150,3,2.47171e+06,148,2417,150,149
4507,1,500,0,0,150,3,150,3,2.28671e+06,148,2232,150,149
4508,1,500,0,0,150,3,150,3,2.40071e+06,148,2346,150,149
4509,1,500,0,0,150,3,150,3,2.36138e+06,148,2306.67,150,149
4510,1,500,0,0,150,3,150,3,2.54804e+06,148,2493.33,150,149
4511,1,500,0,0,150,3,150,3,2.53504e+06,148,2480.33,150,149
4512,1,500,0,0,150,3,150,3,2.55871e+06,148,2504,150,149
4513,1,500,0,0,150,3,150,3,2.30938e+06,148,2254.67,150,149
4514,1,500,0,0,150,3,150,3,2.27071e+06,148,2216,150,149
4515,1,500,0,0,150,3,150,3,2.34038e+06,148,2285.67,150,149
4516,1,500,0,0,150,3,150,3,2.28838e+06,148,2233.67,150,149
4517,1,500,0,0,150,3,150,3,2.29638e+06,148,2241.67,150,149
4518,1,500,0,0,150,3,150,3,2.61338e+06,148,2558.67,150,149
4519,1,500,0,0,150,3,150,3,2.45438e+06,148,2399.67,150,149
4520,1,500,0,0,150,3,150,3,2.63438e+06,148,2579.67,150,149
4521,1,500,0,0,150,3,150,3,2.60371e+06,148,2549,150,149
4522,1,500,0,0,150,3,150,3,2.40404e+06,148,2349.33,150,149
4523,1,500,0,0,150,3,150,3,2.60071e+06,148,2546,150,149
4524,1,500,0,0,150,3,150,3,2.72638e+06,148,2671.67,150,149
4525,1,500,0,0,150,3,150,3,2.41871e+06,148,2364,150,149
4526,1,500,0,0,150,3,150,3,2.68838e+06,148,2633.67,150,149
4527,1,500,0,0,150,3,150,3,2.46704e+06,148,2412.33,150,149
4528,1,500,0,0,150,3,150,3,2.49238e+06,148,2437.67,150,149
4529,1,500,0,0,150,3,150,3,2.39971e+06,148,2345,150,149
4530,1,500,0,0,150,3,150,3,2.52404e+06,148,2469.33,150,149
4531,1,500,0,0,150,3,150,3,2.62804e+06,148,2573.33,150,149
4532,1,500,0,0,150,3,150,3,2.33671e+06,148,2282,150,149
4533,1,500,0,0,150,3,150,3,2.44871e+06,148,2394,150,149
4534,1,500,0,0,150,3,150,3,2.40771e+06,148,2353,150,149
4535,1,500,0,0,150,3,150,3,2.41271e+06,148,2358,150,149
4536,1,500,0,0,150,3,150,3,2.34804e+06,148,2293.33,150,149
4537,1,500,0,0,150,3,150,3,2.59171e+06,148,2537,150,149
4538,1,500,0,0,150,3,150,3,2.63971e+06,148,2585,150,149
4539,1,500,0,0,150,3,150,3,2.42204e+06,148,2367.33,150,149
4540,1,500,0,0,150,3,150,3,2.60804e+06,148,2553.33,150,149
4541,1,500,0,0,150,3,150,3,2.71438e+06,148,2659.67,150,149
4542,1,500,0,0,150,3,150,3,2.45371e+06,148,2399,150,149
4543,1,500,0,0,150,3,150,3,2.38971e+06,148,2335,150,149
4544,1,500,0,0,150,3,150,3,2.31838e+06,148,2263.67,150,149
4545,1,500,0,0,150,3,150,3,2.59904e+06,148,2544.33,150,149
4546,1,500,0,0,150,3,150,3,2.52071e+06,148,2466,150,149
4547,1,500,0,0,150,3,150,3,2.41504e+06,148,2360.33,150,149
4548,1,500,0,0,150,3,150,3,2.40038e+06,148,2345.67,150,149
4549,1,500,0,0,150,3,150,3,2.58538e+06,148,2530.67,150,149
4550,1,500,0,0,150,3,150,3,2.55038e+06,148,2495.67,150,149
4551,1,500,0,0,150,3,150,3,2.57338e+06,148,2518.67,150,149
4552,1,500,0,0,150,3,150,3,2.63738e+06,148,2582.67,150,149
4553,1,500,0,0,150,3,150,3,2.55638e+06,148,2501.67,150,149
4554,1,500,0,0,150,3,150,3,2.49071e+06,148,2436,150,149
4555,1,500,0,0,150,3,150,3,2.38138e+06,148,2326.67,150,149
4556,1,500,0,0,150,3,150,3,2.80638e+06,148,2751.67,150,149
4557,1,500,0,0,150,3,150,3,2.39404e+06,148,2339.33,150,149
4558,1,500,0,0,150,3,150,3,2.44204e+06,148,2387.33,150,149
4559,1,500,0,0,150,3,150,3,2.42804e+06,148,2373.33,150,149
4560,1,500,0,0,150,3,150,3,2.67204e+06,148,2617.33,150,149
4561,1,500,0,0,150,3,150,3,2.45171e+06,148,2397,150,149
4562,1,500,0,0,150,3,150,3,2.44704e+06,148,2392.33,150,149
4563,1,500,0,0,150,3,150,3,2.37938e+06,148,2324.67,150,149
4564,1,500,0,0,150,3,150,3,2.55404e+06,148,2499.33,150,149
4565,1,500,0,0,150,3,150,3,2.66571e+06,148,2611,150,149
4566,1,500,0,0,150,3,150,3,2.30571e+06,148,2251,150,149
4567,1,500,0,0,150,3,150,3,2.44538e+06,148,2390.67,150,149
4568,1,500,0,0,150,3,150,3,2.47638e+06,148,2421.67,150,149
4569,1,500,0,0,150,3,150,3,2.43871e+06,148,2384,150,149
4570,1,500,0,0,150,3,150,3,2.45338e+06,148,2398.67,150,149
4571,1,500,0,0,150,3,150,3,2.43538e+06,148,2380.67,150,149
4572,1,500,0,0,150,3,150,3,2.40071e+06,148,2346,150,149
4573,1,500,0,0,150,3,150,3,2.73804e+06,148,2683.33,150,149
4574,1,500,0,0,150,3,150,3,2.40471e+06,148,2350,150,149
4575,1,500,0,0,150,3,150,3,2.42204e+06,148,2367.33,150,149
4576,1,500,0,0,150,3,150,3,2.33238e+06,148,2277.67,150,149
4577,1,500,0,0,150,3,150,3,2.46071e+06,148,2406,150,149
4578,1,500,0,0,150,3,150,3,2.48838e+06,148,2433.67,150,149
4579,1,500,0,0,150,3,150,3,2.67738e+06,148,2622.67,150,149
4580,1,500,0,0,150,3,150,3,2.38638e+06,148,2331.67,150,149
4581,1,500,0,0,150,3,150,3,2.59504e+06,148,2540.33,150,149
4582,1,500,0,0,150,3,150,3,2.48238e+06,148,2427.67,150,149
4583,1,500,0,0,150,3,150,3,2.55338e+06,148,2498.67,150,149
4584,1,500,0,0,150,3,150,3,2.17238e+06,148,2117.67,150,149
4585,1,500,0,0,150,3,150,3,2.64438e+06,148,2589.67,150,149
4586,1,500,0,0,150,3,150,3,2.65471e+06,148,2600,150,149
4587,1,500,0,0,150,3,150,3,2.39871e+06,148,2344,150,149
4588,1,500,0,0,150,3,150,3,2.37204e+06,148,2317.33,150,149
4589,1,500,0,0,150,3,150,3,2.50371e+06,148,2449,150,149
4590,1,500,0,0,150,3,150,3,2.48604e+06,148,2431.33,150,149
4591,1,500,0,0,150,3,150,3,2.58938e+06,148,2534.67,150,149
4592,1,500,0,0,150,3,150,3,2.35671e+06,148,2302,150,149
4593,1,500,0,0,150,3,150,3,2.43238e+06,148,2377.67,150,149
4594,1,500,0,0,150,3,150,3,2.40738e+06,148,2352.67,150,149
4595,1,500,0,0,150,3,150,3,2.48204e+06,148,2427.33,150,149
4596,1,500,0,0,150,3,150,3,2.56838e+06,148,2513.67,150,149
4597,1,500,0,0,150,3,150,3,2.52138e+06,148,2466.67,150,149
4598,1,500,0,0,150,3,150,3,2.37704e+06,148,2322.33,150,149
4599,1,500,0,0,150,3,150,3,2.51671e+06,148,2462,150,149
4600,1,500,0,0,150,3,150,3,2.52004e+06,148,2465.33,150,149
4601,1,500,0,0,150,3,150,3,2.37438e+06,148,2319.67,150,149
4602,1,500,0,0,150,3,150,3,2.57971e+06,148,2525,150,149
4603,1,500,0,0,150,3,150,3,2.27438e+06,148,2219.67,150,149
4604,1,500,0,0,150,3,150,3,2.55638e+06,148,2501.67,150,149
4605,1,500,0,0,150,3,150,3,2.58438e+06,148,2529.67,150,149
4606,1,500,0,0,150,3,150,3,2.69971e+06,148,2645,150,149
4607,1,500,0,0,150,3,150,3,2.32504e+06,148,2270.33,150,149
4608,1,500,0,0,150,3,150,3,2.49938e+06,148,2444.67,150,149
4609,1,500,0,0,150,3,150,3,2.55638e+06,148,2501.67,150,149
4610,1,500,0,0,150,3,150,3,2.79571e+06,148,2741,150,149
4611,1,500,0,0,150,3,150,3,2.35371e+06,148,2299,150,149
4612,1,500,0,0,150,3,150,3,2.41938e+06,148,2364.67,150,149
4613,1,500,0,0,150,3,150,3,2.61738e+06,148,2562.67,150,149
4614,1,500,0,0,150,3,150,3,2.44838e+06,148,2393.67,150,149
4615,1,500,0,0,150,3,150,3,2.55771e+06,148,2503,150,149
4616,1,500,0,0,150,3,150,3,2.28271e+06,148,2228,150,149
4617,1,500,0,0,150,3,150,3,2.54304e+06,148,2488.33,150,149
4618,1,500,0,0,150,3,150,3,2.58604e+06,148,2531.33,150,149
4619,1,500,0,0,150,3,150,3,2.44204e+06,148,2387.33,150,149
4620,1,500,0,0,150,3,150,3,2.69604e+06,148,2641.33,150,149
4621,1,500,0,0,150,3,150,3,2.52738e+06,148,2472.67,150,149
4622,1,500,0,0,150,3,150,3,2.65371e+06,148,2599,150,149
4623,1,500,0,0,150,3,150,3,2.61471e+06,148,2560,150,149
4624,1,500,0,0,150,3,150,3,2.55038e+06,148,2495.67,150,149
4625,1,500,0,0,150,3,150,3,2.41771e+06,148,2363,150,149
4626,1,500,0,0,150,3,150,3,2.24938e+06,148,2194.67,150,149
4627,1,500,0,0,150,3,150,3,2.69371e+06,148,2639,150,149
4628,1,500,0,0,150,3,150,3,2.42104e+06,148,2366.33,150,149
4629,1,500,0,0,150,3,150,3,2.62271e+06,148,2568,150,149
4630,1,500,0,0,150,3,150,3,2.46304e+06,148,2408.33,150,149
4631,1,500,0,0,150,3,150,3,2.50871e+06,148,2454,150,149
4632,1,500,0,0,150,3,150,3,2.58838e+06,148,2533.67,150,149
4633,1,500,0,0,150,3,150,3,2.44804e+06,148,2393.33,150,149
4634,1,500,0,0,150,3,150,3,2.43171e+06,148,2377,150,149
4635,1,500,0,0,150,3,150,3,2.62038e+06,148,2565.67,150,149
4636,1,500,0,0,150,3,150,3,2.57838e+06,148,2523.67,150,149
4637,1,500,0,0,150,3,150,3,2.49404e+06,148,2439.33,150,149
4638,1,500,0,0,150,3,150,3,2.66204e+06,148,2607.33,150,149
4639,1,500,0,0,150,3,150,3,2.41638e+06,148,2361.67,150,149
4640,1,500,0,0,150,3,150,3,2.43238e+06,148,2377.67,150,149
4641,1,500,0,0,150,3,150,3,2.55238e+06,148,2497.67,150,149
4642,1,500,0,0,150,3,150,3,2.39904e+06,148,2344.33,150,149
4643,1,500,0,0,150,3,150,3,2.57971e+06,148,2525,150,149
4644,1,500,0,0,150,3,150,3,2.48838e+06,148,2433.67,150,149
4645,1,500,0,0,150,3,150,3,2.42104e+06,148,2366.33,150,149
4646,1,500,0,0,150,3,150,3,2.46038e+06,148,2405.67,150,149
4647,1,500,0,0,150,3,150,3,2.48471e+06,148,2430,150,149
4648,1,500,0,0,150,3,150,3,2.35138e+06,148,2296.67,150,149
4649,1,500,0,0,150,3,150,3,2.57038e+06,148,2515.67,150,149
4650,1,500,0,0,150,3,150,3,2.45271e+06,148,2398,150,149
4651,1,500,0,0,150,3,150,3,2.38271e+06,148,2328,150,149
4652,1,500,0,0,150,3,150,3,2.43971e+06,148,2385,150,149
4653,1,500,0,0,150,3,150,3,2.43871e+06,148,2384,150,149
4654,1,500,0,0,150,3,150,3,2.38871e+06,148,2334,150,149
4655,1,500,0,0,150,3,150,3,2.51304e+06,148,2458.33,150,149
4656,1,500,0,0,150,3,150,3,2.59171e+06,148,2537,150,149
4657,1,500,0,0,150,3,150,3,2.54338e+06,148,2488.67,150,149
4658,1,500,0,0,150,3,150,3,2.60604e+06,148,2551.33,150,149
4659,1,500,0,0,150,3,150,3,2.43371e+06,148,2379,150,149
4660,1,500,0,0,150,3,150,3,2.58004e+06,148,2525.33,150,149
4661,1,500,0,0,150,3,150,3,2.52004e+06,148,2465.33,150,149
4662,1,500,0,0,150,3,150,3,2.42404e+06,148,2369.33,150,149
4663,1,500,0,0,150,3,150,3,2.53404e+06,148,2479.33,150,149
4664,1,500,0,0,150,3,150,3,2.49638e+06,148,2441.67,150,149
4665,1,500,0,0,150,3,150,3,2.50971e+06,148,2455,150,149
4666,1,500,0,0,150,3,150,3,2.31104e+06,148,2256.33,150,149
4667,1,500,0,0,150,3,150,3,2.65371e+06,148,2599,150,149
4668,1,500,0,0,150,3,150,3,2.53038e+06,148,2475.67,150,149
4669,1,500,0,0,150,3,150,3,2.37138e+06,148,2316.67,150,149
4670,1,500,0,0,150,3,150,3,2.42038e+06,148,2365.67,150,149
4671,1,500,0,0,150,3,150,3,2.61371e+06,148,2559,150,149
4672,1,500,0,0,150,3,150,3,2.51738e+06,148,2462.67,150,149
4673,1,500,0,0,150,3,150,3,2.50271e+06,148,2448,150,149
4674,1,500,0,0,150,3,150,3,2.57904e+06,148,2524.33,150,149
4675,1,500,0,0,150,3,150,3,2.50704e+06,148,2452.33,150,149
4676,1,500,0,0,150,3,150,3,2.39304e+06,148,2338.33,150,149
4677,1,500,0,0,150,3,150,3,2.43404e+06,148,2379.33,150,149
4678,1,500,0,0,150,3,150,3,2.44104e+06,148,2386.33,150,149
4679,1,500,0,0,150,3,150,3,2.36638e+06,148,2311.67,150,149
4680,1,500,0,0,150,3,150,3,2.50604e+06,148,2451.33,150,149
4681,1,500,0,0,150,3,150,3,2.41471e+06,148,2360,150,149
4682,1,500,0,0,150,3,150,3,2.55304e+06,148,2498.33,150,149
4683,1,500,0,0,150,3,150,3,2.52471e+06,148,2470,150,149
4684,1,500,0,0,150,3,150,3,2.45571e+06,148,2401,150,149
4685,1,500,0,0,150,3,150,3,2.59638e+06,148,2541.67,150,149
4686,1,500,0,0,150,3,150,3,2.56671e+06,148,2512,150,149
4687,1,500,0,0,150,3,150,3,2.44171e+06,148,2387,150,149
4688,1,500,0,0,150,3,150,3,2.34971e+06,148,2295,150,149
4689,1,500,0,0,150,3,150,3,2.58738e+06,148,2532.67,150,149
4690,1,500,0,0,150,3,150,3,2.53038e+06,148,2475.67,150,149
4691,1,500,0,0,150,3,150,3,2.37138e+06,148,2316.67,150,149
4692,1,500,0,0,150,3,150,3,2.56238e+06,148,2507.67,150,149
4693,1,500,0,0,150,3,150,3,2.54004e+06,148,2485.33,150,149
4694,1,500,0,0,150,3,150,3,2.55271e+06,148,2498,150,149
4695,1,500,0,0,150,3,150,3,2.48504e+06,148,2430.33,150,149
4696,1,500,0,0,150,3,150,3,2.63871e+06,148,2584,150,149
4697,1,500,0,0,150,3,150,3,2.43904e+06,148,2384.33,150,149
4698,1,500,0,0,150,3,150,3,2.28804e+06,148,2233.33,150,149
4699,1,500,0,0,150,3,150,3,2.42104e+06,148,2366.33,150,149
4700,1,500,0,0,150,3,150,3,2.54471e+06,148,2490,150,149
4701,1,500,0,0,150,3,150,3,2.40238e+06,148,2347.67,150,149
4702,1,500,0,0,150,3,150,3,2.69704e+06,148,2642.33,150,149
4703,1,500,0,0,150,3,150,3,2.39104e+06,148,2336.33,150,149
4704,1,500,0,0,150,3,150,3,2.57271e+06,148,2518,150,149
4705,1,500,0,0,150,3,150,3,2.41671e+06,148,2362,150,149
4706,1,500,0,0,150,3,150,3,2.50438e+06,148,2449.67,150,149
4707,1,500,0,0,150,3,150,3,2.35538e+06,148,2300.67,150,149
4708,1,500,0,0,150,3,150,3,2.53271e+06,148,2478,150,149
4709,1,500,0,0,150,3,150,3,2.39304e+06,148,2338.33,150,149
4710,1,500,0,0,150,3,150,3,2.46204e+06,148,2407.33,150,149
4711,1,500,0,0,150,3,150,3,2.48771e+06,148,2433,150,149
4712,1,500,0,0,150,3,150,3,2.50638e+06,148,2451.67,150,149
4713,1,500,0,0,150,3,150,3,2.52538e+06,148,2470.67,150,149
4714,1,500,0,0,150,3,150,3,2.76771e+06,148,2713,150,149
4715,1,500,0,0,150,3,150,3,2.62071e+06,148,2566,150,149
4716,1,500,0,0,150,3,150,3,2.51038e+06,148,2455.67,150,149
4717,1,500,0,0,150,3,150,3,2.43271e+06,148,2378,150,149
4718,1,500,0,0,150,3,150,3,2.63838e+06,148,2583.67,150,149
4719,1,500,0,0,150,3,150,3,2.48804e+06,148,2433.33,150,149
4720,1,500,0,0,150,3,150,3,2.48338e+06,148,2428.67,150,149
4721,1,500,0,0,150,3,150,3,2.55938e+06,148,2504.67,150,149
4722,1,500,0,0,150,3,150,3,2.35638e+06,148,2301.67,150,149
4723,1,500,0,0,150,3,150,3,2.45571e+06,148,2401,150,149
4724,1,500,0,0,150,3,150,3,2.58904e+06,148,2534.33,150,149
4725,1,500,0,0,150,3,150,3,2.54904e+06,148,2494.33,150,149
4726,1,500,0,0,150,3,150,3,2.21238e+06,148,2157.67,150,149
4727,1,500,0,0,150,3,150,3,2.53904e+06,148,2484.33,150,149
4728,1,500,0,0,150,3,150,3,2.59238e+06,148,2537.67,150,149
4729,1,500,0,0,150,3,150,3,2.56638e+06,148,2511.67,150,149
4730,1,500,0,0,150,3,150,3,2.42271e+06,148,2368,150,149
4731,1,500,0,0,150,3,150,3,2.71871e+06,148,2664,150,149
4732,1,500,0,0,150,3,150,3,2.51771e+06,148,2463,150,149
4733,1,500,0,0,150,3,150,3,2.23338e+06,148,2178.67,150,149
4734,1,500,0,0,150,3,150,3,2.16871e+06,148,2114,150,149
4735,1,500,0,0,150,3,150,3,2.43504e+06,148,2380.33,150,149
4736,1,500,0,0,150,3,150,3,2.37571e+06,148,2321,150,149
4737,1,500,0,0,150,3,150,3,2.40938e+06,148,2354.67,150,149
4738,1,500,0,0,150,3,150,3,2.28838e+06,148,2233.67,150,149
4739,1,500,0,0,150,3,150,3,2.60838e+06,148,2553.67,150,149
4740,1,500,0,0,150,3,150,3,2.49671e+06,148,2442,150,149
4741,1,500,0,0,150,3,150,3,2.45971e+06,148,2405,150,149
4742,1,500,0,0,150,3,150,3,2.47738e+06,148,2422.67,150,149
4743,1,500,0,0,150,3,150,3,2.29138e+06,148,2236.67,150,149
4744,1,500,0,0,150,3,150,3,2.55138e+06,148,2496.67,150,149
4745,1,500,0,0,150,3,150,3,2.49538e+06,148,2440.67,150,149
4746,1,500,0,0,150,3,150,3,2.49038e+06,148,2435.67,150,149
4747,1,500,0,0,150,3,150,3,2.40004e+06,148,2345.33,150,149
4748,1,500,0,0,150,3,150,3,2.40471e+06,148,2350,150,149
4749,1,500,0,0,150,3,150,3,2.37004e+06,148,2315.33,150,149
4750,1,500,0,0,150,3,150,3,2.37338e+06,148,2318.67,150,149
4751,1,500,0,0,150,3,150,3,2.26171e+06,148,2207,150,149
4752,1,500,0,0,150,3,150,3,2.50004e+06,148,2445.33,150,149
4753,1,500,0,0,150,3,150,3,2.56038e+06,148,2505.67,150,149
4754,1,500,0,0,150,3,150,3,2.45738e+06,148,2402.67,150,149
4755,1,500,0,0,150,3,150,3,2.34371e+06,148,2289,150,149
4756,1,500,0,0,150,3,150,3,2.33038e+06,148,2275.67,150,149
4757,1,500,0,0,150,3,150,3,2.49204e+06,148,2437.33,150,149
4758,1,500,0,0,150,3,150,3,2.45238e+06,148,2397.67,150,149
4759,1,500,0,0,150,3,150,3,2.35304e+06,148,2298.33,150,149
4760,1,500,0,0,150,3,150,3,2.34938e+06,148,2294.67,150,149
4761,1,500,0,0,150,3,150,3,2.69571e+06,148,2641,150,149
4762,1,500,0,0,150,3,150,3,2.58704e+06,148,2532.33,150,149
4763,1,500,0,0,150,3,150,3,2.59138e+06,148,2536.67,150,149
4764,1,500,0,0,150,3,150,3,2.69904e+06,148,2644.33,150,149
4765,1,500,0,0,150,3,150,3,2.43538e+06,148,2380.67,150,149
4766,1,500,0,0,150,3,150,3,2.57104e+06,148,2516.33,150,149
4767,1,500,0,0,150,3,150,3,2.44471e+06,148,2390,150,149
4768,1,500,0,0,150,3,150,3,2.50204e+06,148,2447.33,150,149
4769,1,500,0,0,150,3,150,3,2.53238e+06,148,2477.67,150,149
4770,1,500,0,0,150,3,150,3,2.45738e+06,148,2402.67,150,149
4771,1,500,0,0,150,3,150,3,2.46804e+06,148,2413.33,150,149
4772,1,500,0,0,150,3,150,3,2.62771e+06,148,2573,150,149
4773,1,500,0,0,150,3,150,3,2.37771e+06,148,2323,150,149
4774,1,500,0,0,150,3,150,3,2.54838e+06,148,2493.67,150,149
4775,1,500,0,0,150,3,150,3,2.51804e+06,148,2463.33,150,149
4776,1,500,0,0,150,3,150,3,2.54104e+06,148,2486.33,150,149
4777,1,500,0,0,150,3,150,3,2.62238e+06,148,2567.67,150,149
4778,1,500,0,0,150,3,150,3,2.63004e+06,148,2575.33,150,149
4779,1,500,0,0,150,3,150,3,2.55238e+06,148,2497.67,150,149
4780,1,500,0,0,150,3,150,3,2.62571e+06,148,2571,150,149
4781,1,500,0,0,150,3,150,3,2.66138e+06,148,2606.67,150,149
4782,1,500,0,0,150,3,150,3,2.48671e+06,148,2432,150,149
4783,1,500,0,0,150,3,150,3,2.60971e+06,148,2555,150,149
4784,1,500,0,0,150,3,150,3,2.47538e+06,148,2420.67,150,149
4785,1,500,0,0,150,3,150,3,2.53304e+06,148,2478.33,150,149
4786,1,500,0,0,150,3,150,3,2.53371e+06,148,2479,150,149
4787,1,500,0,0,150,3,150,3,2.38271e+06,148,2328,150,149
4788,1,500,0,0,150,3,150,3,2.46571e+06,148,2411,150,149
4789,1,500,0,0,150,3,150,3,2.46271e+06,148,2408,150,149
4790,1,500,0,0,150,3,150,3,2.67538e+06,148,2620.67,150,149
4791,1,500,0,0,150,3,150,3,2.51804e+06,148,2463.33,150,149
4792,1,500,0,0,150,3,150,3,2.56104e+06,148,2506.33,150,149
4793,1,500,0,0,150,3,150,3,2.69871e+06,148,2644,150,149
4794,1,500,0,0,150,3,150,3,2.44071e+06,148,2386,150,149
4795,1,500,0,0,150,3,150,3,2.53204e+06,148,2477.33,150,149
4796,1,500,0,0,150,3,150,3,2.60571e+06,148,2551,150,149
4797,1,500,0,0,150,3,150,3,2.52471e+06,148,2470,150,149
4798,1,500,0,0,150,3,150,3,2.35771e+06,148,2303,150,149
4799,1,500,0,0,150,3,150,3,2.29238e+06,148,2237.67,150,149
4800,1,500,0,0,150,3,150,3,2.39371e+06,148,2339,150,149
4801,1,500,0,0,150,3,150,3,2.35504e+06,148,2300.33,150,149
4802,1,500,0,0,150,3,150,3,2.43071e+06,148,2376,150,149
4803,1,500,0,0,150,3,150,3,2.43471e+06,148,2380,150,149
4804,1,500,0,0,150,3,150,3,2.53771e+06,148,2483,150,149
4805,1,500,0,0,150,3,150,3,2.33304e+06,148,2278.33,150,149
4806,1,500,0,0,150,3,150,3,2.26571e+06,148,2211,150,149
4807,1,500,0,0,150,3,150,3,2.65871e+06,148,2604,150,149
4808,1,500,0,0,150,3,150,3,2.38271e+06,148,2328,150,149
4809,1,500,0,0,150,3,150,3,2.55704e+06,148,2502.33,150,149
4810,1,500,0,0,150,3,150,3,2.49838e+06,148,2443.67,150,149
4811,1,500,0,0,150,3,150,3,2.55471e+06,148,2500,150,149
4812,1,500,0,0,150,3,150,3,2.63071e+06,148,2576,150,149
4813,1,500,0,0,150,3,150,3,2.63004e+06,148,2575.33,150,149
4814,1,500,0,0,150,3,150,3,2.25604e+06,148,2201.33,150,149
4815,1,500,0,0,150,3,150,3,2.58404e+06,148,2529.33,150,149
4816,1,500,0,0,150,3,150,3,2.46804e+06,148,2413.33,150,149
4817,1,500,0,0,150,3,150,3,2.59238e+06,148,2537.67,150,149
4818,1,500,0,0,150,3,150,3,2.52704e+06,148,2472.33,150,149
4819,1,500,0,0,150,3,150,3,2.48971e+06,148,2435,150,149
4820,1,500,0,0,150,3,150,3,2.44971e+06,148,2395,150,149
4821,1,500,0,0,150,3,150,3,2.43471e+06,148,2380,150,149
4822,1,500,0,0,150,3,150,3,2.59571e+06,148,2541,150,149
4823,1,500,0,0,150,3,150,3,2.21371e+06,148,2159,150,149
4824,1,500,0,0,150,3,150,3,2.36338e+06,148,2308.67,150,149
4825,1,500,0,0,150,3,150,3,2.41738e+06,148,2362.67,150,149
4826,1,500,0,0,150,3,150,3,2.49304e+06,148,2438.33,150,149
4827,1,500,0,0,150,3,150,3,2.35238e+06,148,2297.67,150,149
4828,1,500,0,0,150,3,150,3,2.31338e+06,148,2258.67,150,149
4829,1,500,0,0,150,3,150,3,2.51704e+06,148,2462.33,150,149
4830,1,500,0,0,150,3,150,3,2.50771e+06,148,2453,150,149
4831,1,500,0,0,150,3,150,3,2.69471e+06,148,2640,150,149
4832,1,500,0,0,150,3,150,3,2.42304e+06,148,2368.33,150,149
4833,1,500,0,0,150,3,150,3,2.63771e+06,148,2583,150,149
4834,1,500,0,0,150,3,150,3,2.49938e+06,148,2444.67,150,149
4835,1,500,0,0,150,3,150,3,2.50504e+06,148,2450.33,150,149
4836,1,500,0,0,150,3,150,3,2.41871e+06,148,2364,150,149
4837,1,500,0,0,150,3,150,3,2.57004e+06,148,2515.33,150,149
4838,1,500,0,0,150,3,150,3,2.34138e+06,148,2286.67,150,149
4839,1,500,0,0,150,3,150,3,2.51671e+06,148,2462,150,149
4840,1,500,0,0,150,3,150,3,2.35604e+06,148,2301.33,150,149
4841,1,500,0,0,150,3,150,3,2.46871e+06,148,2414,150,149
4842,1,500,0,0,150,3,150,3,2.28571e+06,148,2231,150,149
4843,1,500,0,0,150,3,150,3,2.47538e+06,148,2420.67,150,149
4844,1,500,0,0,150,3,150,3,2.47004e+06,148,2415.33,150,149
4845,1,500,0,0,150,3,150,3,2.41938e+06,148,2364.67,150,149
4846,1,500,0,0,150,3,150,3,2.69204e+06,148,2637.33,150,149
4847,1,500,0,0,150,3,150,3,2.24804e+06,148,2193.33,150,149
4848,1,500,0,0,150,3,150,3,2.54304e+06,148,2488.33,150,149
4849,1,500,0,0,150,3,150,3,2.62204e+06,148,2567.33,150,149
4850,1,500,0,0,150,3,150,3,2.54338e+06,148,2488.67,150,149
4851,1,500,0,0,150,3,150,3,2.35538e+06,148,2300.67,150,149
4852,1,500,0,0,150,3,150,3,2.45271e+06,148,2398,150,149
4853,1,500,0,0,150,3,150,3,2.66671e+06,148,2612,150,149
4854,1,500,0,0,150,3,150,3,2.56071e+06,148,2506,150,149
4855,1,500,0,0,150,3,150,3,2.49271e+06,148,2438,150,149
4856,1,500,0,0,150,3,150,3,2.51138e+06,148,2456.67,150,149
4857,1,500,0,0,150,3,150,3,2.20504e+06,148,2150.33,150,149
4858,1,500,0,0,150,3,150,3,2.53938e+06,148,2484.67,150,149
4859,1,500,0,0,150,3,150,3,2.58538e+06,148,2530.67,150,149
4860,1,500,0,0,150,3,150,3,2.52038e+06,148,2465.67,150,149
4861,1,500,0,0,150,3,150,3,2.47904e+06,148,2424.33,150,149
4862,1,500,0,0,150,3,150,3,2.54204e+06,148,2487.33,150,149
4863,1,500,0,0,150,3,150,3,2.43938e+06,148,2384.67,150,149
4864,1,500,0,0,150,3,150,3,2.48571e+06,148,2431,150,149
4865,1,500,0,0,150,3,150,3,2.44338e+06,148,2388.67,150,149
4866,1,500,0,0,150,3,150,3,2.44171e+06,148,2387,150,149
4867,1,500,0,0,150,3,150,3,2.56904e+06,148,2514.33,150,149
4868,1,500,0,0,150,3,150,3,2.68904e+06,148,2634.33,150,149
4869,1,500,0,0,150,3,150,3,2.39538e+06,148,2340.67,150,149
4870,1,500,0,0,150,3,150,3,2.72504e+06,148,2670.33,150,149
4871,1,500,0,0,150,3,150,3,2.36404e+06,148,2309.33,150,149
4872,1,500,0,0,150,3,150,3,2.40504e+06,148,2350.33,150,149
4873,1,500,0,0,150,3,150,3,2.55371e+06,148,2499,150,149
4874,1,500,0,0,150,3,150,3,2.70838e+06,148,2653.67,150,149
4875,1,500,0,0,150,3,150,3,2.55871e+06,148,2504,150,149
4876,1,500,0,0,150,3,150,3,2.40104e+06,148,2346.33,150,149
4877,1,500,0,0,150,3,150,3,2.46404e+06,148,2409.33,150,149
4878,1,500,0,0,150,3,150,3,2.52504e+06,148,2470.33,150,149
4879,1,500,0,0,150,3,150,3,2.50404e+06,148,2449.33,150,149
4880,1,500,0,0,150,3,150,3,2.24971e+06,148,2195,150,149
4881,1,500,0,0,150,3,150,3,2.41904e+06,148,2364.33,150,149
4882,1,500,0,0,150,3,150,3,2.32671e+06,148,2272,150,149
4883,1,500,0,0,150,3,150,3,2.38538e+06,148,2330.67,150,149
4884,1,500,0,0,150,3,150,3,2.43538e+06,148,2380.67,150,149
4885,1,500,0,0,150,3,150,3,2.43671e+06,148,2382,150,149
4886,1,500,0,0,150,3,150,3,2.47404e+06,148,2419.33,150,149
4887,1,500,0,0,150,3,150,3,2.46271e+06,148,2408,150,149
4888,1,500,0,0,150,3,150,3,2.55671e+06,148,2502,150,149
4889,1,500,0,0,150,3,150,3,2.49038e+06,148,2435.67,150,149
4890,1,500,0,0,150,3,150,3,2.36771e+06,148,2313,150,149
4891,1,500,0,0,150,3,150,3,2.61738e+06,148,2562.67,150,149
4892,1,500,0,0,150,3,150,3,2.54171e+06,148,2487,150,149
4893,1,500,0,0,150,3,150,3,2.20071e+06,148,2146,150,149
4894,1,500,0,0,150,3,150,3,2.55471e+06,148,2500,150,149
4895,1,500,0,0,150,3,150,3,2.62971e+06,148,2575,150,149
4896,1,500,0,0,150,3,150,3,2.58571e+06,148,2531,150,149
4897,1,500,0,0,150,3,150,3,2.59604e+06,148,2541.33,150,149
4898,1,500,0,0,150,3,150,3,2.64238e+06,148,2587.67,150,149
4899,1,500,0,0,150,3,150,3,2.26338e+06,148,2208.67,150,149
4900,1,500,0,0,150,3,150,3,2.40104e+06,148,2346.33,150,149
4901,1,500,0,0,150,3,150,3,2.50904e+06,148,2454.33,150,149
4902,1,500,0,0,150,3,150,3,2.51238e+06,148,2457.67,150,149
4903,1,500,0,0,150,3,150,3,2.54571e+06,148,2491,150,149
4904,1,500,0,0,150,3,150,3,2.45838e+06,148,2403.67,150,149
4905,1,500,0,0,150,3,150,3,2.52471e+06,148,2470,150,149
4906,1,500,0,0,150,3,150,3,2.58938e+06,148,2534.67,150,149
4907,1,500,0,0,150,3,150,3,2.38904e+06,148,2334.33,150,149
4908,1,500,0,0,150,3,150,3,2.50538e+06,148,2450.67,150,149
4909,1,500,0,0,150,3,150,3,2.33571e+06,148,2281,150,149
4910,1,500,0,0,150,3,150,3,2.68338e+06,148,2628.67,150,149
4911,1,500,0,0,150,3,150,3,2.42471e+06,148,2370,150,149
4912,1,500,0,0,150,3,150,3,2.33438e+06,148,2279.67,150,149
4913,1,500,0,0,150,3,150,3,2.52138e+06,148,2466.67,150,149
4914,1,500,0,0,150,3,150,3,2.64538e+06,148,2590.67,150,149
4915,1,500,0,0,150,3,150,3,2.38571e+06,148,2331,150,149
4916,1,500,0,0,150,3,150,3,2.51204e+06,148,2457.33,150,149
4917,1,500,0,0,150,3,150,3,2.39804e+06,148,2343.33,150,149
4918,1,500,0,0,150,3,150,3,2.70204e+06,148,2647.33,150,149
4919,1,500,0,0,150,3,150,3,2.51904e+06,148,2464.33,150,149
4920,1,500,0,0,150,3,150,3,2.49271e+06,148,2438,150,149
4921,1,500,0,0,150,3,150,3,2.41171e+06,148,2357,150,149
4922,1,500,0,0,150,3,150,3,2.52304e+06,148,2468.33,150,149
4923,1,500,0,0,150,3,150,3,2.49604e+06,148,2441.33,150,149
4924,1,500,0,0,150,3,150,3,2.48671e+06,148,2432,150,149
4925,1,500,0,0,150,3,150,3,2.53871e+06,148,2484,150,149
4926,1,500,0,0,150,3,150,3,2.49471e+06,148,2440,150,149
4927,1,500,0,0,150,3,150,3,2.52238e+06,148,2467.67,150,149
4928,1,500,0,0,150,3,150,3,2.43304e+06,148,2378.33,150,149
4929,1,500,0,0,150,3,150,3,2.38038e+06,148,2325.67,150,149
4930,1,500,0,0,150,3,150,3,2.43071e+06,148,2376,150,149
4931,1,500,0,0,150,3,150,3,2.33104e+06,148,2276.33,150,149
4932,1,500,0,0,150,3,150,3,2.52304e+06,148,2468.33,150,149
4933,1,500,0,0,150,3,150,3,2.36471e+06,148,2310,150,149
4934,1,500,0,0,150,3,150,3,2.57938e+06,148,2524.67,150,149
4935,1,500,0,0,150,3,150,3,2.39204e+06,148,2337.33,150,149
4936,1,500,0,0,150,3,150,3,2.27538e+06,148,2220.67,150,149
4937,1,500,0,0,150,3,150,3,2.59471e+06,148,2540,150,149
4938,1,500,0,0,150,3,150,3,2.46171e+06,148,2407,150,149
4939,1,500,0,0,150,3,150,3,2.54038e+06,148,2485.67,150,149
4940,1,500,0,0,150,3,150,3,2.57338e+06,148,2518.67,150,149
4941,1,500,0,0,150,3,150,3,2.46671e+06,148,2412,150,149
4942,1,500,0,0,150,3,150,3,2.25971e+06,148,2205,150,149
4943,1,500,0,0,150,3,150,3,2.53371e+06,148,2479,150,149
4944,1,500,0,0,150,3,150,3,2.48004e+06,148,2425.33,150,149
4945,1,500,0,0,150,3,150,3,2.57471e+06,148,2520,150,149
4946,1,500,0,0,150,3,150,3,2.42204e+06,148,2367.33,150,149
4947,1,500,0,0,150,3,150,3,2.40504e+06,148,2350.33,150,149
4948,1,500,0,0,150,3,150,3,2.39771e+06,148,2343,150,149
4949,1,500,0,0,150,3,150,3,2.41738e+06,148,2362.67,150,149
4950,1,500,0,0,150,3,150,3,2.32571e+06,148,2271,150,149
4951,1,500,0,0,150,3,150,3,2.43871e+06,148,2384,150,149
4952,1,500,0,0,150,3,150,3,2.51971e+06,148,2465,150,149
4953,1,500,0,0,150,3,150,3,2.37371e+06,148,2319,150,149
4954,1,500,0,0,150,3,150,3,2.69204e+06,148,2637.33,150,149
4955,1,500,0,0,150,3,150,3,2.60571e+06,148,2551,150,149
4956,1,500,0,0,150,3,150,3,2.43371e+06,148,2379,150,149
4957,1,500,0,0,150,3,150,3,2.56971e+06,148,2515,150,149
4958,1,500,0,0,150,3,150,3,2.33438e+06,148,2279.67,150,149
4959,1,500,0,0,150,3,150,3,2.39604e+06,148,2341.33,150,149
4960,1,500,0,0,150,3,150,3,2.49004e+06,148,2435.33,150,149
4961,1,500,0,0,150,3,150,3,2.37371e+06,148,2319,150,149
4962,1,500,0,0,150,3,150,3,2.30371e+06,148,2249,150,149
4963,1,500,0,0,150,3,150,3,2.41704e+06,148,2362.33,150,149
4964,1,500,0,0,150,3,150,3,2.61204e+06,148,2557.33,150,149
4965,1,500,0,0,150,3,150,3,2.54138e+06,148,2486.67,150,149
4966,1,500,0,0,150,3,150,3,2.45838e+06,148,2403.67,150,149
4967,1,500,0,0,150,3,150,3,2.66804e+06,148,2613.33,150,149
4968,1,500,0,0,150,3,150,3,2.43704e+06,148,2382.33,150,149
4969,1,500,0,0,150,3,150,3,2.54838e+06,148,2493.67,150,149
4970,1,500,0,0,150,3,150,3,2.58071e+06,148,2526,150,149
4971,1,500,0,0,150,3,150,3,2.58904e+06,148,2534.33,150,149
4972,1,500,0,0,150,3,150,3,2.43371e+06,148,2379,150,149
4973,1,500,0,0,150,3,150,3,2.61038e+06,148,2555.67,150,149
4974,1,500,0,0,150,3,150,3,2.46871e+06,148,2414,150,149
4975,1,500,0,0,150,3,150,3,2.34304e+06,148,2288.33,150,149
4976,1,500,0,0,150,3,150,3,2.49238e+06,148,2437.67,150,149
4977,1,500,0,0,150,3,150,3,2.50204e+06,148,2447.33,150,149
4978,1,500,0,0,150,3,150,3,2.42404e+06,148,2369.33,150,149
4979,1,500,0,0,150,3,150,3,2.73271e+06,148,2678,150,149
4980,1,500,0,0,150,3,150,3,2.33938e+06,148,2284.67,150,149
4981,1,500,0,0,150,3,150,3,2.48771e+06,148,2433,150,149
4982,1,500,0,0,150,3,150,3,2.33371e+06,148,2279,150,149
4983,1,500,0,0,150,3,150,3,2.29238e+06,148,2237.67,150,149
4984,1,500,0,0,150,3,150,3,2.54438e+06,148,2489.67,150,149
4985,1,500,0,0,150,3,150,3,2.59971e+06,148,2545,150,149
4986,1,500,0,0,150,3,150,3,2.61271e+06,148,2558,150,149
4987,1,500,0,0,150,3,150,3,2.69871e+06,148,2644,150,149
4988,1,500,0,0,150,3,150,3,2.32271e+06,148,2268,150,149
4989,1,500,0,0,150,3,150,3,2.42571e+06,148,2371,150,149
4990,1,500,0,0,150,3,150,3,2.36971e+06,148,2315,150,149
4991,1,500,0,0,150,3,150,3,2.55271e+06,148,2498,150,149
4992,1,500,0,0,150,3,150,3,2.63504e+06,148,2580.33,150,149
4993,1,500,0,0,150,3,150,3,2.56704e+06,148,2512.33,150,149
4994,1,500,0,0,150,3,150,3,2.50871e+06,148,2454,150,149
4995,1,500,0,0,150,3,150,3,2.54638e+06,148,2491.67,150,149
4996,1,500,0,0,150,3,150,3,2.51104e+06,148,2456.33,150,149
4997,1,500,0,0,150,3,150,3,2.62638e+06,148,2571.67,150,149
4998,1,500,0,0,150,3,150,3,2.39138e+06,148,2336.67,150,149
4999,1,500,0,0,150,3,150,3,2.43038e+06,148,2375.67,150,149
5000,1,500,0,0,150,3,150,3,2.57638e+06,148,2521.67,150,149
5001,1,500,0,0,150,3,150,3,2.51471e+06,148,2460,150,149
5002,1,500,0,0,150,3,150,3,2.58338e+06,148,2528.67,150,149
5003,1,500,0,0,150,3,150,3,2.33338e+06,148,2278.67,150,149
5004,1,500,0,0,150,3,150,3,2.40638e+06,148,2351.67,150,149
5005,1,500,0,0,150,3,150,3,2.56771e+06,148,2513,150,149
5006,1,500,0,0,150,3,150,3,2.59504e+06,148,2540.33,150,149
5007,1,500,0,0,150,3,150,3,2.51171e+06,148,2457,150,149
5008,1,500,0,0,150,3,150,3,2.55438e+06,148,2499.67,150,149
5009,1,500,0,0,150,3,150,3,2.59571e+06,148,2541,150,149
5010,1,500,0,0,150,3,150,3,2.51838e+06,148,2463.67,150,149
5011,1,500,0,0,150,3,150,3,2.58538e+06,148,2530.67,150,149
5012,1,500,0,0,150,3,150,3,2.38404e+06,148,2329.33,150,149
5013,1,500,0,0,150,3,150,3,2.48738e+06,148,2432.67,150,149
5014,1,500,0,0,150,3,150,3,2.57338e+06,148,2518.67,150,149
5015,1,500,0,0,150,3,150,3,2.54271e+06,148,2488,150,149
5016,1,500,0,0,150,3,150,3,2.56071e+06,148,2506,150,149
5017,1,500,0,0,150,3,150,3,2.53171e+06,148,2477,150,149
5018,1,500,0,0,150,3,150,3,2.53738e+06,148,2482.67,150,149
5019,1,500,0,0,150,3,150,3,2.64071e+06,148,2586,150,149
5020,1,500,0,0,150,3,150,3,2.53704e+06,148,2482.33,150,149
5021,1,500,0,0,150,3,150,3,2.31604e+06,148,2261.33,150,149
5022,1,500,0,0,150,3,150,3,2.44304e+06,148,2388.33,150,149
5023,1,500,0,0,150,3,150,3,2.58171e+06,148,2527,150,149
5024,1,500,0,0,150,3,150,3,2.56071e+06,148,2506,150,149
5025,1,500,0,0,150,3,150,3,2.55971e+06,148,2505,150,149
5026,1,500,0,0,150,3,150,3,2.62704e+06,148,2572.33,150,149
5027,1,500,0,0,150,3,150,3,2.42771e+06,148,2373,150,149
5028,1,500,0,0,150,3,150,3,2.52071e+06,148,2466,150,149
5029,1,500,0,0,150,3,150,3,2.39471e+06,148,2340,150,149
5030,1,500,0,0,150,3,150,3,2.51071e+06,148,2456,150,149
5031,1,500,0,0,150,3,150,3,2.62471e+06,148,2570,150,149
5032,1,500,0,0,150,3,150,3,2.49004e+06,148,2435.33,150,149
5033,1,500,0,0,150,3,150,3,2.41371e+06,148,2359,150,149
5034,1,500,0,0,150,3,150,3,2.58304e+06,148,2528.33,150,149
5035,1,500,0,0,150,3,150,3,2.47038e+06,148,2415.67,150,149
5036,1,500,0,0,150,3,150,3,2.42804e+06,148,2373.33,150,149
5037,1,500,0,0,150,3,150,3,2.46538e+06,148,2410.67,150,149
5038,1,500,0,0,150,3,150,3,2.39538e+06,148,2340.67,150,149
5039,1,500,0,0,150,3,150,3,2.47104e+06,148,2416.33,150,149
5040,1,500,0,0,150,3,150,3,2.39404e+06,148,2339.33,150,149
5041,1,500,0,0,150,3,150,3,2.67404e+06,148,2619.33,150,149
5042,1,500,0,0,150,3,150,3,2.60638e+06,148,2551.67,150,149
5043,1,500,0,0,150,3,150,3,2.53904e+06,148,2484.33,150,149
5044,1,500,0,0,150,3,150,3,2.43504e+06,148,2380.33,150,149
5045,1,500,0,0,150,3,150,3,2.36171e+06,148,2307,150,149
5046,1,500,0,0,150,3,150,3,2.42004e+06,148,2365.33,150,149
5047,1,500,0,0,150,3,150,3,2.38504e+06,148,2330.33,150,149
5048,1,500,0,0,150,3,150,3,2.32271e+06,148,2268,150,149
5049,1,500,0,0,150,3,150,3,2.49304e+06,148,2438.33,150,149
5050,1,500,0,0,150,3,150,3,2.49004e+06,148,2435.33,150,149
5051,1,500,0,0,150,3,150,3,2.49404e+06,148,2439.33,150,149
5052,1,500,0,0,150,3,150,3,2.59038e+06,148,2535.67,150,149
5053,1,500,0,0,150,3,150,3,2.77738e+06,148,2722.67,150,149
5054,1,500,0,0,150,3,150,3,2.53438e+06,148,2479.67,150,149
5055,1,500,0,0,150,3,150,3,2.46971e+06,148,2415,150,149
5056,1,500,0,0,150,3,150,3,2.49904e+06,148,2444.33,150,149
5057,1,500,0,0,150,3,150,3,2.56971e+06,148,2515,150,149
5058,1,500,0,0,150,3,150,3,2.50504e+06,148,2450.33,150,149
5059,1,500,0,0,150,3,150,3,2.52404e+06,148,2469.33,150,149
5060,1,500,0,0,150,3,150,3,2.32871e+06,148,2274,150,149
5061,1,500,0,0,150,3,150,3,2.68904e+06,148,2634.33,150,149
5062,1,500,0,0,150,3,150,3,2.33538e+06,148,2280.67,150,149
5063,1,500,0,0,150,3,150,3,2.65004e+06,148,2595.33,150,149
5064,1,500,0,0,150,3,150,3,2.35071e+06,148,2296,150,149
5065,1,500,0,0,150,3,150,3,2.53604e+06,148,2481.33,150,149
5066,1,500,0,0,150,3,150,3,2.64738e+06,148,2592.67,150,149
5067,1,500,0,0,150,3,150,3,2.47071e+06,148,2416,150,149
5068,1,500,0,0,150,3,150,3,2.39371e+06,148,2339,150,149
5069,1,500,0,0,150,3,150,3,2.54804e+06,148,2493.33,150,149
5070,1,500,0,0,150,3,150,3,2.74571e+06,148,2691,150,149
5071,1,500,0,0,150,3,150,3,2.59838e+06,148,2543.67,150,149
5072,1,500,0,0,150,3,150,3,2.29738e+06,148,2242.67,150,149
5073,1,500,0,0,150,3,150,3,2.46504e+06,148,2410.33,150,149
5074,1,500,0,0,150,3,150,3,2.44904e+06,148,2394.33,150,149
5075,1,500,0,0,150,3,150,3,2.55771e+06,148,2503,150,149
5076,1,500,0,0,150,3,150,3,2.50604e+06,148,2451.33,150,149
5077,1,500,0,0,150,3,150,3,2.34038e+06,148,2285.67,150,149
5078,1,500,0,0,150,3,150,3,2.40338e+06,148,2348.67,150,149
5079,1,500,0,0,150,3,150,3,2.56138e+06,148,2506.67,150,149
5080,1,500,0,0,150,3,150,3,2.38471e+06,148,2330,150,149
5081,1,500,0,0,150,3,150,3,2.25738e+06,148,2202.67,150,149
5082,1,500,0,0,150,3,150,3,2.56704e+06,148,2512.33,150,149
5083,1,500,0,0,150,3,150,3,2.55738e+06,148,2502.67,150,149
5084,1,500,0,0,150,3,150,3,2.45771e+06,148,2403,150,149
5085,1,500,0,0,150,3,150,3,2.52471e+06,148,2470,150,149
5086,1,500,0,0,150,3,150,3,2.58404e+06,148,2529.33,150,149
5087,1,500,0,0,150,3,150,3,2.65638e+06,148,2601.67,150,149
5088,1,500,0,0,150,3,150,3,2.39871e+06,148,2344,150,149
5089,1,500,0,0,150,3,150,3,2.47171e+06,148,2417,150,149
5090,1,500,0,0,150,3,150,3,2.56704e+06,148,2512.33,150,149
5091,1,500,0,0,150,3,150,3,2.45138e+06,148,2396.67,150,149
5092,1,500,0,0,150,3,150,3,2.45371e+06,148,2399,150,149
5093,1,500,0,0,150,3,150,3,2.56338e+06,148,2508.67,150,149
5094,1,500,0,0,150,3,150,3,2.42304e+06,148,2368.33,150,149
5095,1,500,0,0,150,3,150,3,2.55138e+06,148,2496.67,150,149
5096,1,500,0,0,150,3,150,3,2.43004e+06,148,2375.33,150,149
5097,1,500,0,0,150,3,150,3,2.52138e+06,148,2466.67,150,149
5098,1,500,0,0,150,3,150,3,2.49304e+06,148,2438.33,150,149
5099,1,500,0,0,150,3,150,3,2.27571e+06,148,2221,150,149
5100,1,500,0,0,150,3,150,3,2.55804e+06,148,2503.33,150,149
5101,1,500,0,0,150,3,150,3,2.52938e+06,148,2474.67,150,149
5102,1,500,0,0,150,3,150,3,2.55904e+06,148,2504.33,150,149
5103,1,500,0,0,150,3,150,3,2.59604e+06,148,2541.33,150,149
5104,1,500,0,0,150,3,150,3,2.33804e+06,148,2283.33,150,149
5105,1,500,0,0,150,3,150,3,2.51671e+06,148,2462,150,149
5106,1,500,0,0,150,3,150,3,2.66338e+06,148,2608.67,150,149
5107,1,500,0,0,150,3,150,3,2.63504e+06,148,2580.33,150,149
5108,1,500,0,0,150,3,150,3,2.43704e+06,148,2382.33,150,149
5109,1,500,0,0,150,3,150,3,2.42438e+06,148,2369.67,150,149
5110,1,500,0,0,150,3,150,3,2.54971e+06,148,2495,150,149
5111,1,500,0,0,150,3,150,3,2.42838e+06,148,2373.67,150,149
5112,1,500,0,0,150,3,150,3,2.34271e+06,148,2288,150,149
5113,1,500,0,0,150,3,150,3,2.41471e+06,148,2360,150,149
5114,1,500,0,0,150,3,150,3,2.58871e+06,148,2534,150,149
5115,1,500,0,0,150,3,150,3,2.25404e+06,148,2199.33,150,149
5116,1,500,0,0,150,3,150,3,2.44771e+06,148,2393,150,149
5117,1,500,0,0,150,3,150,3,2.66071e+06,148,2606,150,149
5118,1,500,0,0,150,3,150,3,2.48204e+06,148,2427.33,150,149
5119,1,500,0,0,150,3,150,3,2.46238e+06,148,2407.67,150,149
5120,1,500,0,0,150,3,150,3,2.39371e+06,148,2339,150,149
5121,1,500,0,0,150,3,150,3,2.26504e+06,148,2210.33,150,149
5122,1,500,0,0,150,3,150,3,2.65804e+06,148,2603.33,150,149
5123,1,500,0,0,150,3,150,3,2.44671e+06,148,2392,150,149
5124,1,500,0,0,150,3,150,3,2.37538e+06,148,2320.67,150,149
5125,1,500,0,0,150,3,150,3,2.50304e+06,148,2448.33,150,149
5126,1,500,0,0,150,3,150,3,2.61271e+06,148,2558,150,149
5127,1,500,0,0,150,3,150,3,2.40571e+06,148,2351,150,149
5128,1,500,0,0,150,3,150,3,2.68138e+06,148,2626.67,150,149
5129,1,500,0,0,150,3,150,3,2.47471e+06,148,2420,150,149
5130,1,500,0,0,150,3,150,3,2.40804e+06,148,2353.33,150,149
5131,1,500,0,0,150,3,150,3,2.49038e+06,148,2435.67,150,149
5132,1,500,0,0,150,3,150,3,2.50104e+06,148,2446.33,150,149
5133,1,500,0,0,150,3,150,3,2.64604e+06,148,2591.33,150,149
5134,1,500,0,0,150,3,150,3,2.28438e+06,148,2229.67,150,149
5135,1,500,0,0,150,3,150,3,2.39138e+06,148,2336.67,150,149
5136,1,500,0,0,150,3,150,3,2.20938e+06,148,2154.67,150,149
5137,1,500,0,0,150,3,150,3,2.49971e+06,148,2445,150,149
5138,1,500,0,0,150,3,150,3,2.61638e+06,148,2561.67,150,149
5139,1,500,0,0,150,3,150,3,2.64038e+06,148,2585.67,150,149
5140,1,500,0,0,150,3,150,3,2.57971e+06,148,2525,150,149
5141,1,500,0,0,150,3,150,3,2.34171e+06,148,2287,150,149
5142,1,500,0,0,150,3,150,3,2.52338e+06,148,2468.67,150,149
5143,1,500,0,0,150,3,150,3,2.47138e+06,148,2416.67,150,149
5144,1,500,0,0,150,3,150,3,2.62338e+06,148,2568.67,150,149
5145,1,500,0,0,150,3,150,3,2.58071e+06,148,2526,150,149
5146,1,500,0,0,150,3,150,3,2.57004e+06,148,2515.33,150,149
5147,1,500,0,0,150,3,150,3,2.54738e+06,148,2492.67,150,149
5148,1,500,0,0,150,3,150,3,2.44438e+06,148,2389.67,150,149
5149,1,500,0,0,150,3,150,3,2.32038e+06,148,2265.67,150,149
5150,1,500,0,0,150,3,150,3,2.56271e+06,148,2508,150,149
5151,1,500,0,0,150,3,150,3,2.42804e+06,148,2373.33,150,149
5152,1,500,0,0,150,3,150,3,2.50104e+06,148,2446.33,150,149
5153,1,500,0,0,150,3,150,3,2.53204e+06,148,2477.33,150,149
5154,1,500,0,0,150,3,150,3,2.53971e+06,148,2485,150,149
5155,1,500,0,0,150,3,150,3,2.40538e+06,148,2350.67,150,149
5156,1,500,0,0,150,3,150,3,2.67304e+06,148,2618.33,150,149
5157,1,500,0,0,150,3,150,3,2.25638e+06,148,2201.67,150,149
5158,1,500,0,0,150,3,150,3,2.39238e+06,148,2337.67,150,149
5159,1,500,0,0,150,3,150,3,2.69238e+06,148,2637.67,150,149
5160,1,500,0,0,150,3,150,3,2.42938e+06,148,2374.67,150,149
5161,1,500,0,0,150,3,150,3,2.45404e+06,148,2399.33,150,149
5162,1,500,0,0,150,3,150,3,2.40571e+06,148,2351,150,149
5163,1,500,0,0,150,3,150,3,2.37071e+06,148,2316,150,149
5164,1,500,0,0,150,3,150,3,2.41838e+06,148,2363.67,150,149
5165,1,500,0,0,150,3,150,3,2.56771e+06,148,2513,150,149
5166,1,500,0,0,150,3,150,3,2.56971e+06,148,2515,150,149
5167,1,500,0,0,150,3,150,3,2.47204e+06,148,2417.33,150,149
5168,1,500,0,0,150,3,150,3,2.34871e+06,148,2294,150,149
5169,1,500,0,0,150,3,150,3,2.22171e+06,148,2167,150,149
5170,1,500,0,0,150,3,150,3,2.49438e+06,148,2439.67,150,149
5171,1,500,0,0,150,3,150,3,2.57571e+06,148,2521,150,149
5172,1,500,0,0,150,3,150,3,2.27771e+06,148,2223,150,149
5173,1,500,0,0,150,3,150,3,2.73638e+06,148,2681.67,150,149
5174,1,500,0,0,150,3,150,3,2.61804e+06,148,2563.33,150,149
5175,1,500,0,0,150,3,150,3,2.56704e+06,148,2512.33,150,149
5176,1,500,0,0,150,3,150,3,2.53504e+06,148,2480.33,150,149
5177,1,500,0,0,150,3,150,3,2.56871e+06,148,2514,150,149
5178,1,500,0,0,150,3,150,3,2.41938e+06,148,2364.67,150,149
5179,1,500,0,0,150,3,150,3,2.34538e+06,148,2290.67,150,149
5180,1,500,0,0,150,3,150,3,2.35138e+06,148,2296.67,150,149
5181,1,500,0,0,150,3,150,3,2.73371e+06,148,2679,150,149
5182,1,500,0,0,150,3,150,3,2.26771e+06,148,2213,150,149
5183,1,500,0,0,150,3,150,3,2.59071e+06,148,2536,150,149
5184,1,500,0,0,150,3,150,3,2.30138e+06,148,2246.67,150,149
5185,1,500,0,0,150,3,150,3,2.41871e+06,148,2364,150,149
5186,1,500,0,0,150,3,150,3,2.50371e+06,148,2449,150,149
5187,1,500,0,0,150,3,150,3,2.64704e+06,148,2592.33,150,149
5188,1,500,0,0,150,3,150,3,2.38471e+06,148,2330,150,149
5189,1,500,0,0,150,3,150,3,2.44604e+06,148,2391.33,150,149
5190,1,500,0,0,150,3,150,3,2.59771e+06,148,2543,150,149
5191,1,500,0,0,150,3,150,3,2.53404e+06,148,2479.33,150,149
5192,1,500,0,0,150,3,150,3,2.44938e+06,148,2394.67,150,149
5193,1,500,0,0,150,3,150,3,2.43071e+06,148,2376,150,149
5194,1,500,0,0,150,3,150,3,2.40104e+06,148,2346.33,150,149
5195,1,500,0,0,150,3,150,3,2.44771e+06,148,2393,150,149
5196,1,500,0,0,150,3,150,3,2.54938e+06,148,2494.67,150,149
5197,1,500,0,0,150,3,150,3,2.44804e+06,148,2393.33,150,149
5198,1,500,0,0,150,3,150,3,2.44904e+06,148,2394.33,150,149
5199,1,500,0,0,150,3,150,3,2.40604e+06,148,2351.33,150,149
5200,1,500,0,0,150,3,150,3,2.47338e+06,148,2418.67,150,149
5201,1,500,0,0,150,3,150,3,2.59204e+06,148,2537.33,150,149
5202,1,500,0,0,150,3,150,3,2.47938e+06,148,2424.67,150,149
5203,1,500,0,0,150,3,150,3,2.53038e+06,148,2475.67,150,149
5204,1,500,0,0,150,3,150,3,2.38138e+06,148,2326.67,150,149
5205,1,500,0,0,150,3,150,3,2.54504e+06,148,2490.33,150,149
5206,1,500,0,0,150,3,150,3,2.53671e+06,148,2482,150,149
5207,1,500,0,0,150,3,150,3,2.48438e+06,148,2429.67,150,149
5208,1,500,0,0,150,3,150,3,2.45204e+06,148,2397.33,150,149
5209,1,500,0,0,150,3,150,3,2.28238e+06,148,2227.67,150,149
5210,1,500,0,0,150,3,150,3,2.55404e+06,148,2499.33,150,149
5211,1,500,0,0,150,3,150,3,2.45304e+06,148,2398.33,150,149
5212,1,500,0,0,150,3,150,3,2.48104e+06,148,2426.33,150,149
5213,1,500,0,0,150,3,150,3,2.38404e+06,148,2329.33,150,149
5214,1,500,0,0,150,3,150,3,2.22004e+06,148,2165.33,150,149
5215,1,500,0,0,150,3,150,3,2.68404e+06,148,2629.33,150,149
5216,1,500,0,0,150,3,150,3,2.58638e+06,148,2531.67,150,149
5217,1,500,0,0,150,3,150,3,2.39538e+06,148,2340.67,150,149
5218,1,500,0,0,150,3,150,3,2.41471e+06,148,2360,150,149
5219,1,500,0,0,150,3,150,3,2.58571e+06,148,2531,150,149
5220,1,500,0,0,150,3,150,3,2.68504e+06,148,2630.33,150,149
5221,1,500,0,0,150,3,150,3,2.60771e+06,148,2553,150,149
5222,1,500,0,0,150,3,150,3,2.41471e+06,148,2360,150,149
5223,1,500,0,0,150,3,150,3,2.19471e+06,148,2140,150,149
5224,1,500,0,0,150,3,150,3,2.59838e+06,148,2543.67,150,149
5225,1,500,0,0,150,3,150,3,2.47904e+06,148,2424.33,150,149
5226,1,500,0,0,150,3,150,3,2.42638e+06,148,2371.67,150,149
5227,1,500,0,0,150,3,150,3,2.38204e+06,148,2327.33,150,149
5228,1,500,0,0,150,3,150,3,2.53771e+06,148,2483,150,149
5229,1,500,0,0,150,3,150,3,2.45271e+06,148,2398,150,149
5230,1,500,0,0,150,3,150,3,2.41204e+06,148,2357.33,150,149
5231,1,500,0,0,150,3,150,3,2.53271e+06,148,2478,150,149
5232,1,500,0,0,150,3,150,3,2.54804e+06,148,2493.33,150,149
5233,1,500,0,0,150,3,150,3,2.41204e+06,148,2357.33,150,149
5234,1,500,0,0,150,3,150,3,2.47071e+06,148,2416,150,149
5235,1,500,0,0,150,3,150,3,2.44104e+06,148,2386.33,150,149
5236,1,500,0,0,150,3,150,3,2.46238e+06,148,2407.67,150,149
5237,1,500,0,0,150,3,150,3,2.66704e+06,148,2612.33,150,149
5238,1,500,0,0,150,3,150,3,2.38704e+06,148,2332.33,150,149
5239,1,500,0,0,150,3,150,3,2.48004e+06,148,2425.33,150,149
5240,1,500,0,0,150,3,150,3,2.38138e+06,148,2326.67,150,149
5241,1,500,0,0,150,3,150,3,2.23638e+06,148,2181.67,150,149
5242,1,500,0,0,150,3,150,3,2.72838e+06,148,2673.67,150,149
5243,1,500,0,0,150,3,150,3,2.42204e+06,148,2367.33,150,149
5244,1,500,0,0,150,3,150,3,2.42338e+06,148,2368.67,150,149
5245,1,500,0,0,150,3,150,3,2.37404e+06,148,2319.33,150,149
5246,1,500,0,0,150,3,150,3,2.71871e+06,148,2664,150,149
5247,1,500,0,0,150,3,150,3,2.39371e+06,148,2339,150,149
5248,1,500,0,0,150,3,150,3,2.44071e+06,148,2386,150,149
5249,1,500,0,0,150,3,150,3,2.68671e+06,148,2632,150,149
5250,1,500,0,0,150,3,150,3,2.51671e+06,148,2462,150,149
5251,1,500,0,0,150,3,150,3,2.30871e+06,148,2254,150,149
5252,1,500,0,0,150,3,150,3,2.39838e+06,148,2343.67,150,149
5253,1,500,0,0,150,3,150,3,2.48738e+06,148,2432.67,150,149
5254,1,500,0,0,150,3,150,3,2.65538e+06,148,2600.67,150,149
5255,1,500,0,0,150,3,150,3,2.46371e+06,148,2409,150,149
5256,1,500,0,0,150,3,150,3,2.37038e+06,148,2315.67,150,149
5257,1,500,0,0,150,3,150,3,2.53304e+06,148,2478.33,150,149
5258,1,500,0,0,150,3,150,3,2.55138e+06,148,2496.67,150,149
5259,1,500,0,0,150,3,150,3,2.44871e+06,148,2394,150,149
5260,1,500,0,0,150,3,150,3,2.66371e+06,148,2609,150,149
5261,1,500,0,0,150,3,150,3,2.49304e+06,148,2438.33,150,149
5262,1,500,0,0,150,3,150,3,2.51204e+06,148,2457.33,150,149
5263,1,500,0,0,150,3,150,3,2.42438e+06,148,2369.67,150,149
5264,1,500,0,0,150,3,150,3,2.43571e+06,148,2381,150,149
5265,1,500,0,0,150,3,150,3,2.26604e+06,148,2211.33,150,149
5266,1,500,0,0,150,3,150,3,2.49471e+06,148,2440,150,149
5267,1,500,0,0,150,3,150,3,2.40071e+06,148,2346,150,149
5268,1,500,0,0,150,3,150,3,2.47938e+06,148,2424.67,150,149
5269,1,500,0,0,150,3,150,3,2.44538e+06,148,2390.67,150,149
5270,1,500,0,0,150,3,150,3,2.40504e+06,148,2350.33,150,149
5271,1,500,0,0,150,3,150,3,2.34104e+06,148,2286.33,150,149
5272,1,500,0,0,150,3,150,3,2.55404e+06,148,2499.33,150,149
5273,1,500,0,0,150,3,150,3,2.41471e+06,148,2360,150,149
5274,1,500,0,0,150,3,150,3,2.37438e+06,148,2319.67,150,149
5275,1,500,0,0,150,3,150,3,2.44071e+06,148,2386,150,149
5276,1,500,0,0,150,3,150,3,2.32438e+06,148,2269.67,150,149
5277,1,500,0,0,150,3,150,3,2.47438e+06,148,2419.67,150,149
5278,1,500,0,0,150,3,150,3,2.66804e+06,148,2613.33,150,149
5279,1,500,0,0,150,3,150,3,2.47938e+06,148,2424.67,150,149
5280,1,500,0,0,150,3,150,3,2.58838e+06,148,2533.67,150,149
5281,1,500,0,0,150,3,150,3,2.62338e+06,148,2568.67,150,149
5282,1,500,0,0,150,3,150,3,2.44871e+06,148,2394,150,149
5283,1,500,0,0,150,3,150,3,2.37304e+06,148,2318.33,150,149
5284,1,500,0,0,150,3,150,3,2.56838e+06,148,2513.67,150,149
5285,1,500,0,0,150,3,150,3,2.46238e+06,148,2407.67,150,149
5286,1,500,0,0,150,3,150,3,2.38004e+06,148,2325.33,150,149
5287,1,500,0,0,150,3,150,3,2.42171e+06,148,2367,150,149
5288,1,500,0,0,150,3,150,3,2.50638e+06,148,2451.67,150,149
5289,1,500,0,0,150,3,150,3,2.59038e+06,148,2535.67,150,149
5290,1,500,0,0,150,3,150,3,2.42438e+06,148,2369.67,150,149
5291,1,500,0,0,150,3,150,3,2.47638e+06,148,2421.67,150,149
5292,1,500,0,0,150,3,150,3,2.48171e+06,148,2427,150,149
5293,1,500,0,0,150,3,150,3,2.31404e+06,148,2259.33,150,149
5294,1,500,0,0,150,3,150,3,2.27404e+06,148,2219.33,150,149
5295,1,500,0,0,150,3,150,3,2.69371e+06,148,2639,150,149
5296,1,500,0,0,150,3,150,3,2.49771e+06,148,2443,150,149
5297,1,500,0,0,150,3,150,3,2.49038e+06,148,2435.67,150,149
5298,1,500,0,0,150,3,150,3,2.69471e+06,148,2640,150,149
5299,1,500,0,0,150,3,150,3,2.46538e+06,148,2410.67,150,149
5300,1,500,0,0,150,3,150,3,2.45104e+06,148,2396.33,150,149
5301,1,500,0,0,150,3,150,3,2.36171e+06,148,2307,150,149
5302,1,500,0,0,150,3,150,3,2.45038e+06,148,2395.67,150,149
5303,1,500,0,0,150,3,150,3,2.40504e+06,148,2350.33,150,149
5304,1,500,0,0,150,3,150,3,2.61338e+06,148,2558.67,150,149
5305,1,500,0,0,150,3,150,3,2.56338e+06,148,2508.67,150,149
5306,1,500,0,0,150,3,150,3,2.62438e+06,148,2569.67,150,149
5307,1,500,0,0,150,3,150,3,2.41704e+06,148,2362.33,150,149
5308,1,500,0,0,150,3,150,3,2.43771e+06,148,2383,150,149
5309,1,500,0,0,150,3,150,3,2.48404e+06,148,2429.33,150,149
5310,1,500,0,0,150,3,150,3,2.52504e+06,148,2470.33,150,149
5311,1,500,0,0,150,3,150,3,2.52304e+06,148,2468.33,150,149
5312,1,500,0,0,150,3,150,3,2.63804e+06,148,2583.33,150,149
5313,1,500,0,0,150,3,150,3,2.54571e+06,148,2491,150,149
5314,1,500,0,0,150,3,150,3,2.45204e+06,148,2397.33,150,149
5315,1,500,0,0,150,3,150,3,2.66404e+06,148,2609.33,150,149
5316,1,500,0,0,150,3,150,3,2.54871e+06,148,2494,150,149
5317,1,500,0,0,150,3,150,3,2.72604e+06,148,2671.33,150,149
5318,1,500,0,0,150,3,150,3,2.68471e+06,148,2630,150,149
5319,1,500,0,0,150,3,150,3,2.28804e+06,148,2233.33,150,149
5320,1,500,0,0,150,3,150,3,2.47838e+06,148,2423.67,150,149
5321,1,500,0,0,150,3,150,3,2.40738e+06,148,2352.67,150,149
5322,1,500,0,0,150,3,150,3,2.43071e+06,148,2376,150,149
5323,1,500,0,0,150,3,150,3,2.47038e+06,148,2415.67,150,149
5324,1,500,0,0,150,3,150,3,2.70138e+06,148,2646.67,150,149
5325,1,500,0,0,150,3,150,3,2.53038e+06,148,2475.67,150,149
5326,1,500,0,0,150,3,150,3,2.37304e+06,148,2318.33,150,149
5327,1,500,0,0,150,3,150,3,2.39438e+06,148,2339.67,150,149
5328,1,500,0,0,150,3,150,3,2.49538e+06,148,2440.67,150,149
5329,1,500,0,0,150,3,150,3,2.53771e+06,148,2483,150,149
5330,1,500,0,0,150,3,150,3,2.22771e+06,148,2173,150,149
5331,1,500,0,0,150,3,150,3,2.57204e+06,148,2517.33,150,149
5332,1,500,0,0,150,3,150,3,2.56738e+06,148,2512.67,150,149
5333,1,500,0,0,150,3,150,3,2.30804e+06,148,2253.33,150,149
5334,1,500,0,0,150,3,150,3,2.63304e+06,148,2578.33,150,149
5335,1,500,0,0,150,3,150,3,2.51404e+06,148,2459.33,150,149
5336,1,500,0,0,150,3,150,3,2.51304e+06,148,2458.33,150,149
5337,1,500,0,0,150,3,150,3,2.54471e+06,148,2490,150,149
5338,1,500,0,0,150,3,150,3,2.63171e+06,148,2577,150,149
5339,1,500,0,0,150,3,150,3,2.42271e+06,148,2368,150,149
5340,1,500,0,0,150,3,150,3,2.54704e+06,148,2492.33,150,149
5341,1,500,0,0,150,3,150,3,2.40138e+06,148,2346.67,150,149
5342,1,500,0,0,150,3,150,3,2.53238e+06,148,2477.67,150,149
5343,1,500,0,0,150,3,150,3,2.52904e+06,148,2474.33,150,149
5344,1,500,0,0,150,3,150,3,2.48271e+06,148,2428,150,149
5345,1,500,0,0,150,3,150,3,2.45438e+06,148,2399.67,150,149
5346,1,500,0,0,150,3,150,3,2.47204e+06,148,2417.33,150,149
5347,1,500,0,0,150,3,150,3,2.46371e+06,148,2409,150,149
5348,1,500,0,0,150,3,150,3,2.51504e+06,148,2460.33,150,149
5349,1,500,0,0,150,3,150,3,2.42238e+06,148,2367.67,150,149
5350,1,500,0,0,150,3,150,3,2.34138e+06,148,2286.67,150,149
5351,1,500,0,0,150,3,150,3,2.42771e+06,148,2373,150,149
5352,1,500,0,0,150,3,150,3,2.49604e+06,148,2441.33,150,149
5353,1,500,0,0,150,3,150,3,2.28638e+06,148,2231.67,150,149
5354,1,500,0,0,150,3,150,3,2.65604e+06,148,2601.33,150,149
5355,1,500,0,0,150,3,150,3,2.58871e+06,148,2534,150,149
5356,1,500,0,0,150,3,150,3,2.68671e+06,148,2632,150,149
5357,1,500,0,0,150,3,150,3,2.43804e+06,148,2383.33,150,149
5358,1,500,0,0,150,3,150,3,2.41571e+06,148,2361,150,149
5359,1,500,0,0,150,3,150,3,2.45804e+06,148,2403.33,150,149
5360,1,500,0,0,150,3,150,3,2.68738e+06,148,2632.67,150,149
5361,1,500,0,0,150,3,150,3,2.40804e+06,148,2353.33,150,149
5362,1,500,0,0,150,3,150,3,2.14871e+06,148,2094,150,149
5363,1,500,0,0,150,3,150,3,2.38771e+06,148,2333,150,149
5364,1,500,0,0,150,3,150,3,2.56604e+06,148,2511.33,150,149
5365,1,500,0,0,150,3,150,3,2.63138e+06,148,2576.67,150,149
5366,1,500,0,0,150,3,150,3,2.56704e+06,148,2512.33,150,149
5367,1,500,0,0,150,3,150,3,2.34138e+06,148,2286.67,150,149
5368,1,500,0,0,150,3,150,3,2.35071e+06,148,2296,150,149
5369,1,500,0,0,150,3,150,3,2.56638e+06,148,2511.67,150,149
5370,1,500,0,0,150,3,150,3,2.65471e+06,148,2600,150,149
5371,1,500,0,0,150,3,150,3,2.52238e+06,148,2467.67,150,149
5372,1,500,0,0,150,3,150,3,2.64438e+06,148,2589.67,150,149
5373,1,500,0,0,150,3,150,3,2.27338e+06,148,2218.67,150,149
5374,1,500,0,0,150,3,150,3,2.40304e+06,148,2348.33,150,149
5375,1,500,0,0,150,3,150,3,2.57304e+06,148,2518.33,150,149
5376,1,500,0,0,150,3,150,3,2.45838e+06,148,2403.67,150,149
5377,1,500,0,0,150,3,150,3,2.43338e+06,148,2378.67,150,149
5378,1,500,0,0,150,3,150,3,2.58738e+06,148,2532.67,150,149
5379,1,500,0,0,150,3,150,3,2.46438e+06,148,2409.67,150,149
5380,1,500,0,0,150,3,150,3,2.34871e+06,148,2294,150,149
5381,1,500,0,0,150,3,150,3,2.22938e+06,148,2174.67,150,149
5382,1,500,0,0,150,3,150,3,2.40138e+06,148,2346.67,150,149
5383,1,500,0,0,150,3,150,3,2.49404e+06,148,2439.33,150,149
5384,1,500,0,0,150,3,150,3,2.62571e+06,148,2571,150,149
5385,1,500,0,0,150,3,150,3,2.63404e+06,148,2579.33,150,149
5386,1,500,0,0,150,3,150,3,2.68604e+06,148,2631.33,150,149
5387,1,500,0,0,150,3,150,3,2.22871e+06,148,2174,150,149
5388,1,500,0,0,150,3,150,3,2.43604e+06,148,2381.33,150,149
5389,1,500,0,0,150,3,150,3,2.36404e+06,148,2309.33,150,149
5390,1,500,0,0,150,3,150,3,2.72704e+06,148,2672.33,150,149
5391,1,500,0,0,150,3,150,3,2.58704e+06,148,2532.33,150,149
5392,1,500,0,0,150,3,150,3,2.45638e+06,148,2401.67,150,149
5393,1,500,0,0,150,3,150,3,2.44704e+06,148,2392.33,150,149
5394,1,500,0,0,150,3,150,3,2.59971e+06,148,2545,150,149
5395,1,500,0,0,150,3,150,3,2.45971e+06,148,2405,150,149
5396,1,500,0,0,150,3,150,3,2.65604e+06,148,2601.33,150,149
5397,1,500,0,0,150,3,150,3,2.44904e+06,148,2394.33,150,149
5398,1,500,0,0,150,3,150,3,2.61004e+06,148,2555.33,150,149
5399,1,500,0,0,150,3,150,3,2.60971e+06,148,2555,150,149
5400,1,500,0,0,150,3,150,3,2.50171e+06,148,2447,150,149
5401,1,500,0,0,150,3,150,3,2.37604e+06,148,2321.33,150,149
5402,1,500,0,0,150,3,150,3,2.44138e+06,148,2386.67,150,149
5403,1,500,0,0,150,3,150,3,2.39704e+06,148,2342.33,150,149
5404,1,500,0,0,150,3,150,3,2.53638e+06,148,2481.67,150,149
5405,1,500,0,0,150,3,150,3,2.61038e+06,148,2555.67,150,149
5406,1,500,0,0,150,3,150,3,2.55504e+06,148,2500.33,150,149
5407,1,500,0,0,150,3,150,3,2.33271e+06,148,2278,150,149
5408,1,500,0,0,150,3,150,3,2.38404e+06,148,2329.33,150,149
5409,1,500,0,0,150,3,150,3,2.52504e+06,148,2470.33,150,149
5410,1,500,0,0,150,3,150,3,2.41504e+06,148,2360.33,150,149
5411,1,500,0,0,150,3,150,3,2.59738e+06,148,2542.67,150,149
5412,1,500,0,0,150,3,150,3,2.52304e+06,148,2468.33,150,149
5413,1,500,0,0,150,3,150,3,2.23004e+06,148,2175.33,150,149
5414,1,500,0,0,150,3,150,3,2.48371e+06,148,2429,150,149
5415,1,500,0,0,150,3,150,3,2.46471e+06,148,2410,150,149
5416,1,500,0,0,150,3,150,3,2.58904e+06,148,2534.33,150,149
5417,1,500,0,0,150,3,150,3,2.55304e+06,148,2498.33,150,149
5418,1,500,0,0,150,3,150,3,2.47004e+06,148,2415.33,150,149
5419,1,500,0,0,150,3,150,3,2.42804e+06,148,2373.33,150,149
5420,1,500,0,0,150,3,150,3,2.29904e+06,148,2244.33,150,149
5421,1,500,0,0,150,3,150,3,2.65138e+06,148,2596.67,150,149
5422,1,500,0,0,150,3,150,3,2.31638e+06,148,2261.67,150,149
5423,1,500,0,0,150,3,150,3,2.42271e+06,148,2368,150,149
5424,1,500,0,0,150,3,150,3,2.58338e+06,148,2528.67,150,149
5425,1,500,0,0,150,3,150,3,2.47904e+06,148,2424.33,150,149
5426,1,500,0,0,150,3,150,3,2.43304e+06,148,2378.33,150,149
5427,1,500,0,0,150,3,150,3,2.52271e+06,148,2468,150,149
5428,1,500,0,0,150,3,150,3,2.66204e+06,148,2607.33,150,149
5429,1,500,0,0,150,3,150,3,2.58138e+06,148,2526.67,150,149
5430,1,500,0,0,150,3,150,3,2.31671e+06,148,2262,150,149
5431,1,500,0,0,150,3,150,3,2.52438e+06,148,2469.67,150,149
5432,1,500,0,0,150,3,150,3,2.39038e+06,148,2335.67,150,149
5433,1,500,0,0,150,3,150,3,2.59104e+06,148,2536.33,150,149
5434,1,500,0,0,150,3,150,3,2.38704e+06,148,2332.33,150,149
5435,1,500,0,0,150,3,150,3,2.37938e+06,148,2324.67,150,149
5436,1,500,0,0,150,3,150,3,2.55804e+06,148,2503.33,150,149
5437,1,500,0,0,150,3,150,3,2.40004e+06,148,2345.33,150,149
5438,1,500,0,0,150,3,150,3,2.45204e+06,148,2397.33,150,149
5439,1,500,0,0,150,3,150,3,2.65671e+06,148,2602,150,149
5440,1,500,0,0,150,3,150,3,2.40838e+06,148,2353.67,150,149
5441,1,500,0,0,150,3,150,3,2.31404e+06,148,2259.33,150,149
5442,1,500,0,0,150,3,150,3,2.53571e+06,148,2481,150,149
5443,1,500,0,0,150,3,150,3,2.35338e+06,148,2298.67,150,149
5444,1,500,0,0,150,3,150,3,2.43271e+06,148,2378,150,149
5445,1,500,0,0,150,3,150,3,2.43671e+06,148,2382,150,149
5446,1,500,0,0,150,3,150,3,2.48938e+06,148,2434.67,150,149
5447,1,500,0,0,150,3,150,3,2.73771e+06,148,2683,150,149
5448,1,500,0,0,150,3,150,3,2.35138e+06,148,2296.67,150,149
5449,1,500,0,0,150,3,150,3,2.63671e+06,148,2582,150,149
5450,1,500,0,0,150,3,150,3,2.44738e+06,148,2392.67,150,149
5451,1,500,0,0,150,3,150,3,2.43738e+06,148,2382.67,150,149
5452,1,500,0,0,150,3,150,3,2.74338e+06,148,2688.67,150,149
5453,1,500,0,0,150,3,150,3,2.54638e+06,148,2491.67,150,149
5454,1,500,0,0,150,3,150,3,2.54504e+06,148,2490.33,150,149
5455,1,500,0,0,150,3,150,3,2.39771e+06,148,2343,150,149
5456,1,500,0,0,150,3,150,3,2.54038e+06,148,2485.67,150,149
5457,1,500,0,0,150,3,150,3,2.46871e+06,148,2414,150,149
5458,1,500,0,0,150,3,150,3,2.45738e+06,148,2402.67,150,149
5459,1,500,0,0,150,3,150,3,2.57704e+06,148,2522.33,150,149
5460,1,500,0,0,150,3,150,3,2.37671e+06,148,2322,150,149
5461,1,500,0,0,150,3,150,3,2.67271e+06,148,2618,150,149
5462,1,500,0,0,150,3,150,3,2.16871e+06,148,2114,150,149
5463,1,500,0,0,150,3,150,3,2.39238e+06,148,2337.67,150,149
5464,1,500,0,0,150,3,150,3,2.60738e+06,148,2552.67,150,149
5465,1,500,0,0,150,3,150,3,2.61904e+06,148,2564.33,150,149
5466,1,500,0,0,150,3,150,3,2.28304e+06,148,2228.33,150,149
5467,1,500,0,0,150,3,150,3,2.38238e+06,148,2327.67,150,149
5468,1,500,0,0,150,3,150,3,2.42238e+06,148,2367.67,150,149
5469,1,500,0,0,150,3,150,3,2.46638e+06,148,2411.67,150,149
5470,1,500,0,0,150,3,150,3,2.39304e+06,148,2338.33,150,149
5471,1,500,0,0,150,3,150,3,2.33871e+06,148,2284,150,149
5472,1,500,0,0,150,3,150,3,2.71204e+06,148,2657.33,150,149
5473,1,500,0,0,150,3,150,3,2.53371e+06,148,2479,150,149
5474,1,500,0,0,150,3,150,3,2.60071e+06,148,2546,150,149
5475,1,500,0,0,150,3,150,3,2.46471e+06,148,2410,150,149
5476,1,500,0,0,150,3,150,3,2.34971e+06,148,2295,150,149
5477,1,500,0,0,150,3,150,3,2.69404e+06,148,2639.33,150,149
5478,1,500,0,0,150,3,150,3,2.52504e+06,148,2470.33,150,149
5479,1,500,0,0,150,3,150,3,2.49671e+06,148,2442,150,149
5480,1,500,0,0,150,3,150,3,2.43638e+06,148,2381.67,150,149
5481,1,500,0,0,150,3,150,3,2.42371e+06,148,2369,150,149
5482,1,500,0,0,150,3,150,3,2.37138e+06,148,2316.67,150,149
5483,1,500,0,0,150,3,150,3,2.21304e+06,148,2158.33,150,149
5484,1,500,0,0,150,3,150,3,2.48871e+06,148,2434,150,149
5485,1,500,0,0,150,3,150,3,2.53971e+06,148,2485,150,149
5486,1,500,0,0,150,3,150,3,2.47238e+06,148,2417.67,150,149
5487,1,500,0,0,150,3,150,3,2.76704e+06,148,2712.33,150,149
5488,1,500,0,0,150,3,150,3,2.44771e+06,148,2393,150,149
5489,1,500,0,0,150,3,150,3,2.61304e+06,148,2558.33,150,149
5490,1,500,0,0,150,3,150,3,2.38571e+06,148,2331,150,149
5491,1,500,0,0,150,3,150,3,2.40671e+06,148,2352,150,149
5492,1,500,0,0,150,3,150,3,2.50871e+06,148,2454,150,149
5493,1,500,0,0,150,3,150,3,2.38604e+06,148,2331.33,150,149
5494,1,500,0,0,150,3,150,3,2.41604e+06,148,2361.33,150,149
5495,1,500,0,0,150,3,150,3,2.23038e+06,148,2175.67,150,149
5496,1,500,0,0,150,3,150,3,2.56704e+06,148,2512.33,150,149
5497,1,500,0,0,150,3,150,3,2.43804e+06,148,2383.33,150,149
5498,1,500,0,0,150,3,150,3,2.31938e+06,148,2264.67,150,149
5499,1,500,0,0,150,3,150,3,2.41071e+06,148,2356,150,149
5500,1,500,0,0,150,3,150,3,2.64904e+06,148,2594.33,150,149
5501,1,500,0,0,150,3,150,3,2.50838e+06,148,2453.67,150,149
5502,1,500,0,0,150,3,150,3,2.20238e+06,148,2147.67,150,149
5503,1,500,0,0,150,3,150,3,2.48971e+06,148,2435,150,149
5504,1,500,0,0,150,3,150,3,2.54104e+06,148,2486.33,150,149
5505,1,500,0,0,150,3,150,3,2.38538e+06,148,2330.67,150,149
5506,1,500,0,0,150,3,150,3,2.50471e+06,148,2450,150,149
5507,1,500,0,0,150,3,150,3,2.38338e+06,148,2328.67,150,149
5508,1,500,0,0,150,3,150,3,2.43271e+06,148,2378,150,149
5509,1,500,0,0,150,3,150,3,2.47038e+06,148,2415.67,150,149
5510,1,500,0,0,150,3,150,3,2.70071e+06,148,2646,150,149
5511,1,500,0,0,150,3,150,3,2.46438e+06,148,2409.67,150,149
5512,1,500,0,0,150,3,150,3,2.62304e+06,148,2568.33,150,149
5513,1,500,0,0,150,3,150,3,2.58404e+06,148,2529.33,150,149
5514,1,500,0,0,150,3,150,3,2.59538e+06,148,2540.67,150,149
5515,1,500,0,0,150,3,150,3,2.44738e+06,148,2392.67,150,149
5516,1,500,0,0,150,3,150,3,2.49471e+06,148,2440,150,149
5517,1,500,0,0,150,3,150,3,2.30038e+06,148,2245.67,150,149
5518,1,500,0,0,150,3,150,3,2.56771e+06,148,2513,150,149
5519,1,500,0,0,150,3,150,3,2.31271e+06,148,2258,150,149
5520,1,500,0,0,150,3,150,3,2.55404e+06,148,2499.33,150,149
5521,1,500,0,0,150,3,150,3,2.45938e+06,148,2404.67,150,149
5522,1,500,0,0,150,3,150,3,2.48638e+06,148,2431.67,150,149
5523,1,500,0,0,150,3,150,3,2.40771e+06,148,2353,150,149
5524,1,500,0,0,150,3,150,3,2.34371e+06,148,2289,150,149
5525,1,500,0,0,150,3,150,3,2.51238e+06,148,2457.67,150,149
5526,1,500,0,0,150,3,150,3,2.63838e+06,148,2583.67,150,149
5527,1,500,0,0,150,3,150,3,2.39838e+06,148,2343.67,150,149
5528,1,500,0,0,150,3,150,3,2.31404e+06,148,2259.33,150,149
5529,1,500,0,0,150,3,150,3,2.59438e+06,148,2539.67,150,149
5530,1,500,0,0,150,3,150,3,2.39038e+06,148,2335.67,150,149
5531,1,500,0,0,150,3,150,3,2.30704e+06,148,2252.33,150,149
5532,1,500,0,0,150,3,150,3,2.62104e+06,148,2566.33,150,149
5533,1,500,0,0,150,3,150,3,2.23204e+06,148,2177.33,150,149
5534,1,500,0,0,150,3,150,3,2.60671e+06,148,2552,150,149
5535,1,500,0,0,150,3,150,3,2.46571e+06,148,2411,150,149
5536,1,500,0,0,150,3,150,3,2.56804e+06,148,2513.33,150,149
5537,1,500,0,0,150,3,150,3,2.20938e+06,148,2154.67,150,149
5538,1,500,0,0,150,3,150,3,2.53771e+06,148,2483,150,149
5539,1,500,0,0,150,3,150,3,2.43638e+06,148,2381.67,150,149
5540,1,500,0,0,150,3,150,3,2.66204e+06,148,2607.33,150,149
5541,1,500,0,0,150,3,150,3,2.53604e+06,148,2481.33,150,149
5542,1,500,0,0,150,3,150,3,2.37104e+06,148,2316.33,150,149
5543,1,500,0,0,150,3,150,3,2.47438e+06,148,2419.67,150,149
5544,1,500,0,0,150,3,150,3,2.38738e+06,148,2332.67,150,149
5545,1,500,0,0,150,3,150,3,2.64438e+06,148,2589.67,150,149
5546,1,500,0,0,150,3,150,3,2.57938e+06,148,2524.67,150,149
5547,1,500,0,0,150,3,150,3,2.65404e+06,148,2599.33,150,149
5548,1,500,0,0,150,3,150,3,2.44638e+06,148,2391.67,150,149
5549,1,500,0,0,150,3,150,3,2.64904e+06,148,2594.33,150,149
5550,1,500,0,0,150,3,150,3,2.53471e+06,148,2480,150,149
5551,1,500,0,0,150,3,150,3,2.60271e+06,148,2548,150,149
5552,1,500,0,0,150,3,150,3,2.67538e+06,148,2620.67,150,149
5553,1,500,0,0,150,3,150,3,2.40171e+06,148,2347,150,149
5554,1,500,0,0,150,3,150,3,2.38371e+06,148,2329,150,149
5555,1,500,0,0,150,3,150,3,2.46404e+06,148,2409.33,150,149
5556,1,500,0,0,150,3,150,3,2.45671e+06,148,2402,150,149
5557,1,500,0,0,150,3,150,3,2.39804e+06,148,2343.33,150,149
5558,1,500,0,0,150,3,150,3,2.44604e+06,148,2391.33,150,149
5559,1,500,0,0,150,3,150,3,2.55071e+06,148,2496,150,149
5560,1,500,0,0,150,3,150,3,2.63471e+06,148,2580,150,149
5561,1,500,0,0,150,3,150,3,2.39704e+06,148,2342.33,150,149
5562,1,500,0,0,150,3,150,3,2.45138e+06,148,2396.67,150,149
5563,1,500,0,0,150,3,150,3,2.61238e+06,148,2557.67,150,149
5564,1,500,0,0,150,3,150,3,2.46171e+06,148,2407,150,149
5565,1,500,0,0,150,3,150,3,2.48904e+06,148,2434.33,150,149
5566,1,500,0,0,150,3,150,3,2.49604e+06,148,2441.33,150,149
5567,1,500,0,0,150,3,150,3,2.51204e+06,148,2457.33,150,149
5568,1,500,0,0,150,3,150,3,2.66138e+06,148,2606.67,150,149
5569,1,500,0,0,150,3,150,3,2.28638e+06,148,2231.67,150,149
5570,1,500,0,0,150,3,150,3,2.47804e+06,148,2423.33,150,149
5571,1,500,0,0,150,3,150,3,2.56038e+06,148,2505.67,150,149
5572,1,500,0,0,150,3,150,3,2.50004e+06,148,2445.33,150,149
5573,1,500,0,0,150,3,150,3,2.45938e+06,148,2404.67,150,149
5574,1,500,0,0,150,3,150,3,2.39238e+06,148,2337.67,150,149
5575,1,500,0,0,150,3,150,3,2.38704e+06,148,2332.33,150,149
5576,1,500,0,0,150,3,150,3,2.47304e+06,148,2418.33,150,149
5577,1,500,0,0,150,3,150,3,2.26538e+06,148,2210.67,150,149
5578,1,500,0,0,150,3,150,3,2.49204e+06,148,2437.33,150,149
5579,1,500,0,0,150,3,150,3,2.41071e+06,148,2356,150,149
5580,1,500,0,0,150,3,150,3,2.48538e+06,148,2430.67,150,149
5581,1,500,0,0,150,3,150,3,2.50571e+06,148,2451,150,149
5582,1,500,0,0,150,3,150,3,2.55004e+06,148,2495.33,150,149
5583,1,500,0,0,150,3,150,3,2.43171e+06,148,2377,150,149
5584,1,500,0,0,150,3,150,3,2.51504e+06,148,2460.33,150,149
5585,1,500,0,0,150,3,150,3,2.37104e+06,148,2316.33,150,149
5586,1,500,0,0,150,3,150,3,2.69538e+06,148,2640.67,150,149
5587,1,500,0,0,150,3,150,3,2.43371e+06,148,2379,150,149
5588,1,500,0,0,150,3,150,3,2.37338e+06,148,2318.67,150,149
5589,1,500,0,0,150,3,150,3,2.51404e+06,148,2459.33,150,149
5590,1,500,0,0,150,3,150,3,2.40471e+06,148,2350,150,149
5591,1,500,0,0,150,3,150,3,2.56704e+06,148,2512.33,150,149
5592,1,500,0,0,150,3,150,3,2.39071e+06,148,2336,150,149
5593,1,500,0,0,150,3,150,3,2.40804e+06,148,2353.33,150,149
5594,1,500,0,0,150,3,150,3,2.44571e+06,148,2391,150,149
5595,1,500,0,0,150,3,150,3,2.62471e+06,148,2570,150,149
5596,1,500,0,0,150,3,150,3,2.38504e+06,148,2330.33,150,149
5597,1,500,0,0,150,3,150,3,2.56804e+06,148,2513.33,150,149
5598,1,500,0,0,150,3,150,3,2.58438e+06,148,2529.67,150,149
5599,1,500,0,0,150,3,150,3,2.38071e+06,148,2326,150,149
5600,1,500,0,0,150,3,150,3,2.38404e+06,148,2329.33,150,149
5601,1,500,0,0,150,3,150,3,2.48404e+06,148,2429.33,150,149
5602,1,500,0,0,150,3,150,3,2.54371e+06,148,2489,150,149
5603,1,500,0,0,150,3,150,3,2.41338e+06,148,2358.67,150,149
5604,1,500,0,0,150,3,150,3,2.53138e+06,148,2476.67,150,149
5605,1,500,0,0,150,3,150,3,2.57771e+06,148,2523,150,149
5606,1,500,0,0,150,3,150,3,2.31271e+06,148,2258,150,149
5607,1,500,0,0,150,3,150,3,2.58104e+06,148,2526.33,150,149
5608,1,500,0,0,150,3,150,3,2.54704e+06,148,2492.33,150,149
5609,1,500,0,0,150,3,150,3,2.52171e+06,148,2467,150,149
5610,1,500,0,0,150,3,150,3,2.54338e+06,148,2488.67,150,149
5611,1,500,0,0,150,3,150,3,2.41104e+06,148,2356.33,150,149
5612,1,500,0,0,150,3,150,3,2.37271e+06,148,2318,150,149
5613,1,500,0,0,150,3,150,3,2.34238e+06,148,2287.67,150,149
5614,1,500,0,0,150,3,150,3,2.31338e+06,148,2258.67,150,149
5615,1,500,0,0,150,3,150,3,2.35671e+06,148,2302,150,149
5616,1,500,0,0,150,3,150,3,2.24304e+06,148,2188.33,150,149
5617,1,500,0,0,150,3,150,3,2.35371e+06,148,2299,150,149
5618,1,500,0,0,150,3,150,3,2.58071e+06,148,2526,150,149
5619,1,500,0,0,150,3,150,3,2.63571e+06,148,2581,150,149
5620,1,500,0,0,150,3,150,3,2.41871e+06,148,2364,150,149
5621,1,500,0,0,150,3,150,3,2.49638e+06,148,2441.67,150,149
5622,1,500,0,0,150,3,150,3,2.36171e+06,148,2307,150,149
5623,1,500,0,0,150,3,150,3,2.36638e+06,148,2311.67,150,149
5624,1,500,0,0,150,3,150,3,2.44071e+06,148,2386,150,149
5625,1,500,0,0,150,3,150,3,2.43238e+06,148,2377.67,150,149
5626,1,500,0,0,150,3,150,3,2.58771e+06,148,2533,150,149
5627,1,500,0,0,150,3,150,3,2.39838e+06,148,2343.67,150,149
5628,1,500,0,0,150,3,150,3,2.52638e+06,148,2471.67,150,149
5629,1,500,0,0,150,3,150,3,2.45471e+06,148,2400,150,149
5630,1,500,0,0,150,3,150,3,2.53838e+06,148,2483.67,150,149
5631,1,500,0,0,150,3,150,3,2.52838e+06,148,2473.67,150,149
5632,1,500,0,0,150,3,150,3,2.29938e+06,148,2244.67,150,149
5633,1,500,0,0,150,3,150,3,2.53304e+06,148,2478.33,150,149
5634,1,500,0,0,150,3,150,3,2.48671e+06,148,2432,150,149
5635,1,500,0,0,150,3,150,3,2.39004e+06,148,2335.33,150,149
5636,1,500,0,0,150,3,150,3,2.53071e+06,148,2476,150,149
5637,1,500,0,0,150,3,150,3,2.55971e+06,148,2505,150,149
5638,1,500,0,0,150,3,150,3,2.28071e+06,148,2226,150,149
5639,1,500,0,0,150,3,150,3,2.38938e+06,148,2334.67,150,149
5640,1,500,0,0,150,3,150,3,2.37138e+06,148,2316.67,150,149
5641,1,500,0,0,150,3,150,3,2.52071e+06,148,2466,150,149
5642,1,500,0,0,150,3,150,3,2.34938e+06,148,2294.67,150,149
5643,1,500,0,0,150,3,150,3,2.36971e+06,148,2315,150,149
5644,1,500,0,0,150,3,150,3,2.36904e+06,148,2314.33,150,149
5645,1,500,0,0,150,3,150,3,2.33004e+06,148,2275.33,150,149
5646,1,500,0,0,150,3,150,3,2.38204e+06,148,2327.33,150,149
5647,1,500,0,0,150,3,150,3,2.46038e+06,148,2405.67,150,149
5648,1,500,0,0,150,3,150,3,2.33504e+06,148,2280.33,150,149
5649,1,500,0,0,150,3,150,3,2.45438e+06,148,2399.67,150,149
5650,1,500,0,0,150,3,150,3,2.54704e+06,148,2492.33,150,149
5651,1,500,0,0,150,3,150,3,2.55304e+06,148,2498.33,150,149
5652,1,500,0,0,150,3,150,3,2.24838e+06,148,2193.67,150,149
5653,1,500,0,0,150,3,150,3,2.54804e+06,148,2493.33,150,149
5654,1,500,0,0,150,3,150,3,2.36338e+06,148,2308.67,150,149
5655,1,500,0,0,150,3,150,3,2.41104e+06,148,2356.33,150,149
5656,1,500,0,0,150,3,150,3,2.45138e+06,148,2396.67,150,149
5657,1,500,0,0,150,3,150,3,2.46504e+06,148,2410.33,150,149
5658,1,500,0,0,150,3,150,3,2.52838e+06,148,2473.67,150,149
5659,1,500,0,0,150,3,150,3,2.56338e+06,148,2508.67,150,149
5660,1,500,0,0,150,3,150,3,2.34504e+06,148,2290.33,150,149
5661,1,500,0,0,150,3,150,3,2.54404e+06,148,2489.33,150,149
5662,1,500,0,0,150,3,150,3,2.45404e+06,148,2399.33,150,149
5663,1,500,0,0,150,3,150,3,2.41038e+06,148,2355.67,150,149
5664,1,500,0,0,150,3,150,3,2.34038e+06,148,2285.67,150,149
5665,1,500,0,0,150,3,150,3,2.59204e+06,148,2537.33,150,149
5666,1,500,0,0,150,3,150,3,2.41038e+06,148,2355.67,150,149
5667,1,500,0,0,150,3,150,3,2.49171e+06,148,2437,150,149
5668,1,500,0,0,150,3,150,3,2.32038e+06,148,2265.67,150,149
5669,1,500,0,0,150,3,150,3,2.29404e+06,148,2239.33,150,149
5670,1,500,0,0,150,3,150,3,2.53371e+06,148,2479,150,149
5671,1,500,0,0,150,3,150,3,2.42804e+06,148,2373.33,150,149
5672,1,500,0,0,150,3,150,3,2.49204e+06,148,2437.33,150,149
5673,1,500,0,0,150,3,150,3,2.52604e+06,148,2471.33,150,149
5674,1,500,0,0,150,3,150,3,2.45504e+06,148,2400.33,150,149
5675,1,500,0,0,150,3,150,3,2.64871e+06,148,2594,150,149
5676,1,500,0,0,150,3,150,3,2.66238e+06,148,2607.67,150,149
5677,1,500,0,0,150,3,150,3,2.53604e+06,148,2481.33,150,149
5678,1,500,0,0,150,3,150,3,2.60271e+06,148,2548,150,149
5679,1,500,0,0,150,3,150,3,2.49104e+06,148,2436.33,150,149
5680,1,500,0,0,150,3,150,3,2.52738e+06,148,2472.67,150,149
5681,1,500,0,0,150,3,150,3,2.43938e+06,148,2384.67,150,149
5682,1,500,0,0,150,3,150,3,2.54138e+06,148,2486.67,150,149
5683,1,500,0,0,150,3,150,3,2.52438e+06,148,2469.67,150,149
5684,1,500,0,0,150,3,150,3,2.39904e+06,148,2344.33,150,149
5685,1,500,0,0,150,3,150,3,2.36938e+06,148,2314.67,150,149
5686,1,500,0,0,150,3,150,3,2.54004e+06,148,2485.33,150,149
5687,1,500,0,0,150,3,150,3,2.48138e+06,148,2426.67,150,149
5688,1,500,0,0,150,3,150,3,2.39438e+06,148,2339.67,150,149
5689,1,500,0,0,150,3,150,3,2.33704e+06,148,2282.33,150,149
5690,1,500,0,0,150,3,150,3,2.42604e+06,148,2371.33,150,149
5691,1,500,0,0,150,3,150,3,2.48404e+06,148,2429.33,150,149
5692,1,500,0,0,150,3,150,3,2.32271e+06,148,2268,150,149
5693,1,500,0,0,150,3,150,3,2.39104e+06,148,2336.33,150,149
5694,1,500,0,0,150,3,150,3,2.61604e+06,148,2561.33,150,149
5695,1,500,0,0,150,3,150,3,2.51038e+06,148,2455.67,150,149
5696,1,500,0,0,150,3,150,3,2.44604e+06,148,2391.33,150,149
5697,1,500,0,0,150,3,150,3,2.59671e+06,148,2542,150,149
5698,1,500,0,0,150,3,150,3,2.50304e+06,148,2448.33,150,149
5699,1,500,0,0,150,3,150,3,2.41571e+06,148,2361,150,149
5700,1,500,0,0,150,3,150,3,2.41738e+06,148,2362.67,150,149
5701,1,500,0,0,150,3,150,3,2.44204e+06,148,2387.33,150,149
5702,1,500,0,0,150,3,150,3,2.61338e+06,148,2558.67,150,149
5703,1,500,0,0,150,3,150,3,2.31771e+06,148,2263,150,149
5704,1,500,0,0,150,3,150,3,2.44271e+06,148,2388,150,149
5705,1,500,0,0,150,3,150,3,2.41104e+06,148,2356.33,150,149
5706,1,500,0,0,150,3,150,3,2.40304e+06,148,2348.33,150,149
5707,1,500,0,0,150,3,150,3,2.45571e+06,148,2401,150,149
5708,1,500,0,0,150,3,150,3,2.48271e+06,148,2428,150,149
5709,1,500,0,0,150,3,150,3,2.41571e+06,148,2361,150,149
5710,1,500,0,0,150,3,150,3,2.35571e+06,148,2301,150,149
5711,1,500,0,0,150,3,150,3,2.43438e+06,148,2379.67,150,149
5712,1,500,0,0,150,3,150,3,2.44238e+06,148,2387.67,150,149
5713,1,500,0,0,150,3,150,3,2.45271e+06,148,2398,150,149
5714,1,500,0,0,150,3,150,3,2.52738e+06,148,2472.67,150,149
5715,1,500,0,0,150,3,150,3,2.44004e+06,148,2385.33,150,149
5716,1,500,0,0,150,3,150,3,2.63338e+06,148,2578.67,150,149
5717,1,500,0,0,150,3,150,3,2.43238e+06,148,2377.67,150,149
5718,1,500,0,0,150,3,150,3,2.56538e+06,148,2510.67,150,149
5719,1,500,0,0,150,3,150,3,2.38804e+06,148,2333.33,150,149
5720,1,500,0,0,150,3,150,3,2.44504e+06,148,2390.33,150,149
5721,1,500,0,0,150,3,150,3,2.33171e+06,148,2277,150,149
5722,1,500,0,0,150,3,150,3,2.41804e+06,148,2363.33,150,149
5723,1,500,0,0,150,3,150,3,2.49804e+06,148,2443.33,150,149
5724,1,500,0,0,150,3,150,3,2.56238e+06,148,2507.67,150,149
5725,1,500,0,0,150,3,150,3,2.50438e+06,148,2449.67,150,149
5726,1,500,0,0,150,3,150,3,2.43438e+06,148,2379.67,150,149
5727,1,500,0,0,150,3,150,3,2.43971e+06,148,2385,150,149
5728,1,500,0,0,150,3,150,3,2.42838e+06,148,2373.67,150,149
5729,1,500,0,0,150,3,150,3,2.62171e+06,148,2567,150,149
5730,1,500,0,0,150,3,150,3,2.49704e+06,148,2442.33,150,149
5731,1,500,0,0,150,3,150,3,2.51304e+06,148,2458.33,150,149
5732,1,500,0,0,150,3,150,3,2.39304e+06,148,2338.33,150,149
5733,1,500,0,0,150,3,150,3,2.72638e+06,148,2671.67,150,149
5734,1,500,0,0,150,3,150,3,2.38704e+06,148,2332.33,150,149
5735,1,500,0,0,150,3,150,3,2.35004e+06,148,2295.33,150,149
5736,1,500,0,0,150,3,150,3,2.65938e+06,148,2604.67,150,149
5737,1,500,0,0,150,3,150,3,2.50104e+06,148,2446.33,150,149
5738,1,500,0,0,150,3,150,3,2.51438e+06,148,2459.67,150,149
5739,1,500,0,0,150,3,150,3,2.50638e+06,148,2451.67,150,149
5740,1,500,0,0,150,3,150,3,2.47838e+06,148,2423.67,150,149
5741,1,500,0,0,150,3,150,3,2.55471e+06,148,2500,150,149
5742,1,500,0,0,150,3,150,3,2.79971e+06,148,2745,150,149
5743,1,500,0,0,150,3,150,3,2.35838e+06,148,2303.67,150,149
5744,1,500,0,0,150,3,150,3,2.36338e+06,148,2308.67,150,149
5745,1,500,0,0,150,3,150,3,2.42504e+06,148,2370.33,150,149
5746,1,500,0,0,150,3,150,3,2.49638e+06,148,2441.67,150,149
5747,1,500,0,0,150,3,150,3,2.65371e+06,148,2599,150,149
5748,1,500,0,0,150,3,150,3,2.28771e+06,148,2233,150,149
5749,1,500,0,0,150,3,150,3,2.22404e+06,148,2169.33,150,149
5750,1,500,0,0,150,3,150,3,2.41804e+06,148,2363.33,150,149
5751,1,500,0,0,150,3,150,3,2.36871e+06,148,2314,150,149
5752,1,500,0,0,150,3,150,3,2.42204e+06,148,2367.33,150,149
5753,1,500,0,0,150,3,150,3,2.56904e+06,148,2514.33,150,149
5754,1,500,0,0,150,3,150,3,2.63038e+06,148,2575.67,150,149
5755,1,500,0,0,150,3,150,3,2.55238e+06,148,2497.67,150,149
5756,1,500,0,0,150,3,150,3,2.41504e+06,148,2360.33,150,149
5757,1,500,0,0,150,3,150,3,2.30271e+06,148,2248,150,149
5758,1,500,0,0,150,3,150,3,2.40104e+06,148,2346.33,150,149
5759,1,500,0,0,150,3,150,3,2.53771e+06,148,2483,150,149
5760,1,500,0,0,150,3,150,3,2.57438e+06,148,2519.67,150,149
5761,1,500,0,0,150,3,150,3,2.48504e+06,148,2430.33,150,149
5762,1,500,0,0,150,3,150,3,2.52771e+06,148,2473,150,149
5763,1,500,0,0,150,3,150,3,2.52271e+06,148,2468,150,149
5764,1,500,0,0,150,3,150,3,2.64838e+06,148,2593.67,150,149
5765,1,500,0,0,150,3,150,3,2.51238e+06,148,2457.67,150,149
5766,1,500,0,0,150,3,150,3,2.51204e+06,148,2457.33,150,149
5767,1,500,0,0,150,3,150,3,2.13804e+06,148,2083.33,150,149
5768,1,500,0,0,150,3,150,3,2.36838e+06,148,2313.67,150,149
5769,1,500,0,0,150,3,150,3,2.68071e+06,148,2626,150,149
5770,1,500,0,0,150,3,150,3,2.47838e+06,148,2423.67,150,149
5771,1,500,0,0,150,3,150,3,2.56104e+06,148,2506.33,150,149
5772,1,500,0,0,150,3,150,3,2.32604e+06,148,2271.33,150,149
5773,1,500,0,0,150,3,150,3,2.45204e+06,148,2397.33,150,149
5774,1,500,0,0,150,3,150,3,2.61171e+06,148,2557,150,149
5775,1,500,0,0,150,3,150,3,2.45504e+06,148,2400.33,150,149
5776,1,500,0,0,150,3,150,3,2.42338e+06,148,2368.67,150,149
5777,1,500,0,0,150,3,150,3,2.56138e+06,148,2506.67,150,149
5778,1,500,0,0,150,3,150,3,2.41704e+06,148,2362.33,150,149
5779,1,500,0,0,150,3,150,3,2.45771e+06,148,2403,150,149
5780,1,500,0,0,150,3,150,3,2.51138e+06,148,2456.67,150,149
5781,1,500,0,0,150,3,150,3,2.40471e+06,148,2350,150,149
5782,1,500,0,0,150,3,150,3,2.44971e+06,148,2395,150,149
5783,1,500,0,0,150,3,150,3,2.59271e+06,148,2538,150,149
5784,1,500,0,0,150,3,150,3,2.54704e+06,148,2492.33,150,149
5785,1,500,0,0,150,3,150,3,2.51438e+06,148,2459.67,150,149
5786,1,500,0,0,150,3,150,3,2.38004e+06,148,2325.33,150,149
5787,1,500,0,0,150,3,150,3,2.68871e+06,148,2634,150,149
5788,1,500,0,0,150,3,150,3,2.33504e+06,148,2280.33,150,149
5789,1,500,0,0,150,3,150,3,2.47771e+06,148,2423,150,149
5790,1,500,0,0,150,3,150,3,2.51371e+06,148,2459,150,149
5791,1,500,0,0,150,3,150,3,2.56838e+06,148,2513.67,150,149
5792,1,500,0,0,150,3,150,3,2.44504e+06,148,2390.33,150,149
5793,1,500,0,0,150,3,150,3,2.39438e+06,148,2339.67,150,149
5794,1,500,0,0,150,3,150,3,2.36038e+06,148,2305.67,150,149
5795,1,500,0,0,150,3,150,3,2.47171e+06,148,2417,150,149
5796,1,500,0,0,150,3,150,3,2.41604e+06,148,2361.33,150,149
5797,1,500,0,0,150,3,150,3,2.50471e+06,148,2450,150,149
5798,1,500,0,0,150,3,150,3,2.50604e+06,148,2451.33,150,149
5799,1,500,0,0,150,3,150,3,2.60604e+06,148,2551.33,150,149
5800,1,500,0,0,150,3,150,3,2.50471e+06,148,2450,150,149
5801,1,500,0,0,150,3,150,3,2.37704e+06,148,2322.33,150,149
5802,1,500,0,0,150,3,150,3,2.43104e+06,148,2376.33,150,149
5803,1,500,0,0,150,3,150,3,2.56704e+06,148,2512.33,150,149
5804,1,500,0,0,150,3,150,3,2.41771e+06,148,2363,150,149
5805,1,500,0,0,150,3,150,3,2.49071e+06,148,2436,150,149
5806,1,500,0,0,150,3,150,3,2.50504e+06,148,2450.33,150,149
5807,1,500,0,0,150,3,150,3,2.32138e+06,148,2266.67,150,149
5808,1,500,0,0,150,3,150,3,2.46738e+06,148,2412.67,150,149
5809,1,500,0,0,150,3,150,3,2.52171e+06,148,2467,150,149
5810,1,500,0,0,150,3,150,3,2.31338e+06,148,2258.67,150,149
5811,1,500,0,0,150,3,150,3,2.27871e+06,148,2224,150,149
5812,1,500,0,0,150,3,150,3,2.32704e+06,148,2272.33,150,149
5813,1,500,0,0,150,3,150,3,2.57838e+06,148,2523.67,150,149
5814,1,500,0,0,150,3,150,3,2.50538e+06,148,2450.67,150,149
5815,1,500,0,0,150,3,150,3,2.43838e+06,148,2383.67,150,149
5816,1,500,0,0,150,3,150,3,2.57404e+06,148,2519.33,150,149
5817,1,500,0,0,150,3,150,3,2.59671e+06,148,2542,150,149
5818,1,500,0,0,150,3,150,3,2.50738e+06,148,2452.67,150,149
5819,1,500,0,0,150,3,150,3,2.35271e+06,148,2298,150,149
5820,1,500,0,0,150,3,150,3,2.44871e+06,148,2394,150,149
5821,1,500,0,0,150,3,150,3,2.43938e+06,148,2384.67,150,149
5822,1,500,0,0,150,3,150,3,2.37571e+06,148,2321,150,149
5823,1,500,0,0,150,3,150,3,2.46504e+06,148,2410.33,150,149
5824,1,500,0,0,150,3,150,3,2.33271e+06,148,2278,150,149
5825,1,500,0,0,150,3,150,3,2.54071e+06,148,2486,150,149
5826,1,500,0,0,150,3,150,3,2.39138e+06,148,2336.67,150,149
5827,1,500,0,0,150,3,150,3,2.48438e+06,148,2429.67,150,149
5828,1,500,0,0,150,3,150,3,2.42471e+06,148,2370,150,149
5829,1,500,0,0,150,3,150,3,2.49638e+06,148,2441.67,150,149
5830,1,500,0,0,150,3,150,3,2.63171e+06,148,2577,150,149
5831,1,500,0,0,150,3,150,3,2.37971e+06,148,2325,150,149
5832,1,500,0,0,150,3,150,3,2.23704e+06,148,2182.33,150,149
5833,1,500,0,0,150,3,150,3,2.38671e+06,148,2332,150,149
5834,1,500,0,0,150,3,150,3,2.54338e+06,148,2488.67,150,149
5835,1,500,0,0,150,3,150,3,2.40638e+06,148,2351.67,150,149
5836,1,500,0,0,150,3,150,3,2.25238e+06,148,2197.67,150,149
5837,1,500,0,0,150,3,150,3,2.53038e+06,148,2475.67,150,149
5838,1,500,0,0,150,3,150,3,2.32171e+06,148,2267,150,149
5839,1,500,0,0,150,3,150,3,2.48538e+06,148,2430.67,150,149
5840,1,500,0,0,150,3,150,3,2.46671e+06,148,2412,150,149
5841,1,500,0,0,150,3,150,3,2.45471e+06,148,2400,150,149
5842,1,500,0,0,150,3,150,3,2.54738e+06,148,2492.67,150,149
5843,1,500,0,0,150,3,150,3,2.56704e+06,148,2512.33,150,149
5844,1,500,0,0,150,3,150,3,2.55671e+06,148,2502,150,149
5845,1,500,0,0,150,3,150,3,2.63271e+06,148,2578,150,149
5846,1,500,0,0,150,3,150,3,2.47871e+06,148,2424,150,149
5847,1,500,0,0,150,3,150,3,2.59438e+06,148,2539.67,150,149
5848,1,500,0,0,150,3,150,3,2.42604e+06,148,2371.33,150,149
5849,1,500,0,0,150,3,150,3,2.44838e+06,148,2393.67,150,149
5850,1,500,0,0,150,3,150,3,2.44971e+06,148,2395,150,149
5851,1,500,0,0,150,3,150,3,2.52704e+06,148,2472.33,150,149
5852,1,500,0,0,150,3,150,3,2.44171e+06,148,2387,150,149
5853,1,500,0,0,150,3,150,3,2.55971e+06,148,2505,150,149
5854,1,500,0,0,150,3,150,3,2.37471e+06,148,2320,150,149
5855,1,500,0,0,150,3,150,3,2.66104e+06,148,2606.33,150,149
5856,1,500,0,0,150,3,150,3,2.41938e+06,148,2364.67,150,149
5857,1,500,0,0,150,3,150,3,2.33938e+06,148,2284.67,150,149
5858,1,500,0,0,150,3,150,3,2.40071e+06,148,2346,150,149
5859,1,500,0,0,150,3,150,3,2.52404e+06,148,2469.33,150,149
5860,1,500,0,0,150,3,150,3,2.59038e+06,148,2535.67,150,149
5861,1,500,0,0,150,3,150,3,2.55371e+06,148,2499,150,149
5862,1,500,0,0,150,3,150,3,2.32238e+06,148,2267.67,150,149
5863,1,500,0,0,150,3,150,3,2.75404e+06,148,2699.33,150,149
5864,1,500,0,0,150,3,150,3,2.54338e+06,148,2488.67,150,149
5865,1,500,0,0,150,3,150,3,2.63204e+06,148,2577.33,150,149
5866,1,500,0,0,150,3,150,3,2.64638e+06,148,2591.67,150,149
5867,1,500,0,0,150,3,150,3,2.31404e+06,148,2259.33,150,149
5868,1,500,0,0,150,3,150,3,2.46504e+06,148,2410.33,150,149
5869,1,500,0,0,150,3,150,3,2.40638e+06,148,2351.67,150,149
5870,1,500,0,0,150,3,150,3,2.47038e+06,148,2415.67,150,149
5871,1,500,0,0,150,3,150,3,2.45238e+06,148,2397.67,150,149
5872,1,500,0,0,150,3,150,3,2.34671e+06,148,2292,150,149
5873,1,500,0,0,150,3,150,3,2.46938e+06,148,2414.67,150,149
5874,1,500,0,0,150,3,150,3,2.37538e+06,148,2320.67,150,149
5875,1,500,0,0,150,3,150,3,2.43371e+06,148,2379,150,149
5876,1,500,0,0,150,3,150,3,2.65004e+06,148,2595.33,150,149
5877,1,500,0,0,150,3,150,3,2.49804e+06,148,2443.33,150,149
5878,1,500,0,0,150,3,150,3,2.55971e+06,148,2505,150,149
5879,1,500,0,0,150,3,150,3,2.63271e+06,148,2578,150,149
5880,1,500,0,0,150,3,150,3,2.39171e+06,148,2337,150,149
5881,1,500,0,0,150,3,150,3,2.43671e+06,148,2382,150,149
5882,1,500,0,0,150,3,150,3,2.52571e+06,148,2471,150,149
5883,1,500,0,0,150,3,150,3,2.37204e+06,148,2317.33,150,149
5884,1,500,0,0,150,3,150,3,2.52438e+06,148,2469.67,150,149
5885,1,500,0,0,150,3,150,3,2.56838e+06,148,2513.67,150,149
5886,1,500,0,0,150,3,150,3,2.59938e+06,148,2544.67,150,149
5887,1,500,0,0,150,3,150,3,2.54971e+06,148,2495,150,149
5888,1,500,0,0,150,3,150,3,2.69271e+06,148,2638,150,149
5889,1,500,0,0,150,3,150,3,2.55738e+06,148,2502.67,150,149
5890,1,500,0,0,150,3,150,3,2.43071e+06,148,2376,150,149
5891,1,500,0,0,150,3,150,3,2.53271e+06,148,2478,150,149
5892,1,500,0,0,150,3,150,3,2.56571e+06,148,2511,150,149
5893,1,500,0,0,150,3,150,3,2.59104e+06,148,2536.33,150,149
5894,1,500,0,0,150,3,150,3,2.43804e+06,148,2383.33,150,149
5895,1,500,0,0,150,3,150,3,2.38004e+06,148,2325.33,150,149
5896,1,500,0,0,150,3,150,3,2.58304e+06,148,2528.33,150,149
5897,1,500,0,0,150,3,150,3,2.47638e+06,148,2421.67,150,149
5898,1,500,0,0,150,3,150,3,2.74404e+06,148,2689.33,150,149
5899,1,500,0,0,150,3,150,3,2.65271e+06,148,2598,150,149
5900,1,500,0,0,150,3,150,3,2.48571e+06,148,2431,150,149
5901,1,500,0,0,150,3,150,3,2.40638e+06,148,2351.67,150,149
5902,1,500,0,0,150,3,150,3,2.30771e+06,148,2253,150,149
5903,1,500,0,0,150,3,150,3,2.35638e+06,148,2301.67,150,149
5904,1,500,0,0,150,3,150,3,2.42604e+06,148,2371.33,150,149
5905,1,500,0,0,150,3,150,3,2.46571e+06,148,2411,150,149
5906,1,500,0,0,150,3,150,3,2.53304e+06,148,2478.33,150,149
5907,1,500,0,0,150,3,150,3,2.51304e+06,148,2458.33,150,149
5908,1,500,0,0,150,3,150,3,2.52938e+06,148,2474.67,150,149
5909,1,500,0,0,150,3,150,3,2.39638e+06,148,2341.67,150,149
5910,1,500,0,0,150,3,150,3,2.57971e+06,148,2525,150,149
5911,1,500,0,0,150,3,150,3,2.47304e+06,148,2418.33,150,149
5912,1,500,0,0,150,3,150,3,2.39304e+06,148,2338.33,150,149
5913,1,500,0,0,150,3,150,3,2.22004e+06,148,2165.33,150,149
5914,1,500,0,0,150,3,150,3,2.63204e+06,148,2577.33,150,149
5915,1,500,0,0,150,3,150,3,2.41904e+06,148,2364.33,150,149
5916,1,500,0,0,150,3,150,3,2.44871e+06,148,2394,150,149
5917,1,500,0,0,150,3,150,3,2.43704e+06,148,2382.33,150,149
5918,1,500,0,0,150,3,150,3,2.43238e+06,148,2377.67,150,149
5919,1,500,0,0,150,3,150,3,2.38704e+06,148,2332.33,150,149
5920,1,500,0,0,150,3,150,3,2.52238e+06,148,2467.67,150,149
5921,1,500,0,0,150,3,150,3,2.52671e+06,148,2472,150,149
5922,1,500,0,0,150,3,150,3,2.39804e+06,148,2343.33,150,149
5923,1,500,0,0,150,3,150,3,2.40271e+06,148,2348,150,149
5924,1,500,0,0,150,3,150,3,2.73038e+06,148,2675.67,150,149
5925,1,500,0,0,150,3,150,3,2.59504e+06,148,2540.33,150,149
5926,1,500,0,0,150,3,150,3,2.47404e+06,148,2419.33,150,149
5927,1,500,0,0,150,3,150,3,2.38471e+06,148,2330,150,149
5928,1,500,0,0,150,3,150,3,2.30838e+06,148,2253.67,150,149
5929,1,500,0,0,150,3,150,3,2.65104e+06,148,2596.33,150,149
5930,1,500,0,0,150,3,150,3,2.54838e+06,148,2493.67,150,149
5931,1,500,0,0,150,3,150,3,2.29771e+06,148,2243,150,149
5932,1,500,0,0,150,3,150,3,2.41638e+06,148,2361.67,150,149
5933,1,500,0,0,150,3,150,3,2.50404e+06,148,2449.33,150,149
5934,1,500,0,0,150,3,150,3,2.39004e+06,148,2335.33,150,149
5935,1,500,0,0,150,3,150,3,2.35071e+06,148,2296,150,149
5936,1,500,0,0,150,3,150,3,2.43004e+06,148,2375.33,150,149
5937,1,500,0,0,150,3,150,3,2.46838e+06,148,2413.67,150,149
5938,1,500,0,0,150,3,150,3,2.38071e+06,148,2326,150,149
5939,1,500,0,0,150,3,150,3,2.16704e+06,148,2112.33,150,149
5940,1,500,0,0,150,3,150,3,2.40038e+06,148,2345.67,150,149
5941,1,500,0,0,150,3,150,3,2.52638e+06,148,2471.67,150,149
5942,1,500,0,0,150,3,150,3,2.54138e+06,148,2486.67,150,149
5943,1,500,0,0,150,3,150,3,2.68504e+06,148,2630.33,150,149
5944,1,500,0,0,150,3,150,3,2.36571e+06,148,2311,150,149
5945,1,500,0,0,150,3,150,3,2.38738e+06,148,2332.67,150,149
5946,1,500,0,0,150,3,150,3,2.40104e+06,148,2346.33,150,149
5947,1,500,0,0,150,3,150,3,2.55871e+06,148,2504,150,149
5948,1,500,0,0,150,3,150,3,2.54304e+06,148,2488.33,150,149
5949,1,500,0,0,150,3,150,3,2.60204e+06,148,2547.33,150,149
5950,1,500,0,0,150,3,150,3,2.56904e+06,148,2514.33,150,149
5951,1,500,0,0,150,3,150,3,2.57038e+06,148,2515.67,150,149
5952,1,500,0,0,150,3,150,3,2.52271e+06,148,2468,150,149
5953,1,500,0,0,150,3,150,3,2.34604e+06,148,2291.33,150,149
5954,1,500,0,0,150,3,150,3,2.38904e+06,148,2334.33,150,149
5955,1,500,0,0,150,3,150,3,2.71938e+06,148,2664.67,150,149
5956,1,500,0,0,150,3,150,3,2.54604e+06,148,2491.33,150,149
5957,1,500,0,0,150,3,150,3,2.64704e+06,148,2592.33,150,149
5958,1,500,0,0,150,3,150,3,2.68204e+06,148,2627.33,150,149
5959,1,500,0,0,150,3,150,3,2.43304e+06,148,2378.33,150,149
5960,1,500,0,0,150,3,150,3,2.47638e+06,148,2421.67,150,149
5961,1,500,0,0,150,3,150,3,2.52971e+06,148,2475,150,149
5962,1,500,0,0,150,3,150,3,2.55271e+06,148,2498,150,149
5963,1,500,0,0,150,3,150,3,2.49938e+06,148,2444.67,150,149
5964,1,500,0,0,150,3,150,3,2.40671e+06,148,2352,150,149
5965,1,500,0,0,150,3,150,3,2.66071e+06,148,2606,150,149
5966,1,500,0,0,150,3,150,3,2.44938e+06,148,2394.67,150,149
5967,1,500,0,0,150,3,150,3,2.54171e+06,148,2487,150,149
5968,1,500,0,0,150,3,150,3,2.65271e+06,148,2598,150,149
5969,1,500,0,0,150,3,150,3,2.41104e+06,148,2356.33,150,149
5970,1,500,0,0,150,3,150,3,2.53238e+06,148,2477.67,150,149
5971,1,500,0,0,150,3,150,3,2.58138e+06,148,2526.67,150,149
5972,1,500,0,0,150,3,150,3,2.57138e+06,148,2516.67,150,149
5973,1,500,0,0,150,3,150,3,2.45404e+06,148,2399.33,150,149
5974,1,500,0,0,150,3,150,3,2.54171e+06,148,2487,150,149
5975,1,500,0,0,150,3,150,3,2.63838e+06,148,2583.67,150,149
5976,1,500,0,0,150,3,150,3,2.51204e+06,148,2457.33,150,149
5977,1,500,0,0,150,3,150,3,2.43404e+06,148,2379.33,150,149
5978,1,500,0,0,150,3,150,3,2.67504e+06,148,2620.33,150,149
5979,1,500,0,0,150,3,150,3,2.50104e+06,148,2446.33,150,149
5980,1,500,0,0,150,3,150,3,2.40204e+06,148,2347.33,150,149
5981,1,500,0,0,150,3,150,3,2.61104e+06,148,2556.33,150,149
5982,1,500,0,0,150,3,150,3,2.48671e+06,148,2432,150,149
5983,1,500,0,0,150,3,150,3,2.55704e+06,148,2502.33,150,149
5984,1,500,0,0,150,3,150,3,2.63638e+06,148,2581.67,150,149
5985,1,500,0,0,150,3,150,3,2.53104e+06,148,2476.33,150,149
5986,1,500,0,0,150,3,150,3,2.54271e+06,148,2488,150,149
5987,1,500,0,0,150,3,150,3,2.61838e+06,148,2563.67,150,149
5988,1,500,0,0,150,3,150,3,2.42604e+06,148,2371.33,150,149
5989,1,500,0,0,150,3,150,3,2.55138e+06,148,2496.67,150,149
5990,1,500,0,0,150,3,150,3,2.32671e+06,148,2272,150,149
5991,1,500,0,0,150,3,150,3,2.49638e+06,148,2441.67,150,149
5992,1,500,0,0,150,3,150,3,2.52504e+06,148,2470.33,150,149
5993,1,500,0,0,150,3,150,3,2.47538e+06,148,2420.67,150,149
5994,1,500,0,0,150,3,150,3,2.52538e+06,148,2470.67,150,149
5995,1,500,0,0,150,3,150,3,2.60371e+06,148,2549,150,149
5996,1,500,0,0,150,3,150,3,2.60604e+06,148,2551.33,150,149
5997,1,500,0,0,150,3,150,3,2.62904e+06,148,2574.33,150,149
5998,1,500,0,0,150,3,150,3,2.34838e+06,148,2293.67,150,149
5999,1,500,0,0,150,3,150,3,2.37638e+06,148,2321.67,150,149
6000,1,500,0,0,150,3,150,3,2.42704e+06,148,2372.33,150,149
6001,1,500,0,0,150,3,150,3,2.59838e+06,148,2543.67,150,149
6002,1,500,0,0,150,3,150,3,2.33671e+06,148,2282,150,149
6003,1,500,0,0,150,3,150,3,2.32538e+06,148,2270.67,150,149
6004,1,500,0,0,150,3,150,3,2.62004e+06,148,2565.33,150,149
6005,1,500,0,0,150,3,150,3,2.41038e+06,148,2355.67,150,149
6006,1,500,0,0,150,3,150,3,2.63804e+06,148,2583.33,150,149
6007,1,500,0,0,150,3,150,3,2.42504e+06,148,2370.33,150,149
6008,1,500,0,0,150,3,150,3,2.39171e+06,148,2337,150,149
6009,1,500,0,0,150,3,150,3,2.61871e+06,148,2564,150,149
6010,1,500,0,0,150,3,150,3,2.40471e+06,148,2350,150,149
6011,1,500,0,0,150,3,150,3,2.47404e+06,148,2419.33,150,149
6012,1,500,0,0,150,3,150,3,2.69638e+06,148,2641.67,150,149
6013,1,500,0,0,150,3,150,3,2.38304e+06,148,2328.33,150,149
6014,1,500,0,0,150,3,150,3,2.32538e+06,148,2270.67,150,149
6015,1,500,0,0,150,3,150,3,2.33004e+06,148,2275.33,150,149
6016,1,500,0,0,150,3,150,3,2.31704e+06,148,2262.33,150,149
6017,1,500,0,0,150,3,150,3,2.53538e+06,148,2480.67,150,149
6018,1,500,0,0,150,3,150,3,2.35138e+06,148,2296.67,150,149
6019,1,500,0,0,150,3,150,3,2.35871e+06,148,2304,150,149
6020,1,500,0,0,150,3,150,3,2.64671e+06,148,2592,150,149
6021,1,500,0,0,150,3,150,3,2.28571e+06,148,2231,150,149
6022,1,500,0,0,150,3,150,3,2.46871e+06,148,2414,150,149
6023,1,500,0,0,150,3,150,3,2.38738e+06,148,2332.67,150,149
6024,1,500,0,0,150,3,150,3,2.48371e+06,148,2429,150,149
6025,1,500,0,0,150,3,150,3,2.65771e+06,148,2603,150,149
6026,1,500,0,0,150,3,150,3,2.62738e+06,148,2572.67,150,149
6027,1,500,0,0,150,3,150,3,2.36838e+06,148,2313.67,150,149
6028,1,500,0,0,150,3,150,3,2.36871e+06,148,2314,150,149
6029,1,500,0,0,150,3,150,3,2.63971e+06,148,2585,150,149
6030,1,500,0,0,150,3,150,3,2.37538e+06,148,2320.67,150,149
6031,1,500,0,0,150,3,150,3,2.17638e+06,148,2121.67,150,149
6032,1,500,0,0,150,3,150,3,2.52571e+06,148,2471,150,149
6033,1,500,0,0,150,3,150,3,2.44771e+06,148,2393,150,149
6034,1,500,0,0,150,3,150,3,2.65071e+06,148,2596,150,149
6035,1,500,0,0,150,3,150,3,2.63871e+06,148,2584,150,149
6036,1,500,0,0,150,3,150,3,2.56171e+06,148,2507,150,149
6037,1,500,0,0,150,3,150,3,2.60338e+06,148,2548.67,150,149
6038,1,500,0,0,150,3,150,3,2.48404e+06,148,2429.33,150,149
6039,1,500,0,0,150,3,150,3,2.27771e+06,148,2223,150,149
6040,1,500,0,0,150,3,150,3,2.41304e+06,148,2358.33,150,149
6041,1,500,0,0,150,3,150,3,2.64304e+06,148,2588.33,150,149
6042,1,500,0,0,150,3,150,3,2.63038e+06,148,2575.67,150,149
6043,1,500,0,0,150,3,150,3,2.44371e+06,148,2389,150,149
6044,1,500,0,0,150,3,150,3,2.42804e+06,148,2373.33,150,149
6045,1,500,0,0,150,3,150,3,2.38404e+06,148,2329.33,150,149
6046,1,500,0,0,150,3,150,3,2.43071e+06,148,2376,150,149
6047,1,500,0,0,150,3,150,3,2.66371e+06,148,2609,150,149
6048,1,500,0,0,150,3,150,3,2.52771e+06,148,2473,150,149
6049,1,500,0,0,150,3,150,3,2.66671e+06,148,2612,150,149
6050,1,500,0,0,150,3,150,3,2.23504e+06,148,2180.33,150,149
6051,1,500,0,0,150,3,150,3,2.58004e+06,148,2525.33,150,149
6052,1,500,0,0,150,3,150,3,2.47471e+06,148,2420,150,149
6053,1,500,0,0,150,3,150,3,2.39038e+06,148,2335.67,150,149
6054,1,500,0,0,150,3,150,3,2.50771e+06,148,2453,150,149
6055,1,500,0,0,150,3,150,3,2.49338e+06,148,2438.67,150,149
6056,1,500,0,0,150,3,150,3,2.17738e+06,148,2122.67,150,149
6057,1,500,0,0,150,3,150,3,2.30704e+06,148,2252.33,150,149
6058,1,500,0,0,150,3,150,3,2.52171e+06,148,2467,150,149
6059,1,500,0,0,150,3,150,3,2.16004e+06,148,2105.33,150,149
6060,1,500,0,0,150,3,150,3,2.52604e+06,148,2471.33,150,149
6061,1,500,0,0,150,3,150,3,2.54804e+06,148,2493.33,150,149
6062,1,500,0,0,150,3,150,3,2.61038e+06,148,2555.67,150,149
6063,1,500,0,0,150,3,150,3,2.62771e+06,148,2573,150,149
6064,1,500,0,0,150,3,150,3,2.63871e+06,148,2584,150,149
6065,1,500,0,0,150,3,150,3,2.59204e+06,148,2537.33,150,149
6066,1,500,0,0,150,3,150,3,2.64038e+06,148,2585.67,150,149
6067,1,500,0,0,150,3,150,3,2.46638e+06,148,2411.67,150,149
6068,1,500,0,0,150,3,150,3,2.40471e+06,148,2350,150,149
6069,1,500,0,0,150,3,150,3,2.25504e+06,148,2200.33,150,149
6070,1,500,0,0,150,3,150,3,2.35504e+06,148,2300.33,150,149
6071,1,500,0,0,150,3,150,3,2.51971e+06,148,2465,150,149
6072,1,500,0,0,150,3,150,3,2.36638e+06,148,2311.67,150,149
6073,1,500,0,0,150,3,150,3,2.48804e+06,148,2433.33,150,149
6074,1,500,0,0,150,3,150,3,2.37771e+06,148,2323,150,149
6075,1,500,0,0,150,3,150,3,2.19604e+06,148,2141.33,150,149
6076,1,500,0,0,150,3,150,3,2.43671e+06,148,2382,150,149
6077,1,500,0,0,150,3,150,3,2.51704e+06,148,2462.33,150,149
6078,1,500,0,0,150,3,150,3,2.50738e+06,148,2452.67,150,149
6079,1,500,0,0,150,3,150,3,2.48938e+06,148,2434.67,150,149
6080,1,500,0,0,150,3,150,3,2.34404e+06,148,2289.33,150,149
6081,1,500,0,0,150,3,150,3,2.55204e+06,148,2497.33,150,149
6082,1,500,0,0,150,3,150,3,2.26304e+06,148,2208.33,150,149
6083,1,500,0,0,150,3,150,3,2.56238e+06,148,2507.67,150,149
6084,1,500,0,0,150,3,150,3,2.56004e+06,148,2505.33,150,149
6085,1,500,0,0,150,3,150,3,2.55838e+06,148,2503.67,150,149
6086,1,500,0,0,150,3,150,3,2.59071e+06,148,2536,150,149
6087,1,500,0,0,150,3,150,3,2.35104e+06,148,2296.33,150,149
6088,1,500,0,0,150,3,150,3,2.37604e+06,148,2321.33,150,149
6089,1,500,0,0,150,3,150,3,2.40471e+06,148,2350,150,149
6090,1,500,0,0,150,3,150,3,2.44071e+06,148,2386,150,149
6091,1,500,0,0,150,3,150,3,2.52504e+06,148,2470.33,150,149
6092,1,500,0,0,150,3,150,3,2.46971e+06,148,2415,150,149
6093,1,500,0,0,150,3,150,3,2.50038e+06,148,2445.67,150,149
6094,1,500,0,0,150,3,150,3,2.49338e+06,148,2438.67,150,149
6095,1,500,0,0,150,3,150,3,2.42604e+06,148,2371.33,150,149
6096,1,500,0,0,150,3,150,3,2.39038e+06,148,2335.67,150,149
6097,1,500,0,0,150,3,150,3,2.50804e+06,148,2453.33,150,149
6098,1,500,0,0,150,3,150,3,2.57371e+06,148,2519,150,149
6099,1,500,0,0,150,3,150,3,2.68638e+06,148,2631.67,150,149
6100,1,500,0,0,150,3,150,3,2.52404e+06,148,2469.33,150,149
6101,1,500,0,0,150,3,150,3,2.42304e+06,148,2368.33,150,149
6102,1,500,0,0,150,3,150,3,2.50338e+06,148,2448.67,150,149
6103,1,500,0,0,150,3,150,3,2.50704e+06,148,2452.33,150,149
6104,1,500,0,0,150,3,150,3,2.38738e+06,148,2332.67,150,149
6105,1,500,0,0,150,3,150,3,2.54104e+06,148,2486.33,150,149
6106,1,500,0,0,150,3,150,3,2.33204e+06,148,2277.33,150,149
6107,1,500,0,0,150,3,150,3,2.45204e+06,148,2397.33,150,149
6108,1,500,0,0,150,3,150,3,2.68338e+06,148,2628.67,150,149
6109,1,500,0,0,150,3,150,3,2.54438e+06,148,2489.67,150,149
6110,1,500,0,0,150,3,150,3,2.38404e+06,148,2329.33,150,149
6111,1,500,0,0,150,3,150,3,2.46804e+06,148,2413.33,150,149
6112,1,500,0,0,150,3,150,3,2.75304e+06,148,2698.33,150,149
6113,1,500,0,0,150,3,150,3,2.36438e+06,148,2309.67,150,149
6114,1,500,0,0,150,3,150,3,2.39604e+06,148,2341.33,150,149
6115,1,500,0,0,150,3,150,3,2.64971e+06,148,2595,150,149
6116,1,500,0,0,150,3,150,3,2.41671e+06,148,2362,150,149
6117,1,500,0,0,150,3,150,3,2.58471e+06,148,2530,150,149
6118,1,500,0,0,150,3,150,3,2.35004e+06,148,2295.33,150,149
6119,1,500,0,0,150,3,150,3,2.41038e+06,148,2355.67,150,149
6120,1,500,0,0,150,3,150,3,2.45871e+06,148,2404,150,149
6121,1,500,0,0,150,3,150,3,2.56338e+06,148,2508.67,150,149
6122,1,500,0,0,150,3,150,3,2.58371e+06,148,2529,150,149
6123,1,500,0,0,150,3,150,3,2.54038e+06,148,2485.67,150,149
6124,1,500,0,0,150,3,150,3,2.28338e+06,148,2228.67,150,149
6125,1,500,0,0,150,3,150,3,2.48038e+06,148,2425.67,150,149
6126,1,500,0,0,150,3,150,3,2.40371e+06,148,2349,150,149
6127,1,500,0,0,150,3,150,3,2.58171e+06,148,2527,150,149
6128,1,500,0,0,150,3,150,3,2.48638e+06,148,2431.67,150,149
6129,1,500,0,0,150,3,150,3,2.78371e+06,148,2729,150,149
6130,1,500,0,0,150,3,150,3,2.58904e+06,148,2534.33,150,149
6131,1,500,0,0,150,3,150,3,2.26971e+06,148,2215,150,149
6132,1,500,0,0,150,3,150,3,2.38604e+06,148,2331.33,150,149
6133,1,500,0,0,150,3,150,3,2.81104e+06,148,2756.33,150,149
6134,1,500,0,0,150,3,150,3,2.40204e+06,148,2347.33,150,149
6135,1,500,0,0,150,3,150,3,2.38738e+06,148,2332.67,150,149
6136,1,500,0,0,150,3,150,3,2.52471e+06,148,2470,150,149
6137,1,500,0,0,150,3,150,3,2.33738e+06,148,2282.67,150,149
6138,1,500,0,0,150,3,150,3,2.45738e+06,148,2402.67,150,149
6139,1,500,0,0,150,3,150,3,2.41571e+06,148,2361,150,149
6140,1,500,0,0,150,3,150,3,2.34938e+06,148,2294.67,150,149
6141,1,500,0,0,150,3,150,3,2.52304e+06,148,2468.33,150,149
6142,1,500,0,0,150,3,150,3,2.47204e+06,148,2417.33,150,149
6143,1,500,0,0,150,3,150,3,2.37938e+06,148,2324.67,150,149
6144,1,500,0,0,150,3,150,3,2.52304e+06,148,2468.33,150,149
6145,1,500,0,0,150,3,150,3,2.56104e+06,148,2506.33,150,149
6146,1,500,0,0,150,3,150,3,2.57438e+06,148,2519.67,150,149
6147,1,500,0,0,150,3,150,3,2.21471e+06,148,2160,150,149
6148,1,500,0,0,150,3,150,3,2.52038e+06,148,2465.67,150,149
6149,1,500,0,0,150,3,150,3,2.70738e+06,148,2652.67,150,149
6150,1,500,0,0,150,3,150,3,2.48204e+06,148,2427.33,150,149
6151,1,500,0,0,150,3,150,3,2.31304e+06,148,2258.33,150,149
6152,1,500,0,0,150,3,150,3,2.45504e+06,148,2400.33,150,149
6153,1,500,0,0,150,3,150,3,2.48004e+06,148,2425.33,150,149
6154,1,500,0,0,150,3,150,3,2.35238e+06,148,2297.67,150,149
6155,1,500,0,0,150,3,150,3,2.51804e+06,148,2463.33,150,149
6156,1,500,0,0,150,3,150,3,2.56438e+06,148,2509.67,150,149
6157,1,500,0,0,150,3,150,3,2.50838e+06,148,2453.67,150,149
6158,1,500,0,0,150,3,150,3,2.62004e+06,148,2565.33,150,149
6159,1,500,0,0,150,3,150,3,2.48304e+06,148,2428.33,150,149
6160,1,500,0,0,150,3,150,3,2.57471e+06,148,2520,150,149
6161,1,500,0,0,150,3,150,3,2.47904e+06,148,2424.33,150,149
6162,1,500,0,0,150,3,150,3,2.58771e+06,148,2533,150,149
6163,1,500,0,0,150,3,150,3,2.29271e+06,148,2238,150,149
6164,1,500,0,0,150,3,150,3,2.55804e+06,148,2503.33,150,149
6165,1,500,0,0,150,3,150,3,2.41138e+06,148,2356.67,150,149
6166,1,500,0,0,150,3,150,3,2.25838e+06,148,2203.67,150,149
6167,1,500,0,0,150,3,150,3,2.42871e+06,148,2374,150,149
6168,1,500,0,0,150,3,150,3,2.56171e+06,148,2507,150,149
6169,1,500,0,0,150,3,150,3,2.39671e+06,148,2342,150,149
6170,1,500,0,0,150,3,150,3,2.36038e+06,148,2305.67,150,149
6171,1,500,0,0,150,3,150,3,2.30471e+06,148,2250,150,149
6172,1,500,0,0,150,3,150,3,2.63138e+06,148,2576.67,150,149
6173,1,500,0,0,150,3,150,3,2.32371e+06,148,2269,150,149
6174,1,500,0,0,150,3,150,3,2.45704e+06,148,2402.33,150,149
6175,1,500,0,0,150,3,150,3,2.62538e+06,148,2570.67,150,149
6176,1,500,0,0,150,3,150,3,2.42671e+06,148,2372,150,149
6177,1,500,0,0,150,3,150,3,2.30304e+06,148,2248.33,150,149
6178,1,500,0,0,150,3,150,3,2.52871e+06,148,2474,150,149
6179,1,500,0,0,150,3,150,3,2.62938e+06,148,2574.67,150,149
6180,1,500,0,0,150,3,150,3,2.52771e+06,148,2473,150,149
6181,1,500,0,0,150,3,150,3,2.41838e+06,148,2363.67,150,149
6182,1,500,0,0,150,3,150,3,2.32104e+06,148,2266.33,150,149
6183,1,500,0,0,150,3,150,3,2.67204e+06,148,2617.33,150,149
6184,1,500,0,0,150,3,150,3,2.53804e+06,148,2483.33,150,149
6185,1,500,0,0,150,3,150,3,2.72338e+06,148,2668.67,150,149
6186,1,500,0,0,150,3,150,3,2.35804e+06,148,2303.33,150,149
6187,1,500,0,0,150,3,150,3,2.30238e+06,148,2247.67,150,149
6188,1,500,0,0,150,3,150,3,2.56171e+06,148,2507,150,149
6189,1,500,0,0,150,3,150,3,2.38404e+06,148,2329.33,150,149
6190,1,500,0,0,150,3,150,3,2.54104e+06,148,2486.33,150,149
6191,1,500,0,0,150,3,150,3,2.63204e+06,148,2577.33,150,149
6192,1,500,0,0,150,3,150,3,2.59904e+06,148,2544.33,150,149
6193,1,500,0,0,150,3,150,3,2.53838e+06,148,2483.67,150,149
6194,1,500,0,0,150,3,150,3,2.55338e+06,148,2498.67,150,149
6195,1,500,0,0,150,3,150,3,2.52971e+06,148,2475,150,149
6196,1,500,0,0,150,3,150,3,2.34238e+06,148,2287.67,150,149
6197,1,500,0,0,150,3,150,3,2.56738e+06,148,2512.67,150,149
6198,1,500,0,0,150,3,150,3,2.52204e+06,148,2467.33,150,149
6199,1,500,0,0,150,3,150,3,2.31871e+06,148,2264,150,149
6200,1,500,0,0,150,3,150,3,2.39704e+06,148,2342.33,150,149
6201,1,500,0,0,150,3,150,3,2.34771e+06,148,2293,150,149
6202,1,500,0,0,150,3,150,3,2.59604e+06,148,2541.33,150,149
6203,1,500,0,0,150,3,150,3,2.43838e+06,148,2383.67,150,149
6204,1,500,0,0,150,3,150,3,2.34838e+06,148,2293.67,150,149
6205,1,500,0,0,150,3,150,3,2.40904e+06,148,2354.33,150,149
6206,1,500,0,0,150,3,150,3,2.36404e+06,148,2309.33,150,149
6207,1,500,0,0,150,3,150,3,2.18504e+06,148,2130.33,150,149
6208,1,500,0,0,150,3,150,3,2.63638e+06,148,2581.67,150,149
6209,1,500,0,0,150,3,150,3,2.40604e+06,148,2351.33,150,149
6210,1,500,0,0,150,3,150,3,2.54871e+06,148,2494,150,149
6211,1,500,0,0,150,3,150,3,2.54971e+06,148,2495,150,149
6212,1,500,0,0,150,3,150,3,2.48138e+06,148,2426.67,150,149
6213,1,500,0,0,150,3,150,3,2.37104e+06,148,2316.33,150,149
6214,1,500,0,0,150,3,150,3,2.57904e+06,148,2524.33,150,149
6215,1,500,0,0,150,3,150,3,2.55671e+06,148,2502,150,149
6216,1,500,0,0,150,3,150,3,2.54004e+06,148,2485.33,150,149
6217,1,500,0,0,150,3,150,3,2.73804e+06,148,2683.33,150,149
6218,1,500,0,0,150,3,150,3,2.46271e+06,148,2408,150,149
6219,1,500,0,0,150,3,150,3,2.70938e+06,148,2654.67,150,149
6220,1,500,0,0,150,3,150,3,2.40804e+06,148,2353.33,150,149
6221,1,500,0,0,150,3,150,3,2.43104e+06,148,2376.33,150,149
6222,1,500,0,0,150,3,150,3,2.60304e+06,148,2548.33,150,149
6223,1,500,0,0,150,3,150,3,2.35704e+06,148,2302.33,150,149
6224,1,500,0,0,150,3,150,3,2.42138e+06,148,2366.67,150,149
6225,1,500,0,0,150,3,150,3,2.40871e+06,148,2354,150,149
6226,1,500,0,0,150,3,150,3,2.56271e+06,148,2508,150,149
6227,1,500,0,0,150,3,150,3,2.55404e+06,148,2499.33,150,149
6228,1,500,0,0,150,3,150,3,2.50604e+06,148,2451.33,150,149
6229,1,500,0,0,150,3,150,3,2.59371e+06,148,2539,150,149
6230,1,500,0,0,150,3,150,3,2.53604e+06,148,2481.33,150,149
6231,1,500,0,0,150,3,150,3,2.58938e+06,148,2534.67,150,149
6232,1,500,0,0,150,3,150,3,2.43138e+06,148,2376.67,150,149
6233,1,500,0,0,150,3,150,3,2.29104e+06,148,2236.33,150,149
6234,1,500,0,0,150,3,150,3,2.66071e+06,148,2606,150,149
6235,1,500,0,0,150,3,150,3,2.55971e+06,148,2505,150,149
6236,1,500,0,0,150,3,150,3,2.51804e+06,148,2463.33,150,149
6237,1,500,0,0,150,3,150,3,2.47204e+06,148,2417.33,150,149
6238,1,500,0,0,150,3,150,3,2.67571e+06,148,2621,150,149
6239,1,500,0,0,150,3,150,3,2.34371e+06,148,2289,150,149
6240,1,500,0,0,150,3,150,3,2.41638e+06,148,2361.67,150,149
6241,1,500,0,0,150,3,150,3,2.27704e+06,148,2222.33,150,149
6242,1,500,0,0,150,3,150,3,2.57871e+06,148,2524,150,149
6243,1,500,0,0,150,3,150,3,2.41438e+06,148,2359.67,150,149
6244,1,500,0,0,150,3,150,3,2.47938e+06,148,2424.67,150,149
6245,1,500,0,0,150,3,150,3,2.35804e+06,148,2303.33,150,149
6246,1,500,0,0,150,3,150,3,2.64804e+06,148,2593.33,150,149
6247,1,500,0,0,150,3,150,3,2.33871e+06,148,2284,150,149
6248,1,500,0,0,150,3,150,3,2.36571e+06,148,2311,150,149
6249,1,500,0,0,150,3,150,3,2.45738e+06,148,2402.67,150,149
6250,1,500,0,0,150,3,150,3,2.31338e+06,148,2258.67,150,149
6251,1,500,0,0,150,3,150,3,2.47638e+06,148,2421.67,150,149
6252,1,500,0,0,150,3,150,3,2.40504e+06,148,2350.33,150,149
6253,1,500,0,0,150,3,150,3,2.75038e+06,148,2695.67,150,149
6254,1,500,0,0,150,3,150,3,2.49104e+06,148,2436.33,150,149
6255,1,500,0,0,150,3,150,3,2.50804e+06,148,2453.33,150,149
6256,1,500,0,0,150,3,150,3,2.53438e+06,148,2479.67,150,149
6257,1,500,0,0,150,3,150,3,2.51671e+06,148,2462,150,149
6258,1,500,0,0,150,3,150,3,2.42604e+06,148,2371.33,150,149
6259,1,500,0,0,150,3,150,3,2.50304e+06,148,2448.33,150,149
6260,1,500,0,0,150,3,150,3,2.51471e+06,148,2460,150,149
6261,1,500,0,0,150,3,150,3,2.47904e+06,148,2424.33,150,149
6262,1,500,0,0,150,3,150,3,2.58004e+06,148,2525.33,150,149
6263,1,500,0,0,150,3,150,3,2.47404e+06,148,2419.33,150,149
6264,1,500,0,0,150,3,150,3,2.38704e+06,148,2332.33,150,149
6265,1,500,0,0,150,3,150,3,2.31871e+06,148,2264,150,149
6266,1,500,0,0,150,3,150,3,2.29938e+06,148,2244.67,150,149
6267,1,500,0,0,150,3,150,3,2.60471e+06,148,2550,150,149
6268,1,500,0,0,150,3,150,3,2.26171e+06,148,2207,150,149
6269,1,500,0,0,150,3,150,3,2.43038e+06,148,2375.67,150,149
6270,1,500,0,0,150,3,150,3,2.53938e+06,148,2484.67,150,149
6271,1,500,0,0,150,3,150,3,2.51104e+06,148,2456.33,150,149
6272,1,500,0,0,150,3,150,3,2.46371e+06,148,2409,150,149
6273,1,500,0,0,150,3,150,3,2.47271e+06,148,2418,150,149
6274,1,500,0,0,150,3,150,3,2.70438e+06,148,2649.67,150,149
6275,1,500,0,0,150,3,150,3,2.65971e+06,148,2605,150,149
6276,1,500,0,0,150,3,150,3,2.33238e+06,148,2277.67,150,149
6277,1,500,0,0,150,3,150,3,2.50704e+06,148,2452.33,150,149
6278,1,500,0,0,150,3,150,3,2.49604e+06,148,2441.33,150,149
6279,1,500,0,0,150,3,150,3,2.44104e+06,148,2386.33,150,149
6280,1,500,0,0,150,3,150,3,2.53938e+06,148,2484.67,150,149
6281,1,500,0,0,150,3,150,3,2.32804e+06,148,2273.33,150,149
6282,1,500,0,0,150,3,150,3,2.39304e+06,148,2338.33,150,149
6283,1,500,0,0,150,3,150,3,2.66404e+06,148,2609.33,150,149
6284,1,500,0,0,150,3,150,3,2.50138e+06,148,2446.67,150,149
6285,1,500,0,0,150,3,150,3,2.44304e+06,148,2388.33,150,149
6286,1,500,0,0,150,3,150,3,2.40471e+06,148,2350,150,149
6287,1,500,0,0,150,3,150,3,2.36971e+06,148,2315,150,149
6288,1,500,0,0,150,3,150,3,2.47604e+06,148,2421.33,150,149
6289,1,500,0,0,150,3,150,3,2.78071e+06,148,2726,150,149
6290,1,500,0,0,150,3,150,3,2.23404e+06,148,2179.33,150,149
6291,1,500,0,0,150,3,150,3,2.53371e+06,148,2479,150,149
6292,1,500,0,0,150,3,150,3,2.39438e+06,148,2339.67,150,149
6293,1,500,0,0,150,3,150,3,2.40471e+06,148,2350,150,149
6294,1,500,0,0,150,3,150,3,2.70704e+06,148,2652.33,150,149
6295,1,500,0,0,150,3,150,3,2.61871e+06,148,2564,150,149
6296,1,500,0,0,150,3,150,3,2.38238e+06,148,2327.67,150,149
6297,1,500,0,0,150,3,150,3,2.53204e+06,148,2477.33,150,149
6298,1,500,0,0,150,3,150,3,2.39871e+06,148,2344,150,149
6299,1,500,0,0,150,3,150,3,2.59671e+06,148,2542,150,149
6300,1,500,0,0,150,3,150,3,2.21538e+06,148,2160.67,150,149
6301,1,500,0,0,150,3,150,3,2.58938e+06,148,2534.67,150,149
6302,1,500,0,0,150,3,150,3,2.21904e+06,148,2164.33,150,149
6303,1,500,0,0,150,3,150,3,2.37771e+06,148,2323,150,149
6304,1,500,0,0,150,3,150,3,2.64804e+06,148,2593.33,150,149
6305,1,500,0,0,150,3,150,3,2.60671e+06,148,2552,150,149
6306,1,500,0,0,150,3,150,3,2.39571e+06,148,2341,150,149
6307,1,500,0,0,150,3,150,3,2.34771e+06,148,2293,150,149
6308,1,500,0,0,150,3,150,3,2.51671e+06,148,2462,150,149
6309,1,500,0,0,150,3,150,3,2.18004e+06,148,2125.33,150,149
6310,1,500,0,0,150,3,150,3,2.24504e+06,148,2190.33,150,149
6311,1,500,0,0,150,3,150,3,2.31438e+06,148,2259.67,150,149
6312,1,500,0,0,150,3,150,3,2.66138e+06,148,2606.67,150,149
6313,1,500,0,0,150,3,150,3,2.40338e+06,148,2348.67,150,149
6314,1,500,0,0,150,3,150,3,2.55471e+06,148,2500,150,149
6315,1,500,0,0,150,3,150,3,2.49138e+06,148,2436.67,150,149
6316,1,500,0,0,150,3,150,3,2.49238e+06,148,2437.67,150,149
6317,1,500,0,0,150,3,150,3,2.60638e+06,148,2551.67,150,149
6318,1,500,0,0,150,3,150,3,2.65471e+06,148,2600,150,149
6319,1,500,0,0,150,3,150,3,2.35038e+06,148,2295.67,150,149
6320,1,500,0,0,150,3,150,3,2.42971e+06,148,2375,150,149
6321,1,500,0,0,150,3,150,3,2.37071e+06,148,2316,150,149
6322,1,500,0,0,150,3,150,3,2.46538e+06,148,2410.67,150,149
6323,1,500,0,0,150,3,150,3,2.41671e+06,148,2362,150,149
6324,1,500,0,0,150,3,150,3,2.42204e+06,148,2367.33,150,149
6325,1,500,0,0,150,3,150,3,2.53871e+06,148,2484,150,149
6326,1,500,0,0,150,3,150,3,2.35971e+06,148,2305,150,149
6327,1,500,0,0,150,3,150,3,2.34338e+06,148,2288.67,150,149
6328,1,500,0,0,150,3,150,3,2.46204e+06,148,2407.33,150,149
6329,1,500,0,0,150,3,150,3,2.46671e+06,148,2412,150,149
6330,1,500,0,0,150,3,150,3,2.63238e+06,148,2577.67,150,149
6331,1,500,0,0,150,3,150,3,2.61504e+06,148,2560.33,150,149
6332,1,500,0,0,150,3,150,3,2.64671e+06,148,2592,150,149
6333,1,500,0,0,150,3,150,3,2.50838e+06,148,2453.67,150,149
6334,1,500,0,0,150,3,150,3,2.75838e+06,148,2703.67,150,149
6335,1,500,0,0,150,3,150,3,2.47138e+06,148,2416.67,150,149
6336,1,500,0,0,150,3,150,3,2.52871e+06,148,2474,150,149
6337,1,500,0,0,150,3,150,3,2.49171e+06,148,2437,150,149
6338,1,500,0,0,150,3,150,3,2.51138e+06,148,2456.67,150,149
6339,1,500,0,0,150,3,150,3,2.29038e+06,148,2235.67,150,149
6340,1,500,0,0,150,3,150,3,2.46738e+06,148,2412.67,150,149
6341,1,500,0,0,150,3,150,3,2.44071e+06,148,2386,150,149
6342,1,500,0,0,150,3,150,3,2.48571e+06,148,2431,150,149
6343,1,500,0,0,150,3,150,3,2.60371e+06,148,2549,150,149
6344,1,500,0,0,150,3,150,3,2.50271e+06,148,2448,150,149
6345,1,500,0,0,150,3,150,3,2.17838e+06,148,2123.67,150,149
6346,1,500,0,0,150,3,150,3,2.36104e+06,148,2306.33,150,149
6347,1,500,0,0,150,3,150,3,2.73638e+06,148,2681.67,150,149
6348,1,500,0,0,150,3,150,3,2.39771e+06,148,2343,150,149
6349,1,500,0,0,150,3,150,3,2.46704e+06,148,2412.33,150,149
6350,1,500,0,0,150,3,150,3,2.52871e+06,148,2474,150,149
6351,1,500,0,0,150,3,150,3,2.68238e+06,148,2627.67,150,149
6352,1,500,0,0,150,3,150,3,2.50104e+06,148,2446.33,150,149
6353,1,500,0,0,150,3,150,3,2.41838e+06,148,2363.67,150,149
6354,1,500,0,0,150,3,150,3,2.46171e+06,148,2407,150,149
6355,1,500,0,0,150,3,150,3,2.53971e+06,148,2485,150,149
6356,1,500,0,0,150,3,150,3,2.42571e+06,148,2371,150,149
6357,1,500,0,0,150,3,150,3,2.54804e+06,148,2493.33,150,149
6358,1,500,0,0,150,3,150,3,2.49171e+06,148,2437,150,149
6359,1,500,0,0,150,3,150,3,2.22038e+06,148,2165.67,150,149
6360,1,500,0,0,150,3,150,3,2.40004e+06,148,2345.33,150,149
6361,1,500,0,0,150,3,150,3,2.60971e+06,148,2555,150,149
6362,1,500,0,0,150,3,150,3,2.49138e+06,148,2436.67,150,149
6363,1,500,0,0,150,3,150,3,2.29504e+06,148,2240.33,150,149
6364,1,500,0,0,150,3,150,3,2.31904e+06,148,2264.33,150,149
6365,1,500,0,0,150,3,150,3,2.43538e+06,148,2380.67,150,149
6366,1,500,0,0,150,3,150,3,2.47438e+06,148,2419.67,150,149
6367,1,500,0,0,150,3,150,3,2.33371e+06,148,2279,150,149
6368,1,500,0,0,150,3,150,3,2.55304e+06,148,2498.33,150,149
6369,1,500,0,0,150,3,150,3,2.59004e+06,148,2535.33,150,149
6370,1,500,0,0,150,3,150,3,2.52604e+06,148,2471.33,150,149
6371,1,500,0,0,150,3,150,3,2.25871e+06,148,2204,150,149
6372,1,500,0,0,150,3,150,3,2.50538e+06,148,2450.67,150,149
6373,1,500,0,0,150,3,150,3,2.39538e+06,148,2340.67,150,149
6374,1,500,0,0,150,3,150,3,2.70671e+06,148,2652,150,149
6375,1,500,0,0,150,3,150,3,2.38171e+06,148,2327,150,149
6376,1,500,0,0,150,3,150,3,2.58738e+06,148,2532.67,150,149
6377,1,500,0,0,150,3,150,3,2.45238e+06,148,2397.67,150,149
6378,1,500,0,0,150,3,150,3,2.40704e+06,148,2352.33,150,149
6379,1,500,0,0,150,3,150,3,2.29238e+06,148,2237.67,150,149
6380,1,500,0,0,150,3,150,3,2.35138e+06,148,2296.67,150,149
6381,1,500,0,0,150,3,150,3,2.48804e+06,148,2433.33,150,149
6382,1,500,0,0,150,3,150,3,2.68904e+06,148,2634.33,150,149
6383,1,500,0,0,150,3,150,3,2.63238e+06,148,2577.67,150,149
6384,1,500,0,0,150,3,150,3,2.45071e+06,148,2396,150,149
6385,1,500,0,0,150,3,150,3,2.50038e+06,148,2445.67,150,149
6386,1,500,0,0,150,3,150,3,2.45671e+06,148,2402,150,149
6387,1,500,0,0,150,3,150,3,2.41238e+06,148,2357.67,150,149
6388,1,500,0,0,150,3,150,3,2.63304e+06,148,2578.33,150,149
6389,1,500,0,0,150,3,150,3,2.51604e+06,148,2461.33,150,149
6390,1,500,0,0,150,3,150,3,2.43504e+06,148,2380.33,150,149
6391,1,500,0,0,150,3,150,3,2.57804e+06,148,2523.33,150,149
6392,1,500,0,0,150,3,150,3,2.42504e+06,148,2370.33,150,149
6393,1,500,0,0,150,3,150,3,2.47338e+06,148,2418.67,150,149
6394,1,500,0,0,150,3,150,3,2.18104e+06,148,2126.33,150,149
6395,1,500,0,0,150,3,150,3,2.41971e+06,148,2365,150,149
6396,1,500,0,0,150,3,150,3,2.52204e+06,148,2467.33,150,149
6397,1,500,0,0,150,3,150,3,2.57171e+06,148,2517,150,149
6398,1,500,0,0,150,3,150,3,2.52838e+06,148,2473.67,150,149
6399,1,500,0,0,150,3,150,3,2.37971e+06,148,2325,150,149
6400,1,500,0,0,150,3,150,3,2.58071e+06,148,2526,150,149
6401,1,500,0,0,150,3,150,3,2.56738e+06,148,2512.67,150,149
6402,1,500,0,0,150,3,150,3,2.35471e+06,148,2300,150,149
6403,1,500,0,0,150,3,150,3,2.44838e+06,148,2393.67,150,149
6404,1,500,0,0,150,3,150,3,2.58238e+06,148,2527.67,150,149
6405,1,500,0,0,150,3,150,3,2.52471e+06,148,2470,150,149
6406,1,500,0,0,150,3,150,3,2.54804e+06,148,2493.33,150,149
6407,1,500,0,0,150,3,150,3,2.42804e+06,148,2373.33,150,149
6408,1,500,0,0,150,3,150,3,2.66438e+06,148,2609.67,150,149
6409,1,500,0,0,150,3,150,3,2.46804e+06,148,2413.33,150,149
6410,1,500,0,0,150,3,150,3,2.59371e+06,148,2539,150,149
6411,1,500,0,0,150,3,150,3,2.44871e+06,148,2394,150,149
6412,1,500,0,0,150,3,150,3,2.67071e+06,148,2616,150,149
6413,1,500,0,0,150,3,150,3,2.49538e+06,148,2440.67,150,149
6414,1,500,0,0,150,3,150,3,2.58704e+06,148,2532.33,150,149
6415,1,500,0,0,150,3,150,3,2.58804e+06,148,2533.33,150,149
6416,1,500,0,0,150,3,150,3,2.51504e+06,148,2460.33,150,149
6417,1,500,0,0,150,3,150,3,2.41071e+06,148,2356,150,149
6418,1,500,0,0,150,3,150,3,2.48804e+06,148,2433.33,150,149
6419,1,500,0,0,150,3,150,3,2.39771e+06,148,2343,150,149
6420,1,500,0,0,150,3,150,3,2.30704e+06,148,2252.33,150,149
6421,1,500,0,0,150,3,150,3,2.54004e+06,148,2485.33,150,149
6422,1,500,0,0,150,3,150,3,2.53704e+06,148,2482.33,150,149
6423,1,500,0,0,150,3,150,3,2.62338e+06,148,2568.67,150,149
6424,1,500,0,0,150,3,150,3,2.48738e+06,148,2432.67,150,149
6425,1,500,0,0,150,3,150,3,2.40838e+06,148,2353.67,150,149
6426,1,500,0,0,150,3,150,3,2.34538e+06,148,2290.67,150,149
6427,1,500,0,0,150,3,150,3,2.32138e+06,148,2266.67,150,149
6428,1,500,0,0,150,3,150,3,2.37838e+06,148,2323.67,150,149
6429,1,500,0,0,150,3,150,3,2.52504e+06,148,2470.33,150,149
6430,1,500,0,0,150,3,150,3,2.41038e+06,148,2355.67,150,149
6431,1,500,0,0,150,3,150,3,2.54638e+06,148,2491.67,150,149
6432,1,500,0,0,150,3,150,3,2.45471e+06,148,2400,150,149
6433,1,500,0,0,150,3,150,3,2.51604e+06,148,2461.33,150,149
6434,1,500,0,0,150,3,150,3,2.62971e+06,148,2575,150,149
6435,1,500,0,0,150,3,150,3,2.61971e+06,148,2565,150,149
6436,1,500,0,0,150,3,150,3,2.58871e+06,148,2534,150,149
6437,1,500,0,0,150,3,150,3,2.51371e+06,148,2459,150,149
6438,1,500,0,0,150,3,150,3,2.49704e+06,148,2442.33,150,149
6439,1,500,0,0,150,3,150,3,2.52471e+06,148,2470,150,149
6440,1,500,0,0,150,3,150,3,2.55504e+06,148,2500.33,150,149
6441,1,500,0,0,150,3,150,3,2.25904e+06,148,2204.33,150,149
6442,1,500,0,0,150,3,150,3,2.51138e+06,148,2456.67,150,149
6443,1,500,0,0,150,3,150,3,2.46571e+06,148,2411,150,149
6444,1,500,0,0,150,3,150,3,2.38704e+06,148,2332.33,150,149
6445,1,500,0,0,150,3,150,3,2.36004e+06,148,2305.33,150,149
6446,1,500,0,0,150,3,150,3,2.51538e+06,148,2460.67,150,149
6447,1,500,0,0,150,3,150,3,2.58071e+06,148,2526,150,149
6448,1,500,0,0,150,3,150,3,2.42038e+06,148,2365.67,150,149
6449,1,500,0,0,150,3,150,3,2.44071e+06,148,2386,150,149
6450,1,500,0,0,150,3,150,3,2.30404e+06,148,2249.33,150,149
6451,1,500,0,0,150,3,150,3,2.47738e+06,148,2422.67,150,149
6452,1,500,0,0,150,3,150,3,2.76571e+06,148,2711,150,149
6453,1,500,0,0,150,3,150,3,2.50838e+06,148,2453.67,150,149
6454,1,500,0,0,150,3,150,3,2.45404e+06,148,2399.33,150,149
6455,1,500,0,0,150,3,150,3,2.44104e+06,148,2386.33,150,149
6456,1,500,0,0,150,3,150,3,2.49804e+06,148,2443.33,150,149
6457,1,500,0,0,150,3,150,3,2.48171e+06,148,2427,150,149
6458,1,500,0,0,150,3,150,3,2.51504e+06,148,2460.33,150,149
6459,1,500,0,0,150,3,150,3,2.46004e+06,148,2405.33,150,149
6460,1,500,0,0,150,3,150,3,2.42838e+06,148,2373.67,150,149
6461,1,500,0,0,150,3,150,3,2.61504e+06,148,2560.33,150,149
6462,1,500,0,0,150,3,150,3,2.68371e+06,148,2629,150,149
6463,1,500,0,0,150,3,150,3,2.45704e+06,148,2402.33,150,149
6464,1,500,0,0,150,3,150,3,2.63638e+06,148,2581.67,150,149
6465,1,500,0,0,150,3,150,3,2.25304e+06,148,2198.33,150,149
6466,1,500,0,0,150,3,150,3,2.50938e+06,148,2454.67,150,149
6467,1,500,0,0,150,3,150,3,2.50271e+06,148,2448,150,149
6468,1,500,0,0,150,3,150,3,2.46871e+06,148,2414,150,149
6469,1,500,0,0,150,3,150,3,2.56638e+06,148,2511.67,150,149
6470,1,500,0,0,150,3,150,3,2.35404e+06,148,2299.33,150,149
6471,1,500,0,0,150,3,150,3,2.55771e+06,148,2503,150,149
6472,1,500,0,0,150,3,150,3,2.53571e+06,148,2481,150,149
6473,1,500,0,0,150,3,150,3,2.40471e+06,148,2350,150,149
6474,1,500,0,0,150,3,150,3,2.35338e+06,148,2298.67,150,149
6475,1,500,0,0,150,3,150,3,2.36604e+06,148,2311.33,150,149
6476,1,500,0,0,150,3,150,3,2.36004e+06,148,2305.33,150,149
6477,1,500,0,0,150,3,150,3,2.42504e+06,148,2370.33,150,149
6478,1,500,0,0,150,3,150,3,2.57971e+06,148,2525,150,149
6479,1,500,0,0,150,3,150,3,2.51604e+06,148,2461.33,150,149
6480,1,500,0,0,150,3,150,3,2.44771e+06,148,2393,150,149
6481,1,500,0,0,150,3,150,3,2.36704e+06,148,2312.33,150,149
6482,1,500,0,0,150,3,150,3,2.41438e+06,148,2359.67,150,149
6483,1,500,0,0,150,3,150,3,2.44604e+06,148,2391.33,150,149
6484,1,500,0,0,150,3,150,3,2.53404e+06,148,2479.33,150,149
6485,1,500,0,0,150,3,150,3,2.50671e+06,148,2452,150,149
6486,1,500,0,0,150,3,150,3,2.52471e+06,148,2470,150,149
6487,1,500,0,0,150,3,150,3,2.32038e+06,148,2265.67,150,149
6488,1,500,0,0,150,3,150,3,2.50771e+06,148,2453,150,149
6489,1,500,0,0,150,3,150,3,2.39438e+06,148,2339.67,150,149
6490,1,500,0,0,150,3,150,3,2.33504e+06,148,2280.33,150,149
6491,1,500,0,0,150,3,150,3,2.45104e+06,148,2396.33,150,149
6492,1,500,0,0,150,3,150,3,2.37038e+06,148,2315.67,150,149
6493,1,500,0,0,150,3,150,3,2.55304e+06,148,2498.33,150,149
6494,1,500,0,0,150,3,150,3,2.41538e+06,148,2360.67,150,149
6495,1,500,0,0,150,3,150,3,2.41704e+06,148,2362.33,150,149
6496,1,500,0,0,150,3,150,3,2.50804e+06,148,2453.33,150,149
6497,1,500,0,0,150,3,150,3,2.48371e+06,148,2429,150,149
6498,1,500,0,0,150,3,150,3,2.65971e+06,148,2605,150,149
6499,1,500,0,0,150,3,150,3,2.30971e+06,148,2255,150,149
6500,1,500,0,0,150,3,150,3,2.25871e+06,148,2204,150,149
6501,1,500,0,0,150,3,150,3,2.33671e+06,148,2282,150,149
6502,1,500,0,0,150,3,150,3,2.43771e+06,148,2383,150,149
6503,1,500,0,0,150,3,150,3,2.39104e+06,148,2336.33,150,149
6504,1,500,0,0,150,3,150,3,2.51771e+06,148,2463,150,149
6505,1,500,0,0,150,3,150,3,2.43138e+06,148,2376.67,150,149
6506,1,500,0,0,150,3,150,3,2.35738e+06,148,2302.67,150,149
6507,1,500,0,0,150,3,150,3,2.34371e+06,148,2289,150,149
6508,1,500,0,0,150,3,150,3,2.35371e+06,148,2299,150,149
6509,1,500,0,0,150,3,150,3,2.44038e+06,148,2385.67,150,149
6510,1,500,0,0,150,3,150,3,2.34204e+06,148,2287.33,150,149
6511,1,500,0,0,150,3,150,3,2.51638e+06,148,2461.67,150,149
6512,1,500,0,0,150,3,150,3,2.34638e+06,148,2291.67,150,149
6513,1,500,0,0,150,3,150,3,2.42771e+06,148,2373,150,149
6514,1,500,0,0,150,3,150,3,2.43071e+06,148,2376,150,149
6515,1,500,0,0,150,3,150,3,2.42104e+06,148,2366.33,150,149
6516,1,500,0,0,150,3,150,3,2.41438e+06,148,2359.67,150,149
6517,1,500,0,0,150,3,150,3,2.28571e+06,148,2231,150,149
6518,1,500,0,0,150,3,150,3,2.52138e+06,148,2466.67,150,149
6519,1,500,0,0,150,3,150,3,2.40371e+06,148,2349,150,149
6520,1,500,0,0,150,3,150,3,2.41604e+06,148,2361.33,150,149
6521,1,500,0,0,150,3,150,3,2.48604e+06,148,2431.33,150,149
6522,1,500,0,0,150,3,150,3,2.32871e+06,148,2274,150,149
6523,1,500,0,0,150,3,150,3,2.92204e+06,148,2867.33,150,149
6524,1,500,0,0,150,3,150,3,2.43571e+06,148,2381,150,149
6525,1,500,0,0,150,3,150,3,2.66071e+06,148,2606,150,149
6526,1,500,0,0,150,3,150,3,2.45138e+06,148,2396.67,150,149
6527,1,500,0,0,150,3,150,3,2.40338e+06,148,2348.67,150,149
6528,1,500,0,0,150,3,150,3,2.46604e+06,148,2411.33,150,149
6529,1,500,0,0,150,3,150,3,2.52904e+06,148,2474.33,150,149
6530,1,500,0,0,150,3,150,3,2.50604e+06,148,2451.33,150,149
6531,1,500,0,0,150,3,150,3,2.46804e+06,148,2413.33,150,149
6532,1,500,0,0,150,3,150,3,2.26938e+06,148,2214.67,150,149
6533,1,500,0,0,150,3,150,3,2.53838e+06,148,2483.67,150,149
6534,1,500,0,0,150,3,150,3,2.58071e+06,148,2526,150,149
6535,1,500,0,0,150,3,150,3,2.34571e+06,148,2291,150,149
6536,1,500,0,0,150,3,150,3,2.60204e+06,148,2547.33,150,149
6537,1,500,0,0,150,3,150,3,2.55138e+06,148,2496.67,150,149
6538,1,500,0,0,150,3,150,3,2.52838e+06,148,2473.67,150,149
6539,1,500,0,0,150,3,150,3,2.53204e+06,148,2477.33,150,149
6540,1,500,0,0,150,3,150,3,2.68938e+06,148,2634.67,150,149
6541,1,500,0,0,150,3,150,3,2.38871e+06,148,2334,150,149
6542,1,500,0,0,150,3,150,3,2.52204e+06,148,2467.33,150,149
6543,1,500,0,0,150,3,150,3,2.45204e+06,148,2397.33,150,149
6544,1,500,0,0,150,3,150,3,2.53204e+06,148,2477.33,150,149
6545,1,500,0,0,150,3,150,3,2.51071e+06,148,2456,150,149
6546,1,500,0,0,150,3,150,3,2.58038e+06,148,2525.67,150,149
6547,1,500,0,0,150,3,150,3,2.43371e+06,148,2379,150,149
6548,1,500,0,0,150,3,150,3,2.44304e+06,148,2388.33,150,149
6549,1,500,0,0,150,3,150,3,2.48138e+06,148,2426.67,150,149
6550,1,500,0,0,150,3,150,3,2.51971e+06,148,2465,150,149
6551,1,500,0,0,150,3,150,3,2.59204e+06,148,2537.33,150,149
6552,1,500,0,0,150,3,150,3,2.54138e+06,148,2486.67,150,149
6553,1,500,0,0,150,3,150,3,2.64004e+06,148,2585.33,150,149
6554,1,500,0,0,150,3,150,3,2.47204e+06,148,2417.33,150,149
6555,1,500,0,0,150,3,150,3,2.40471e+06,148,2350,150,149
6556,1,500,0,0,150,3,150,3,2.40004e+06,148,2345.33,150,149
6557,1,500,0,0,150,3,150,3,2.28238e+06,148,2227.67,150,149
6558,1,500,0,0,150,3,150,3,2.21038e+06,148,2155.67,150,149
6559,1,500,0,0,150,3,150,3,2.39138e+06,148,2336.67,150,149
6560,1,500,0,0,150,3,150,3,2.59438e+06,148,2539.67,150,149
6561,1,500,0,0,150,3,150,3,2.42404e+06,148,2369.33,150,149
6562,1,500,0,0,150,3,150,3,2.70004e+06,148,2645.33,150,149
6563,1,500,0,0,150,3,150,3,2.51104e+06,148,2456.33,150,149
6564,1,500,0,0,150,3,150,3,2.48038e+06,148,2425.67,150,149
6565,1,500,0,0,150,3,150,3,2.50738e+06,148,2452.67,150,149
6566,1,500,0,0,150,3,150,3,2.62971e+06,148,2575,150,149
6567,1,500,0,0,150,3,150,3,2.52538e+06,148,2470.67,150,149
6568,1,500,0,0,150,3,150,3,2.60871e+06,148,2554,150,149
6569,1,500,0,0,150,3,150,3,2.25071e+06,148,2196,150,149
6570,1,500,0,0,150,3,150,3,2.49304e+06,148,2438.33,150,149
6571,1,500,0,0,150,3,150,3,2.47738e+06,148,2422.67,150,149
6572,1,500,0,0,150,3,150,3,2.43738e+06,148,2382.67,150,149
6573,1,500,0,0,150,3,150,3,2.15938e+06,148,2104.67,150,149
6574,1,500,0,0,150,3,150,3,2.46871e+06,148,2414,150,149
6575,1,500,0,0,150,3,150,3,2.77204e+06,148,2717.33,150,149
6576,1,500,0,0,150,3,150,3,2.57871e+06,148,2524,150,149
6577,1,500,0,0,150,3,150,3,2.39304e+06,148,2338.33,150,149
6578,1,500,0,0,150,3,150,3,2.41604e+06,148,2361.33,150,149
6579,1,500,0,0,150,3,150,3,2.27004e+06,148,2215.33,150,149
6580,1,500,0,0,150,3,150,3,2.49604e+06,148,2441.33,150,149
6581,1,500,0,0,150,3,150,3,2.52438e+06,148,2469.67,150,149
6582,1,500,0,0,150,3,150,3,2.49471e+06,148,2440,150,149
6583,1,500,0,0,150,3,150,3,2.48638e+06,148,2431.67,150,149
6584,1,500,0,0,150,3,150,3,2.50571e+06,148,2451,150,149
6585,1,500,0,0,150,3,150,3,2.30438e+06,148,2249.67,150,149
6586,1,500,0,0,150,3,150,3,2.33904e+06,148,2284.33,150,149
6587,1,500,0,0,150,3,150,3,2.42804e+06,148,2373.33,150,149
6588,1,500,0,0,150,3,150,3,2.68104e+06,148,2626.33,150,149
6589,1,500,0,0,150,3,150,3,2.37538e+06,148,2320.67,150,149
6590,1,500,0,0,150,3,150,3,2.43704e+06,148,2382.33,150,149
6591,1,500,0,0,150,3,150,3,2.40404e+06,148,2349.33,150,149
6592,1,500,0,0,150,3,150,3,2.39271e+06,148,2338,150,149
6593,1,500,0,0,150,3,150,3,2.38504e+06,148,2330.33,150,149
6594,1,500,0,0,150,3,150,3,2.62538e+06,148,2570.67,150,149
6595,1,500,0,0,150,3,150,3,2.36471e+06,148,2310,150,149
6596,1,500,0,0,150,3,150,3,2.46571e+06,148,2411,150,149
6597,1,500,0,0,150,3,150,3,2.43438e+06,148,2379.67,150,149
6598,1,500,0,0,150,3,150,3,2.34971e+06,148,2295,150,149
6599,1,500,0,0,150,3,150,3,2.53404e+06,148,2479.33,150,149
6600,1,500,0,0,150,3,150,3,2.54704e+06,148,2492.33,150,149
6601,1,500,0,0,150,3,150,3,2.57638e+06,148,2521.67,150,149
6602,1,500,0,0,150,3,150,3,2.45371e+06,148,2399,150,149
6603,1,500,0,0,150,3,150,3,2.49204e+06,148,2437.33,150,149
6604,1,500,0,0,150,3,150,3,2.49338e+06,148,2438.67,150,149
6605,1,500,0,0,150,3,150,3,2.43104e+06,148,2376.33,150,149
6606,1,500,0,0,150,3,150,3,2.51171e+06,148,2457,150,149
6607,1,500,0,0,150,3,150,3,2.56404e+06,148,2509.33,150,149
6608,1,500,0,0,150,3,150,3,2.20971e+06,148,2155,150,149
6609,1,500,0,0,150,3,150,3,2.56638e+06,148,2511.67,150,149
6610,1,500,0,0,150,3,150,3,2.68471e+06,148,2630,150,149
6611,1,500,0,0,150,3,150,3,2.31804e+06,148,2263.33,150,149
6612,1,500,0,0,150,3,150,3,2.49438e+06,148,2439.67,150,149
6613,1,500,0,0,150,3,150,3,2.41704e+06,148,2362.33,150,149
6614,1,500,0,0,150,3,150,3,2.46304e+06,148,2408.33,150,149
6615,1,500,0,0,150,3,150,3,2.71071e+06,148,2656,150,149
6616,1,500,0,0,150,3,150,3,2.58871e+06,148,2534,150,149
6617,1,500,0,0,150,3,150,3,2.45571e+06,148,2401,150,149
6618,1,500,0,0,150,3,150,3,2.57771e+06,148,2523,150,149
6619,1,500,0,0,150,3,150,3,2.38071e+06,148,2326,150,149
6620,1,500,0,0,150,3,150,3,2.42271e+06,148,2368,150,149
6621,1,500,0,0,150,3,150,3,2.46304e+06,148,2408.33,150,149
6622,1,500,0,0,150,3,150,3,2.68838e+06,148,2633.67,150,149
6623,1,500,0,0,150,3,150,3,2.63838e+06,148,2583.67,150,149
6624,1,500,0,0,150,3,150,3,2.44971e+06,148,2395,150,149
6625,1,500,0,0,150,3,150,3,2.44038e+06,148,2385.67,150,149
6626,1,500,0,0,150,3,150,3,2.53538e+06,148,2480.67,150,149
6627,1,500,0,0,150,3,150,3,2.38171e+06,148,2327,150,149
6628,1,500,0,0,150,3,150,3,2.26338e+06,148,2208.67,150,149
6629,1,500,0,0,150,3,150,3,2.54838e+06,148,2493.67,150,149
6630,1,500,0,0,150,3,150,3,2.50938e+06,148,2454.67,150,149
6631,1,500,0,0,150,3,150,3,2.48971e+06,148,2435,150,149
6632,1,500,0,0,150,3,150,3,2.57438e+06,148,2519.67,150,149
6633,1,500,0,0,150,3,150,3,2.59704e+06,148,2542.33,150,149
6634,1,500,0,0,150,3,150,3,2.42338e+06,148,2368.67,150,149
6635,1,500,0,0,150,3,150,3,2.62538e+06,148,2570.67,150,149
6636,1,500,0,0,150,3,150,3,2.37771e+06,148,2323,150,149
6637,1,500,0,0,150,3,150,3,2.54104e+06,148,2486.33,150,149
6638,1,500,0,0,150,3,150,3,2.70838e+06,148,2653.67,150,149
6639,1,500,0,0,150,3,150,3,2.56138e+06,148,2506.67,150,149
6640,1,500,0,0,150,3,150,3,2.44538e+06,148,2390.67,150,149
6641,1,500,0,0,150,3,150,3,2.46871e+06,148,2414,150,149
6642,1,500,0,0,150,3,150,3,2.30938e+06,148,2254.67,150,149
6643,1,500,0,0,150,3,150,3,2.53971e+06,148,2485,150,149
6644,1,500,0,0,150,3,150,3,2.41538e+06,148,2360.67,150,149
6645,1,500,0,0,150,3,150,3,2.61571e+06,148,2561,150,149
6646,1,500,0,0,150,3,150,3,2.41704e+06,148,2362.33,150,149
6647,1,500,0,0,150,3,150,3,2.56571e+06,148,2511,150,149
6648,1,500,0,0,150,3,150,3,2.28404e+06,148,2229.33,150,149
6649,1,500,0,0,150,3,150,3,2.45104e+06,148,2396.33,150,149
6650,1,500,0,0,150,3,150,3,2.33404e+06,148,2279.33,150,149
6651,1,500,0,0,150,3,150,3,2.41604e+06,148,2361.33,150,149
6652,1,500,0,0,150,3,150,3,2.49938e+06,148,2444.67,150,149
6653,1,500,0,0,150,3,150,3,2.51171e+06,148,2457,150,149
6654,1,500,0,0,150,3,150,3,2.72338e+06,148,2668.67,150,149
6655,1,500,0,0,150,3,150,3,2.36938e+06,148,2314.67,150,149
6656,1,500,0,0,150,3,150,3,2.50804e+06,148,2453.33,150,149
6657,1,500,0,0,150,3,150,3,2.49571e+06,148,2441,150,149
6658,1,500,0,0,150,3,150,3,2.51838e+06,148,2463.67,150,149
6659,1,500,0,0,150,3,150,3,2.58171e+06,148,2527,150,149
6660,1,500,0,0,150,3,150,3,2.38938e+06,148,2334.67,150,149
6661,1,500,0,0,150,3,150,3,2.45904e+06,148,2404.33,150,149
6662,1,500,0,0,150,3,150,3,2.47571e+06,148,2421,150,149
6663,1,500,0,0,150,3,150,3,2.41671e+06,148,2362,150,149
6664,1,500,0,0,150,3,150,3,2.48404e+06,148,2429.33,150,149
6665,1,500,0,0,150,3,150,3,2.49338e+06,148,2438.67,150,149
6666,1,500,0,0,150,3,150,3,2.27438e+06,148,2219.67,150,149
6667,1,500,0,0,150,3,150,3,2.51638e+06,148,2461.67,150,149
6668,1,500,0,0,150,3,150,3,2.48371e+06,148,2429,150,149
6669,1,500,0,0,150,3,150,3,2.15104e+06,148,2096.33,150,149
6670,1,500,0,0,150,3,150,3,2.44338e+06,148,2388.67,150,149
6671,1,500,0,0,150,3,150,3,2.00604e+06,148,1951.33,150,149
6672,1,500,0,0,150,3,150,3,2.34804e+06,148,2293.33,150,149
6673,1,500,0,0,150,3,150,3,2.58838e+06,148,2533.67,150,149
6674,1,500,0,0,150,3,150,3,2.42671e+06,148,2372,150,149
6675,1,500,0,0,150,3,150,3,2.51238e+06,148,2457.67,150,149
6676,1,500,0,0,150,3,150,3,2.47371e+06,148,2419,150,149
6677,1,500,0,0,150,3,150,3,2.53271e+06,148,2478,150,149
6678,1,500,0,0,150,3,150,3,2.88504e+06,148,2830.33,150,149
6679,1,500,0,0,150,3,150,3,2.51438e+06,148,2459.67,150,149
6680,1,500,0,0,150,3,150,3,2.66804e+06,148,2613.33,150,149
6681,1,500,0,0,150,3,150,3,2.39004e+06,148,2335.33,150,149
6682,1,500,0,0,150,3,150,3,2.58804e+06,148,2533.33,150,149
6683,1,500,0,0,150,3,150,3,2.47404e+06,148,2419.33,150,149
6684,1,500,0,0,150,3,150,3,2.46704e+06,148,2412.33,150,149
6685,1,500,0,0,150,3,150,3,2.40571e+06,148,2351,150,149
6686,1,500,0,0,150,3,150,3,2.35938e+06,148,2304.67,150,149
6687,1,500,0,0,150,3,150,3,2.36171e+06,148,2307,150,149
6688,1,500,0,0,150,3,150,3,2.34371e+06,148,2289,150,149
6689,1,500,0,0,150,3,150,3,2.66838e+06,148,2613.67,150,149
6690,1,500,0,0,150,3,150,3,2.43804e+06,148,2383.33,150,149
6691,1,500,0,0,150,3,150,3,2.57571e+06,148,2521,150,149
6692,1,500,0,0,150,3,150,3,2.49204e+06,148,2437.33,150,149
6693,1,500,0,0,150,3,150,3,2.40438e+06,148,2349.67,150,149
6694,1,500,0,0,150,3,150,3,2.66371e+06,148,2609,150,149
6695,1,500,0,0,150,3,150,3,2.35571e+06,148,2301,150,149
6696,1,500,0,0,150,3,150,3,2.60038e+06,148,2545.67,150,149
6697,1,500,0,0,150,3,150,3,2.28704e+06,148,2232.33,150,149
6698,1,500,0,0,150,3,150,3,2.47371e+06,148,2419,150,149
6699,1,500,0,0,150,3,150,3,2.53138e+06,148,2476.67,150,149
6700,1,500,0,0,150,3,150,3,2.37771e+06,148,2323,150,149
6701,1,500,0,0,150,3,150,3,2.50404e+06,148,2449.33,150,149
6702,1,500,0,0,150,3,150,3,2.47604e+06,148,2421.33,150,149
6703,1,500,0,0,150,3,150,3,2.57838e+06,148,2523.67,150,149
6704,1,500,0,0,150,3,150,3,2.53838e+06,148,2483.67,150,149
6705,1,500,0,0,150,3,150,3,2.43871e+06,148,2384,150,149
6706,1,500,0,0,150,3,150,3,2.35738e+06,148,2302.67,150,149
6707,1,500,0,0,150,3,150,3,2.41571e+06,148,2361,150,149
6708,1,500,0,0,150,3,150,3,2.60504e+06,148,2550.33,150,149
6709,1,500,0,0,150,3,150,3,2.47871e+06,148,2424,150,149
6710,1,500,0,0,150,3,150,3,2.38871e+06,148,2334,150,149
6711,1,500,0,0,150,3,150,3,2.36438e+06,148,2309.67,150,149
6712,1,500,0,0,150,3,150,3,2.47504e+06,148,2420.33,150,149
6713,1,500,0,0,150,3,150,3,2.45438e+06,148,2399.67,150,149
6714,1,500,0,0,150,3,150,3,2.54204e+06,148,2487.33,150,149
6715,1,500,0,0,150,3,150,3,2.44538e+06,148,2390.67,150,149
6716,1,500,0,0,150,3,150,3,2.54704e+06,148,2492.33,150,149
6717,1,500,0,0,150,3,150,3,2.61171e+06,148,2557,150,149
6718,1,500,0,0,150,3,150,3,2.41004e+06,148,2355.33,150,149
6719,1,500,0,0,150,3,150,3,2.50404e+06,148,2449.33,150,149
6720,1,500,0,0,150,3,150,3,2.50204e+06,148,2447.33,150,149
6721,1,500,0,0,150,3,150,3,2.34704e+06,148,2292.33,150,149
6722,1,500,0,0,150,3,150,3,2.40104e+06,148,2346.33,150,149
6723,1,500,0,0,150,3,150,3,2.57271e+06,148,2518,150,149
6724,1,500,0,0,150,3,150,3,2.48304e+06,148,2428.33,150,149
6725,1,500,0,0,150,3,150,3,2.42904e+06,148,2374.33,150,149
6726,1,500,0,0,150,3,150,3,2.40504e+06,148,2350.33,150,149
6727,1,500,0,0,150,3,150,3,2.66071e+06,148,2606,150,149
6728,1,500,0,0,150,3,150,3,2.39671e+06,148,2342,150,149
6729,1,500,0,0,150,3,150,3,2.52771e+06,148,2473,150,149
6730,1,500,0,0,150,3,150,3,2.30971e+06,148,2255,150,149
6731,1,500,0,0,150,3,150,3,2.59138e+06,148,2536.67,150,149
6732,1,500,0,0,150,3,150,3,2.39571e+06,148,2341,150,149
6733,1,500,0,0,150,3,150,3,2.39604e+06,148,2341.33,150,149
6734,1,500,0,0,150,3,150,3,2.32038e+06,148,2265.67,150,149
6735,1,500,0,0,150,3,150,3,2.57504e+06,148,2520.33,150,149
6736,1,500,0,0,150,3,150,3,2.56838e+06,148,2513.67,150,149
6737,1,500,0,0,150,3,150,3,2.54238e+06,148,2487.67,150,149
6738,1,500,0,0,150,3,150,3,2.58338e+06,148,2528.67,150,149
6739,1,500,0,0,150,3,150,3,2.32971e+06,148,2275,150,149
6740,1,500,0,0,150,3,150,3,2.43938e+06,148,2384.67,150,149
6741,1,500,0,0,150,3,150,3,2.44404e+06,148,2389.33,150,149
6742,1,500,0,0,150,3,150,3,2.39538e+06,148,2340.67,150,149
6743,1,500,0,0,150,3,150,3,2.36471e+06,148,2310,150,149
6744,1,500,0,0,150,3,150,3,2.65038e+06,148,2595.67,150,149
6745,1,500,0,0,150,3,150,3,2.52604e+06,148,2471.33,150,149
6746,1,500,0,0,150,3,150,3,2.68971e+06,148,2635,150,149
6747,1,500,0,0,150,3,150,3,2.40904e+06,148,2354.33,150,149
6748,1,500,0,0,150,3,150,3,2.55038e+06,148,2495.67,150,149
6749,1,500,0,0,150,3,150,3,2.57404e+06,148,2519.33,150,149
6750,1,500,0,0,150,3,150,3,2.46871e+06,148,2414,150,149
6751,1,500,0,0,150,3,150,3,2.50338e+06,148,2448.67,150,149
6752,1,500,0,0,150,3,150,3,2.46904e+06,148,2414.33,150,149
6753,1,500,0,0,150,3,150,3,2.49071e+06,148,2436,150,149
6754,1,500,0,0,150,3,150,3,2.42538e+06,148,2370.67,150,149
6755,1,500,0,0,150,3,150,3,2.53971e+06,148,2485,150,149
6756,1,500,0,0,150,3,150,3,2.52438e+06,148,2469.67,150,149
6757,1,500,0,0,150,3,150,3,2.52304e+06,148,2468.33,150,149
6758,1,500,0,0,150,3,150,3,2.42471e+06,148,2370,150,149
6759,1,500,0,0,150,3,150,3,2.56904e+06,148,2514.33,150,149
6760,1,500,0,0,150,3,150,3,2.55871e+06,148,2504,150,149
6761,1,500,0,0,150,3,150,3,2.43138e+06,148,2376.67,150,149
6762,1,500,0,0,150,3,150,3,2.39838e+06,148,2343.67,150,149
6763,1,500,0,0,150,3,150,3,2.48804e+06,148,2433.33,150,149
6764,1,500,0,0,150,3,150,3,2.37471e+06,148,2320,150,149
6765,1,500,0,0,150,3,150,3,2.35671e+06,148,2302,150,149
6766,1,500,0,0,150,3,150,3,2.56004e+06,148,2505.33,150,149
6767,1,500,0,0,150,3,150,3,2.61104e+06,148,2556.33,150,149
6768,1,500,0,0,150,3,150,3,2.44804e+06,148,2393.33,150,149
6769,1,500,0,0,150,3,150,3,2.34271e+06,148,2288,150,149
6770,1,500,0,0,150,3,150,3,2.53138e+06,148,2476.67,150,149
6771,1,500,0,0,150,3,150,3,2.28904e+06,148,2234.33,150,149
6772,1,500,0,0,150,3,150,3,2.46404e+06,148,2409.33,150,149
6773,1,500,0,0,150,3,150,3,2.33038e+06,148,2275.67,150,149
6774,1,500,0,0,150,3,150,3,2.38071e+06,148,2326,150,149
6775,1,500,0,0,150,3,150,3,2.47904e+06,148,2424.33,150,149
6776,1,500,0,0,150,3,150,3,2.53771e+06,148,2483,150,149
6777,1,500,0,0,150,3,150,3,2.58171e+06,148,2527,150,149
6778,1,500,0,0,150,3,150,3,2.41638e+06,148,2361.67,150,149
6779,1,500,0,0,150,3,150,3,2.48171e+06,148,2427,150,149
6780,1,500,0,0,150,3,150,3,2.44838e+06,148,2393.67,150,149
6781,1,500,0,0,150,3,150,3,2.47471e+06,148,2420,150,149
6782,1,500,0,0,150,3,150,3,2.36904e+06,148,2314.33,150,149
6783,1,500,0,0,150,3,150,3,2.55371e+06,148,2499,150,149
6784,1,500,0,0,150,3,150,3,2.57871e+06,148,2524,150,149
6785,1,500,0,0,150,3,150,3,2.43638e+06,148,2381.67,150,149
6786,1,500,0,0,150,3,150,3,2.52871e+06,148,2474,150,149
6787,1,500,0,0,150,3,150,3,2.49938e+06,148,2444.67,150,149
6788,1,500,0,0,150,3,150,3,2.45771e+06,148,2403,150,149
6789,1,500,0,0,150,3,150,3,2.34671e+06,148,2292,150,149
6790,1,500,0,0,150,3,150,3,2.61104e+06,148,2556.33,150,149
6791,1,500,0,0,150,3,150,3,2.47238e+06,148,2417.67,150,149
6792,1,500,0,0,150,3,150,3,2.40904e+06,148,2354.33,150,149
6793,1,500,0,0,150,3,150,3,2.39304e+06,148,2338.33,150,149
6794,1,500,0,0,150,3,150,3,2.67038e+06,148,2615.67,150,149
6795,1,500,0,0,150,3,150,3,2.44504e+06,148,2390.33,150,149
6796,1,500,0,0,150,3,150,3,2.70138e+06,148,2646.67,150,149
6797,1,500,0,0,150,3,150,3,2.71171e+06,148,2657,150,149
6798,1,500,0,0,150,3,150,3,2.48804e+06,148,2433.33,150,149
6799,1,500,0,0,150,3,150,3,2.80138e+06,148,2746.67,150,149
6800,1,500,0,0,150,3,150,3,2.47904e+06,148,2424.33,150,149
6801,1,500,0,0,150,3,150,3,2.34338e+06,148,2288.67,150,149
6802,1,500,0,0,150,3,150,3,2.50971e+06,148,2455,150,149
6803,1,500,0,0,150,3,150,3,2.37138e+06,148,2316.67,150,149
6804,1,500,0,0,150,3,150,3,2.38771e+06,148,2333,150,149
6805,1,500,0,0,150,3,150,3,2.69738e+06,148,2642.67,150,149
6806,1,500,0,0,150,3,150,3,2.68604e+06,148,2631.33,150,149
6807,1,500,0,0,150,3,150,3,2.59338e+06,148,2538.67,150,149
6808,1,500,0,0,150,3,150,3,2.52671e+06,148,2472,150,149
6809,1,500,0,0,150,3,150,3,2.56171e+06,148,2507,150,149
6810,1,500,0,0,150,3,150,3,2.58304e+06,148,2528.33,150,149
6811,1,500,0,0,150,3,150,3,2.50171e+06,148,2447,150,149
6812,1,500,0,0,150,3,150,3,2.68438e+06,148,2629.67,150,149
6813,1,500,0,0,150,3,150,3,2.50071e+06,148,2446,150,149
6814,1,500,0,0,150,3,150,3,2.48704e+06,148,2432.33,150,149
6815,1,500,0,0,150,3,150,3,2.53238e+06,148,2477.67,150,149
6816,1,500,0,0,150,3,150,3,2.44471e+06,148,2390,150,149
6817,1,500,0,0,150,3,150,3,2.51571e+06,148,2461,150,149
6818,1,500,0,0,150,3,150,3,2.48904e+06,148,2434.33,150,149
6819,1,500,0,0,150,3,150,3,2.37304e+06,148,2318.33,150,149
6820,1,500,0,0,150,3,150,3,2.45004e+06,148,2395.33,150,149
6821,1,500,0,0,150,3,150,3,2.42238e+06,148,2367.67,150,149
6822,1,500,0,0,150,3,150,3,2.31071e+06,148,2256,150,149
6823,1,500,0,0,150,3,150,3,2.53104e+06,148,2476.33,150,149
6824,1,500,0,0,150,3,150,3,2.35838e+06,148,2303.67,150,149
6825,1,500,0,0,150,3,150,3,2.47871e+06,148,2424,150,149
6826,1,500,0,0,150,3,150,3,2.36804e+06,148,2313.33,150,149
6827,1,500,0,0,150,3,150,3,2.46671e+06,148,2412,150,149
6828,1,500,0,0,150,3,150,3,2.45771e+06,148,2403,150,149
6829,1,500,0,0,150,3,150,3,2.35438e+06,148,2299.67,150,149
6830,1,500,0,0,150,3,150,3,2.31871e+06,148,2264,150,149
6831,1,500,0,0,150,3,150,3,2.48271e+06,148,2428,150,149
6832,1,500,0,0,150,3,150,3,2.51904e+06,148,2464.33,150,149
6833,1,500,0,0,150,3,150,3,2.35804e+06,148,2303.33,150,149
6834,1,500,0,0,150,3,150,3,2.68404e+06,148,2629.33,150,149
6835,1,500,0,0,150,3,150,3,2.58571e+06,148,2531,150,149
6836,1,500,0,0,150,3,150,3,2.42571e+06,148,2371,150,149
6837,1,500,0,0,150,3,150,3,2.27738e+06,148,2222.67,150,149
6838,1,500,0,0,150,3,150,3,2.35471e+06,148,2300,150,149
6839,1,500,0,0,150,3,150,3,2.58904e+06,148,2534.33,150,149
6840,1,500,0,0,150,3,150,3,2.67204e+06,148,2617.33,150,149
6841,1,500,0,0,150,3,150,3,2.50471e+06,148,2450,150,149
6842,1,500,0,0,150,3,150,3,2.44504e+06,148,2390.33,150,149
6843,1,500,0,0,150,3,150,3,2.51971e+06,148,2465,150,149
6844,1,500,0,0,150,3,150,3,2.32271e+06,148,2268,150,149
6845,1,500,0,0,150,3,150,3,2.42071e+06,148,2366,150,149
6846,1,500,0,0,150,3,150,3,2.42538e+06,148,2370.67,150,149
6847,1,500,0,0,150,3,150,3,2.47138e+06,148,2416.67,150,149
6848,1,500,0,0,150,3,150,3,2.45904e+06,148,2404.33,150,149
6849,1,500,0,0,150,3,150,3,2.49604e+06,148,2441.33,150,149
6850,1,500,0,0,150,3,150,3,2.58104e+06,148,2526.33,150,149
6851,1,500,0,0,150,3,150,3,2.51238e+06,148,2457.67,150,149
6852,1,500,0,0,150,3,150,3,2.37604e+06,148,2321.33,150,149
6853,1,500,0,0,150,3,150,3,2.57304e+06,148,2518.33,150,149
6854,1,500,0,0,150,3,150,3,2.48671e+06,148,2432,150,149
6855,1,500,0,0,150,3,150,3,2.41438e+06,148,2359.67,150,149
6856,1,500,0,0,150,3,150,3,2.25138e+06,148,2196.67,150,149
6857,1,500,0,0,150,3,150,3,2.56538e+06,148,2510.67,150,149
6858,1,500,0,0,150,3,150,3,2.48804e+06,148,2433.33,150,149
6859,1,500,0,0,150,3,150,3,2.55204e+06,148,2497.33,150,149
6860,1,500,0,0,150,3,150,3,2.48804e+06,148,2433.33,150,149
6861,1,500,0,0,150,3,150,3,2.50138e+06,148,2446.67,150,149
6862,1,500,0,0,150,3,150,3,2.47571e+06,148,2421,150,149
6863,1,500,0,0,150,3,150,3,2.59971e+06,148,2545,150,149
6864,1,500,0,0,150,3,150,3,2.19438e+06,148,2139.67,150,149
6865,1,500,0,0,150,3,150,3,2.57504e+06,148,2520.33,150,149
6866,1,500,0,0,150,3,150,3,2.47404e+06,148,2419.33,150,149
6867,1,500,0,0,150,3,150,3,2.60904e+06,148,2554.33,150,149
6868,1,500,0,0,150,3,150,3,2.49604e+06,148,2441.33,150,149
6869,1,500,0,0,150,3,150,3,2.44438e+06,148,2389.67,150,149
6870,1,500,0,0,150,3,150,3,2.49638e+06,148,2441.67,150,149
6871,1,500,0,0,150,3,150,3,2.55004e+06,148,2495.33,150,149
6872,1,500,0,0,150,3,150,3,2.53371e+06,148,2479,150,149
6873,1,500,0,0,150,3,150,3,2.42371e+06,148,2369,150,149
6874,1,500,0,0,150,3,150,3,2.41604e+06,148,2361.33,150,149
6875,1,500,0,0,150,3,150,3,2.33038e+06,148,2275.67,150,149
6876,1,500,0,0,150,3,150,3,2.27804e+06,148,2223.33,150,149
6877,1,500,0,0,150,3,150,3,2.54171e+06,148,2487,150,149
6878,1,500,0,0,150,3,150,3,2.56871e+06,148,2514,150,149
6879,1,500,0,0,150,3,150,3,2.36438e+06,148,2309.67,150,149
6880,1,500,0,0,150,3,150,3,2.67671e+06,148,2622,150,149
6881,1,500,0,0,150,3,150,3,2.44738e+06,148,2392.67,150,149
6882,1,500,0,0,150,3,150,3,2.59971e+06,148,2545,150,149
6883,1,500,0,0,150,3,150,3,2.44338e+06,148,2388.67,150,149
6884,1,500,0,0,150,3,150,3,2.50271e+06,148,2448,150,149
6885,1,500,0,0,150,3,150,3,2.49538e+06,148,2440.67,150,149
6886,1,500,0,0,150,3,150,3,2.63238e+06,148,2577.67,150,149
6887,1,500,0,0,150,3,150,3,2.36338e+06,148,2308.67,150,149
6888,1,500,0,0,150,3,150,3,2.42204e+06,148,2367.33,150,149
6889,1,500,0,0,150,3,150,3,2.59071e+06,148,2536,150,149
6890,1,500,0,0,150,3,150,3,2.33371e+06,148,2279,150,149
6891,1,500,0,0,150,3,150,3,2.50071e+06,148,2446,150,149
6892,1,500,0,0,150,3,150,3,2.45171e+06,148,2397,150,149
6893,1,500,0,0,150,3,150,3,2.54171e+06,148,2487,150,149
6894,1,500,0,0,150,3,150,3,2.42238e+06,148,2367.67,150,149
6895,1,500,0,0,150,3,150,3,2.49971e+06,148,2445,150,149
6896,1,500,0,0,150,3,150,3,2.56971e+06,148,2515,150,149
6897,1,500,0,0,150,3,150,3,2.36304e+06,148,2308.33,150,149
6898,1,500,0,0,150,3,150,3,2.60838e+06,148,2553.67,150,149
6899,1,500,0,0,150,3,150,3,2.43504e+06,148,2380.33,150,149
6900,1,500,0,0,150,3,150,3,2.57038e+06,148,2515.67,150,149
6901,1,500,0,0,150,3,150,3,2.39938e+06,148,2344.67,150,149
6902,1,500,0,0,150,3,150,3,2.49338e+06,148,2438.67,150,149
6903,1,500,0,0,150,3,150,3,2.50438e+06,148,2449.67,150,149
6904,1,500,0,0,150,3,150,3,2.49138e+06,148,2436.67,150,149
6905,1,500,0,0,150,3,150,3,2.37404e+06,148,2319.33,150,149
6906,1,500,0,0,150,3,150,3,2.47704e+06,148,2422.33,150,149
6907,1,500,0,0,150,3,150,3,2.39504e+06,148,2340.33,150,149
6908,1,500,0,0,150,3,150,3,2.48738e+06,148,2432.67,150,149
6909,1,500,0,0,150,3,150,3,2.39471e+06,148,2340,150,149
6910,1,500,0,0,150,3,150,3,2.33338e+06,148,2278.67,150,149
6911,1,500,0,0,150,3,150,3,2.54804e+06,148,2493.33,150,149
6912,1,500,0,0,150,3,150,3,2.57204e+06,148,2517.33,150,149
6913,1,500,0,0,150,3,150,3,2.59904e+06,148,2544.33,150,149
6914,1,500,0,0,150,3,150,3,2.34438e+06,148,2289.67,150,149
6915,1,500,0,0,150,3,150,3,2.47971e+06,148,2425,150,149
6916,1,500,0,0,150,3,150,3,2.42804e+06,148,2373.33,150,149
6917,1,500,0,0,150,3,150,3,2.72271e+06,148,2668,150,149
6918,1,500,0,0,150,3,150,3,2.32871e+06,148,2274,150,149
6919,1,500,0,0,150,3,150,3,2.47738e+06,148,2422.67,150,149
6920,1,500,0,0,150,3,150,3,2.50704e+06,148,2452.33,150,149
6921,1,500,0,0,150,3,150,3,2.34238e+06,148,2287.67,150,149
6922,1,500,0,0,150,3,150,3,2.38871e+06,148,2334,150,149
6923,1,500,0,0,150,3,150,3,2.42938e+06,148,2374.67,150,149
6924,1,500,0,0,150,3,150,3,2.52538e+06,148,2470.67,150,149
6925,1,500,0,0,150,3,150,3,2.44371e+06,148,2389,150,149
6926,1,500,0,0,150,3,150,3,2.47038e+06,148,2415.67,150,149
6927,1,500,0,0,150,3,150,3,2.58238e+06,148,2527.67,150,149
6928,1,500,0,0,150,3,150,3,2.47004e+06,148,2415.33,150,149
6929,1,500,0,0,150,3,150,3,2.42071e+06,148,2366,150,149
6930,1,500,0,0,150,3,150,3,2.55538e+06,148,2500.67,150,149
6931,1,500,0,0,150,3,150,3,2.43271e+06,148,2378,150,149
6932,1,500,0,0,150,3,150,3,2.42304e+06,148,2368.33,150,149
6933,1,500,0,0,150,3,150,3,2.44804e+06,148,2393.33,150,149
6934,1,500,0,0,150,3,150,3,2.42271e+06,148,2368,150,149
6935,1,500,0,0,150,3,150,3,2.43638e+06,148,2381.67,150,149
6936,1,500,0,0,150,3,150,3,2.37571e+06,148,2321,150,149
6937,1,500,0,0,150,3,150,3,2.34338e+06,148,2288.67,150,149
6938,1,500,0,0,150,3,150,3,2.80104e+06,148,2746.33,150,149
6939,1,500,0,0,150,3,150,3,2.44071e+06,148,2386,150,149
6940,1,500,0,0,150,3,150,3,2.44238e+06,148,2387.67,150,149
6941,1,500,0,0,150,3,150,3,2.49971e+06,148,2445,150,149
6942,1,500,0,0,150,3,150,3,2.24038e+06,148,2185.67,150,149
6943,1,500,0,0,150,3,150,3,2.73071e+06,148,2676,150,149
6944,1,500,0,0,150,3,150,3,2.37438e+06,148,2319.67,150,149
6945,1,500,0,0,150,3,150,3,2.55804e+06,148,2503.33,150,149
6946,1,500,0,0,150,3,150,3,2.48838e+06,148,2433.67,150,149
6947,1,500,0,0,150,3,150,3,2.49238e+06,148,2437.67,150,149
6948,1,500,0,0,150,3,150,3,2.59438e+06,148,2539.67,150,149
6949,1,500,0,0,150,3,150,3,2.49904e+06,148,2444.33,150,149
6950,1,500,0,0,150,3,150,3,2.63404e+06,148,2579.33,150,149
6951,1,500,0,0,150,3,150,3,2.49838e+06,148,2443.67,150,149
6952,1,500,0,0,150,3,150,3,2.48004e+06,148,2425.33,150,149
6953,1,500,0,0,150,3,150,3,2.61738e+06,148,2562.67,150,149
6954,1,500,0,0,150,3,150,3,2.60238e+06,148,2547.67,150,149
6955,1,500,0,0,150,3,150,3,2.25838e+06,148,2203.67,150,149
6956,1,500,0,0,150,3,150,3,2.35204e+06,148,2297.33,150,149
6957,1,500,0,0,150,3,150,3,2.54538e+06,148,2490.67,150,149
6958,1,500,0,0,150,3,150,3,2.50371e+06,148,2449,150,149
6959,1,500,0,0,150,3,150,3,2.47871e+06,148,2424,150,149
6960,1,500,0,0,150,3,150,3,2.52904e+06,148,2474.33,150,149
6961,1,500,0,0,150,3,150,3,2.67771e+06,148,2623,150,149
6962,1,500,0,0,150,3,150,3,2.50471e+06,148,2450,150,149
6963,1,500,0,0,150,3,150,3,2.56771e+06,148,2513,150,149
6964,1,500,0,0,150,3,150,3,2.62304e+06,148,2568.33,150,149
6965,1,500,0,0,150,3,150,3,2.33404e+06,148,2279.33,150,149
6966,1,500,0,0,150,3,150,3,2.55338e+06,148,2498.67,150,149
6967,1,500,0,0,150,3,150,3,2.51638e+06,148,2461.67,150,149
6968,1,500,0,0,150,3,150,3,2.43104e+06,148,2376.33,150,149
6969,1,500,0,0,150,3,150,3,2.66838e+06,148,2613.67,150,149
6970,1,500,0,0,150,3,150,3,2.64871e+06,148,2594,150,149
6971,1,500,0,0,150,3,150,3,2.58071e+06,148,2526,150,149
6972,1,500,0,0,150,3,150,3,2.62771e+06,148,2573,150,149
6973,1,500,0,0,150,3,150,3,2.47871e+06,148,2424,150,149
6974,1,500,0,0,150,3,150,3,2.61938e+06,148,2564.67,150,149
6975,1,500,0,0,150,3,150,3,2.43904e+06,148,2384.33,150,149
6976,1,500,0,0,150,3,150,3,2.35904e+06,148,2304.33,150,149
6977,1,500,0,0,150,3,150,3,2.46404e+06,148,2409.33,150,149
6978,1,500,0,0,150,3,150,3,2.53504e+06,148,2480.33,150,149
6979,1,500,0,0,150,3,150,3,2.45171e+06,148,2397,150,149
6980,1,500,0,0,150,3,150,3,2.48004e+06,148,2425.33,150,149
6981,1,500,0,0,150,3,150,3,2.58838e+06,148,2533.67,150,149
6982,1,500,0,0,150,3,150,3,2.59438e+06,148,2539.67,150,149
6983,1,500,0,0,150,3,150,3,2.41371e+06,148,2359,150,149
6984,1,500,0,0,150,3,150,3,2.51071e+06,148,2456,150,149
6985,1,500,0,0,150,3,150,3,2.36604e+06,148,2311.33,150,149
6986,1,500,0,0,150,3,150,3,2.51038e+06,148,2455.67,150,149
6987,1,500,0,0,150,3,150,3,2.37404e+06,148,2319.33,150,149
6988,1,500,0,0,150,3,150,3,2.42404e+06,148,2369.33,150,149
6989,1,500,0,0,150,3,150,3,2.33771e+06,148,2283,150,149
6990,1,500,0,0,150,3,150,3,2.48738e+06,148,2432.67,150,149
6991,1,500,0,0,150,3,150,3,2.52938e+06,148,2474.67,150,149
6992,1,500,0,0,150,3,150,3,2.37138e+06,148,2316.67,150,149
6993,1,500,0,0,150,3,150,3,2.43238e+06,148,2377.67,150,149
6994,1,500,0,0,150,3,150,3,2.23571e+06,148,2181,150,149
6995,1,500,0,0,150,3,150,3,2.40704e+06,148,2352.33,150,149
6996,1,500,0,0,150,3,150,3,2.48038e+06,148,2425.67,150,149
6997,1,500,0,0,150,3,150,3,2.34871e+06,148,2294,150,149
6998,1,500,0,0,150,3,150,3,2.41071e+06,148,2356,150,149
6999,1,500,0,0,150,3,150,3,2.50871e+06,148,2454,150,149
7000,1,500,0,0,150,3,150,3,2.55538e+06,148,2500.67,150,149
7001,1,500,0,0,150,3,150,3,2.39038e+06,148,2335.67,150,149
7002,1,500,0,0,150,3,150,3,2.41538e+06,148,2360.67,150,149
7003,1,500,0,0,150,3,150,3,2.54471e+06,148,2490,150,149
7004,1,500,0,0,150,3,150,3,2.49404e+06,148,2439.33,150,149
7005,1,500,0,0,150,3,150,3,2.55604e+06,148,2501.33,150,149
7006,1,500,0,0,150,3,150,3,2.49938e+06,148,2444.67,150,149
7007,1,500,0,0,150,3,150,3,2.37004e+06,148,2315.33,150,149
7008,1,500,0,0,150,3,150,3,2.38738e+06,148,2332.67,150,149
7009,1,500,0,0,150,3,150,3,2.32171e+06,148,2267,150,149
7010,1,500,0,0,150,3,150,3,2.40104e+06,148,2346.33,150,149
7011,1,500,0,0,150,3,150,3,2.41138e+06,148,2356.67,150,149
7012,1,500,0,0,150,3,150,3,2.37171e+06,148,2317,150,149
7013,1,500,0,0,150,3,150,3,2.59738e+06,148,2542.67,150,149
7014,1,500,0,0,150,3,150,3,2.46471e+06,148,2410,150,149
7015,1,500,0,0,150,3,150,3,2.27171e+06,148,2217,150,149
7016,1,500,0,0,150,3,150,3,2.28704e+06,148,2232.33,150,149
7017,1,500,0,0,150,3,150,3,2.54638e+06,148,2491.67,150,149
7018,1,500,0,0,150,3,150,3,2.40938e+06,148,2354.67,150,149
7019,1,500,0,0,150,3,150,3,2.60004e+06,148,2545.33,150,149
7020,1,500,0,0,150,3,150,3,2.65338e+06,148,2598.67,150,149
7021,1,500,0,0,150,3,150,3,2.52571e+06,148,2471,150,149
7022,1,500,0,0,150,3,150,3,2.51071e+06,148,2456,150,149
7023,1,500,0,0,150,3,150,3,2.52238e+06,148,2467.67,150,149
7024,1,500,0,0,150,3,150,3,2.48438e+06,148,2429.67,150,149
7025,1,500,0,0,150,3,150,3,2.57138e+06,148,2516.67,150,149
7026,1,500,0,0,150,3,150,3,2.62304e+06,148,2568.33,150,149
7027,1,500,0,0,150,3,150,3,2.34438e+06,148,2289.67,150,149
7028,1,500,0,0,150,3,150,3,2.43571e+06,148,2381,150,149
7029,1,500,0,0,150,3,150,3,2.52204e+06,148,2467.33,150,149
7030,1,500,0,0,150,3,150,3,2.66504e+06,148,2610.33,150,149
7031,1,500,0,0,150,3,150,3,2.35838e+06,148,2303.67,150,149
7032,1,500,0,0,150,3,150,3,2.49404e+06,148,2439.33,150,149
7033,1,500,0,0,150,3,150,3,2.54538e+06,148,2490.67,150,149
7034,1,500,0,0,150,3,150,3,2.54571e+06,148,2491,150,149
7035,1,500,0,0,150,3,150,3,2.35238e+06,148,2297.67,150,149
7036,1,500,0,0,150,3,150,3,2.27771e+06,148,2223,150,149
7037,1,500,0,0,150,3,150,3,2.52871e+06,148,2474,150,149
7038,1,500,0,0,150,3,150,3,2.41671e+06,148,2362,150,149
7039,1,500,0,0,150,3,150,3,2.48904e+06,148,2434.33,150,149
7040,1,500,0,0,150,3,150,3,2.40038e+06,148,2345.67,150,149
7041,1,500,0,0,150,3,150,3,2.68804e+06,148,2633.33,150,149
7042,1,500,0,0,150,3,150,3,2.50838e+06,148,2453.67,150,149
7043,1,500,0,0,150,3,150,3,2.61638e+06,148,2561.67,150,149
7044,1,500,0,0,150,3,150,3,2.63771e+06,148,2583,150,149
7045,1,500,0,0,150,3,150,3,2.54904e+06,148,2494.33,150,149
7046,1,500,0,0,150,3,150,3,2.49304e+06,148,2438.33,150,149
7047,1,500,0,0,150,3,150,3,2.49671e+06,148,2442,150,149
7048,1,500,0,0,150,3,150,3,2.44104e+06,148,2386.33,150,149
7049,1,500,0,0,150,3,150,3,2.53671e+06,148,2482,150,149
7050,1,500,0,0,150,3,150,3,2.41271e+06,148,2358,150,149
7051,1,500,0,0,150,3,150,3,2.43438e+06,148,2379.67,150,149
7052,1,500,0,0,150,3,150,3,2.69638e+06,148,2641.67,150,149
7053,1,500,0,0,150,3,150,3,2.51204e+06,148,2457.33,150,149
7054,1,500,0,0,150,3,150,3,2.49171e+06,148,2437,150,149
7055,1,500,0,0,150,3,150,3,2.38871e+06,148,2334,150,149
7056,1,500,0,0,150,3,150,3,2.36371e+06,148,2309,150,149
7057,1,500,0,0,150,3,150,3,2.46204e+06,148,2407.33,150,149
7058,1,500,0,0,150,3,150,3,2.43871e+06,148,2384,150,149
7059,1,500,0,0,150,3,150,3,2.56604e+06,148,2511.33,150,149
7060,1,500,0,0,150,3,150,3,2.47071e+06,148,2416,150,149
7061,1,500,0,0,150,3,150,3,2.58071e+06,148,2526,150,149
7062,1,500,0,0,150,3,150,3,2.62271e+06,148,2568,150,149
7063,1,500,0,0,150,3,150,3,2.74238e+06,148,2687.67,150,149
7064,1,500,0,0,150,3,150,3,2.40538e+06,148,2350.67,150,149
7065,1,500,0,0,150,3,150,3,2.53404e+06,148,2479.33,150,149
7066,1,500,0,0,150,3,150,3,2.51004e+06,148,2455.33,150,149
7067,1,500,0,0,150,3,150,3,2.68038e+06,148,2625.67,150,149
7068,1,500,0,0,150,3,150,3,2.42104e+06,148,2366.33,150,149
7069,1,500,0,0,150,3,150,3,2.39238e+06,148,2337.67,150,149
7070,1,500,0,0,150,3,150,3,2.38004e+06,148,2325.33,150,149
7071,1,500,0,0,150,3,150,3,2.48471e+06,148,2430,150,149
7072,1,500,0,0,150,3,150,3,2.47104e+06,148,2416.33,150,149
7073,1,500,0,0,150,3,150,3,2.36571e+06,148,2311,150,149
7074,1,500,0,0,150,3,150,3,2.53704e+06,148,2482.33,150,149
7075,1,500,0,0,150,3,150,3,2.43304e+06,148,2378.33,150,149
7076,1,500,0,0,150,3,150,3,2.42338e+06,148,2368.67,150,149
7077,1,500,0,0,150,3,150,3,2.48871e+06,148,2434,150,149
7078,1,500,0,0,150,3,150,3,2.28838e+06,148,2233.67,150,149
7079,1,500,0,0,150,3,150,3,2.40271e+06,148,2348,150,149
7080,1,500,0,0,150,3,150,3,2.71238e+06,148,2657.67,150,149
7081,1,500,0,0,150,3,150,3,2.44938e+06,148,2394.67,150,149
7082,1,500,0,0,150,3,150,3,2.47204e+06,148,2417.33,150,149
7083,1,500,0,0,150,3,150,3,2.41471e+06,148,2360,150,149
7084,1,500,0,0,150,3,150,3,2.35738e+06,148,2302.67,150,149
7085,1,500,0,0,150,3,150,3,2.70904e+06,148,2654.33,150,149
7086,1,500,0,0,150,3,150,3,2.37671e+06,148,2322,150,149
7087,1,500,0,0,150,3,150,3,2.54104e+06,148,2486.33,150,149
7088,1,500,0,0,150,3,150,3,2.69438e+06,148,2639.67,150,149
7089,1,500,0,0,150,3,150,3,2.78604e+06,148,2731.33,150,149
7090,1,500,0,0,150,3,150,3,2.37204e+06,148,2317.33,150,149
7091,1,500,0,0,150,3,150,3,2.62038e+06,148,2565.67,150,149
7092,1,500,0,0,150,3,150,3,2.45504e+06,148,2400.33,150,149
7093,1,500,0,0,150,3,150,3,2.45304e+06,148,2398.33,150,149
7094,1,500,0,0,150,3,150,3,2.49504e+06,148,2440.33,150,149
7095,1,500,0,0,150,3,150,3,2.50938e+06,148,2454.67,150,149
7096,1,500,0,0,150,3,150,3,2.56204e+06,148,2507.33,150,149
7097,1,500,0,0,150,3,150,3,2.63571e+06,148,2581,150,149
7098,1,500,0,0,150,3,150,3,2.51271e+06,148,2458,150,149
7099,1,500,0,0,150,3,150,3,2.41338e+06,148,2358.67,150,149
7100,1,500,0,0,150,3,150,3,2.73038e+06,148,2675.67,150,149
7101,1,500,0,0,150,3,150,3,2.42338e+06,148,2368.67,150,149
7102,1,500,0,0,150,3,150,3,2.48038e+06,148,2425.67,150,149
7103,1,500,0,0,150,3,150,3,2.37338e+06,148,2318.67,150,149
7104,1,500,0,0,150,3,150,3,2.36538e+06,148,2310.67,150,149
7105,1,500,0,0,150,3,150,3,2.49771e+06,148,2443,150,149
7106,1,500,0,0,150,3,150,3,2.49938e+06,148,2444.67,150,149
7107,1,500,0,0,150,3,150,3,2.36871e+06,148,2314,150,149
7108,1,500,0,0,150,3,150,3,2.44138e+06,148,2386.67,150,149
7109,1,500,0,0,150,3,150,3,2.44671e+06,148,2392,150,149
7110,1,500,0,0,150,3,150,3,2.58738e+06,148,2532.67,150,149
7111,1,500,0,0,150,3,150,3,2.38438e+06,148,2329.67,150,149
7112,1,500,0,0,150,3,150,3,2.48638e+06,148,2431.67,150,149
7113,1,500,0,0,150,3,150,3,2.57771e+06,148,2523,150,149
7114,1,500,0,0,150,3,150,3,2.60438e+06,148,2549.67,150,149
7115,1,500,0,0,150,3,150,3,2.32604e+06,148,2271.33,150,149
7116,1,500,0,0,150,3,150,3,2.47604e+06,148,2421.33,150,149
7117,1,500,0,0,150,3,150,3,2.62704e+06,148,2572.33,150,149
7118,1,500,0,0,150,3,150,3,2.42171e+06,148,2367,150,149
7119,1,500,0,0,150,3,150,3,2.38604e+06,148,2331.33,150,149
7120,1,500,0,0,150,3,150,3,2.48038e+06,148,2425.67,150,149
7121,1,500,0,0,150,3,150,3,2.44104e+06,148,2386.33,150,149
7122,1,500,0,0,150,3,150,3,2.67171e+06,148,2617,150,149
7123,1,500,0,0,150,3,150,3,2.40304e+06,148,2348.33,150,149
7124,1,500,0,0,150,3,150,3,2.32704e+06,148,2272.33,150,149
7125,1,500,0,0,150,3,150,3,2.33604e+06,148,2281.33,150,149
7126,1,500,0,0,150,3,150,3,2.39571e+06,148,2341,150,149
7127,1,500,0,0,150,3,150,3,2.18038e+06,148,2125.67,150,149
7128,1,500,0,0,150,3,150,3,2.42471e+06,148,2370,150,149
7129,1,500,0,0,150,3,150,3,2.60504e+06,148,2550.33,150,149
7130,1,500,0,0,150,3,150,3,2.32438e+06,148,2269.67,150,149
7131,1,500,0,0,150,3,150,3,2.42704e+06,148,2372.33,150,149
7132,1,500,0,0,150,3,150,3,2.24504e+06,148,2190.33,150,149
7133,1,500,0,0,150,3,150,3,2.72538e+06,148,2670.67,150,149
7134,1,500,0,0,150,3,150,3,2.42404e+06,148,2369.33,150,149
7135,1,500,0,0,150,3,150,3,2.40871e+06,148,2354,150,149
7136,1,500,0,0,150,3,150,3,2.56238e+06,148,2507.67,150,149
7137,1,500,0,0,150,3,150,3,2.28171e+06,148,2227,150,149
7138,1,500,0,0,150,3,150,3,2.64338e+06,148,2588.67,150,149
7139,1,500,0,0,150,3,150,3,2.48304e+06,148,2428.33,150,149
7140,1,500,0,0,150,3,150,3,2.44038e+06,148,2385.67,150,149
7141,1,500,0,0,150,3,150,3,2.52171e+06,148,2467,150,149
7142,1,500,0,0,150,3,150,3,2.62371e+06,148,2569,150,149
7143,1,500,0,0,150,3,150,3,2.41504e+06,148,2360.33,150,149
7144,1,500,0,0,150,3,150,3,2.34904e+06,148,2294.33,150,149
7145,1,500,0,0,150,3,150,3,2.55238e+06,148,2497.67,150,149
7146,1,500,0,0,150,3,150,3,2.61204e+06,148,2557.33,150,149
7147,1,500,0,0,150,3,150,3,2.59504e+06,148,2540.33,150,149
7148,1,500,0,0,150,3,150,3,2.51371e+06,148,2459,150,149
7149,1,500,0,0,150,3,150,3,2.55138e+06,148,2496.67,150,149
7150,1,500,0,0,150,3,150,3,2.37538e+06,148,2320.67,150,149
7151,1,500,0,0,150,3,150,3,2.64104e+06,148,2586.33,150,149
7152,1,500,0,0,150,3,150,3,2.57504e+06,148,2520.33,150,149
7153,1,500,0,0,150,3,150,3,2.66938e+06,148,2614.67,150,149
7154,1,500,0,0,150,3,150,3,2.38671e+06,148,2332,150,149
7155,1,500,0,0,150,3,150,3,2.57171e+06,148,2517,150,149
7156,1,500,0,0,150,3,150,3,2.44804e+06,148,2393.33,150,149
7157,1,500,0,0,150,3,150,3,2.61938e+06,148,2564.67,150,149
7158,1,500,0,0,150,3,150,3,2.45604e+06,148,2401.33,150,149
7159,1,500,0,0,150,3,150,3,2.54638e+06,148,2491.67,150,149
7160,1,500,0,0,150,3,150,3,2.65838e+06,148,2603.67,150,149
7161,1,500,0,0,150,3,150,3,2.32638e+06,148,2271.67,150,149
7162,1,500,0,0,150,3,150,3,2.43804e+06,148,2383.33,150,149
7163,1,500,0,0,150,3,150,3,2.42438e+06,148,2369.67,150,149
7164,1,500,0,0,150,3,150,3,2.35071e+06,148,2296,150,149
7165,1,500,0,0,150,3,150,3,2.57971e+06,148,2525,150,149
7166,1,500,0,0,150,3,150,3,2.47904e+06,148,2424.33,150,149
7167,1,500,0,0,150,3,150,3,2.67838e+06,148,2623.67,150,149
7168,1,500,0,0,150,3,150,3,2.44671e+06,148,2392,150,149
7169,1,500,0,0,150,3,150,3,2.61704e+06,148,2562.33,150,149
7170,1,500,0,0,150,3,150,3,2.63704e+06,148,2582.33,150,149
7171,1,500,0,0,150,3,150,3,2.46671e+06,148,2412,150,149
7172,1,500,0,0,150,3,150,3,2.29904e+06,148,2244.33,150,149
7173,1,500,0,0,150,3,150,3,2.63971e+06,148,2585,150,149
7174,1,500,0,0,150,3,150,3,2.52471e+06,148,2470,150,149
7175,1,500,0,0,150,3,150,3,2.32271e+06,148,2268,150,149
7176,1,500,0,0,150,3,150,3,2.54504e+06,148,2490.33,150,149
7177,1,500,0,0,150,3,150,3,2.67171e+06,148,2617,150,149
7178,1,500,0,0,150,3,150,3,2.32671e+06,148,2272,150,149
7179,1,500,0,0,150,3,150,3,2.69071e+06,148,2636,150,149
7180,1,500,0,0,150,3,150,3,2.45804e+06,148,2403.33,150,149
7181,1,500,0,0,150,3,150,3,2.43471e+06,148,2380,150,149
7182,1,500,0,0,150,3,150,3,2.52538e+06,148,2470.67,150,149
7183,1,500,0,0,150,3,150,3,2.42704e+06,148,2372.33,150,149
7184,1,500,0,0,150,3,150,3,2.65938e+06,148,2604.67,150,149
7185,1,500,0,0,150,3,150,3,2.42471e+06,148,2370,150,149
7186,1,500,0,0,150,3,150,3,2.47738e+06,148,2422.67,150,149
7187,1,500,0,0,150,3,150,3,2.54838e+06,148,2493.67,150,149
7188,1,500,0,0,150,3,150,3,2.40504e+06,148,2350.33,150,149
7189,1,500,0,0,150,3,150,3,2.48871e+06,148,2434,150,149
7190,1,500,0,0,150,3,150,3,2.57371e+06,148,2519,150,149
7191,1,500,0,0,150,3,150,3,2.41038e+06,148,2355.67,150,149
7192,1,500,0,0,150,3,150,3,2.51571e+06,148,2461,150,149
7193,1,500,0,0,150,3,150,3,2.55338e+06,148,2498.67,150,149
7194,1,500,0,0,150,3,150,3,2.51871e+06,148,2464,150,149
7195,1,500,0,0,150,3,150,3,2.44671e+06,148,2392,150,149
7196,1,500,0,0,150,3,150,3,2.50704e+06,148,2452.33,150,149
7197,1,500,0,0,150,3,150,3,2.55238e+06,148,2497.67,150,149
7198,1,500,0,0,150,3,150,3,2.45971e+06,148,2405,150,149
7199,1,500,0,0,150,3,150,3,2.50538e+06,148,2450.67,150,149
7200,1,500,0,0,150,3,150,3,2.42171e+06,148,2367,150,149
7201,1,500,0,0,150,3,150,3,2.40171e+06,148,2347,150,149
7202,1,500,0,0,150,3,150,3,2.41438e+06,148,2359.67,150,149
7203,1,500,0,0,150,3,150,3,2.23838e+06,148,2183.67,150,149
7204,1,500,0,0,150,3,150,3,2.50704e+06,148,2452.33,150,149
7205,1,500,0,0,150,3,150,3,2.46704e+06,148,2412.33,150,149
7206,1,500,0,0,150,3,150,3,2.39838e+06,148,2343.67,150,149
7207,1,500,0,0,150,3,150,3,2.52838e+06,148,2473.67,150,149
7208,1,500,0,0,150,3,150,3,2.48638e+06,148,2431.67,150,149
7209,1,500,0,0,150,3,150,3,2.43571e+06,148,2381,150,149
7210,1,500,0,0,150,3,150,3,2.43771e+06,148,2383,150,149
7211,1,500,0,0,150,3,150,3,2.38971e+06,148,2335,150,149
7212,1,500,0,0,150,3,150,3,2.57871e+06,148,2524,150,149
7213,1,500,0,0,150,3,150,3,2.44971e+06,148,2395,150,149
7214,1,500,0,0,150,3,150,3,2.62504e+06,148,2570.33,150,149
7215,1,500,0,0,150,3,150,3,2.52771e+06,148,2473,150,149
7216,1,500,0,0,150,3,150,3,2.62938e+06,148,2574.67,150,149
7217,1,500,0,0,150,3,150,3,2.37604e+06,148,2321.33,150,149
7218,1,500,0,0,150,3,150,3,2.30338e+06,148,2248.67,150,149
7219,1,500,0,0,150,3,150,3,2.41404e+06,148,2359.33,150,149
7220,1,500,0,0,150,3,150,3,2.39338e+06,148,2338.67,150,149
7221,1,500,0,0,150,3,150,3,2.49738e+06,148,2442.67,150,149
7222,1,500,0,0,150,3,150,3,2.41071e+06,148,2356,150,149
7223,1,500,0,0,150,3,150,3,2.44304e+06,148,2388.33,150,149
7224,1,500,0,0,150,3,150,3,2.55538e+06,148,2500.67,150,149
7225,1,500,0,0,150,3,150,3,2.60204e+06,148,2547.33,150,149
7226,1,500,0,0,150,3,150,3,2.58238e+06,148,2527.67,150,149
7227,1,500,0,0,150,3,150,3,2.45138e+06,148,2396.67,150,149
7228,1,500,0,0,150,3,150,3,2.44804e+06,148,2393.33,150,149
7229,1,500,0,0,150,3,150,3,2.44838e+06,148,2393.67,150,149
7230,1,500,0,0,150,3,150,3,2.49038e+06,148,2435.67,150,149
7231,1,500,0,0,150,3,150,3,2.38604e+06,148,2331.33,150,149
7232,1,500,0,0,150,3,150,3,2.66938e+06,148,2614.67,150,149
7233,1,500,0,0,150,3,150,3,2.40504e+06,148,2350.33,150,149
7234,1,500,0,0,150,3,150,3,2.49738e+06,148,2442.67,150,149
7235,1,500,0,0,150,3,150,3,2.49838e+06,148,2443.67,150,149
7236,1,500,0,0,150,3,150,3,2.81038e+06,148,2755.67,150,149
7237,1,500,0,0,150,3,150,3,2.46204e+06,148,2407.33,150,149
7238,1,500,0,0,150,3,150,3,2.49271e+06,148,2438,150,149
7239,1,500,0,0,150,3,150,3,2.53704e+06,148,2482.33,150,149
7240,1,500,0,0,150,3,150,3,2.25738e+06,148,2202.67,150,149
7241,1,500,0,0,150,3,150,3,2.47271e+06,148,2418,150,149
7242,1,500,0,0,150,3,150,3,2.35971e+06,148,2305,150,149
7243,1,500,0,0,150,3,150,3,2.44604e+06,148,2391.33,150,149
7244,1,500,0,0,150,3,150,3,2.41638e+06,148,2361.67,150,149
7245,1,500,0,0,150,3,150,3,2.46604e+06,148,2411.33,150,149
7246,1,500,0,0,150,3,150,3,2.64971e+06,148,2595,150,149
7247,1,500,0,0,150,3,150,3,2.21138e+06,148,2156.67,150,149
7248,1,500,0,0,150,3,150,3,2.55504e+06,148,2500.33,150,149
7249,1,500,0,0,150,3,150,3,2.41338e+06,148,2358.67,150,149
7250,1,500,0,0,150,3,150,3,2.30404e+06,148,2249.33,150,149
7251,1,500,0,0,150,3,150,3,2.39938e+06,148,2344.67,150,149
7252,1,500,0,0,150,3,150,3,2.39004e+06,148,2335.33,150,149
7253,1,500,0,0,150,3,150,3,2.62304e+06,148,2568.33,150,149
7254,1,500,0,0,150,3,150,3,2.56471e+06,148,2510,150,149
7255,1,500,0,0,150,3,150,3,2.65038e+06,148,2595.67,150,149
7256,1,500,0,0,150,3,150,3,2.39404e+06,148,2339.33,150,149
7257,1,500,0,0,150,3,150,3,2.60471e+06,148,2550,150,149
7258,1,500,0,0,150,3,150,3,2.49138e+06,148,2436.67,150,149
7259,1,500,0,0,150,3,150,3,2.51904e+06,148,2464.33,150,149
7260,1,500,0,0,150,3,150,3,2.33638e+06,148,2281.67,150,149
7261,1,500,0,0,150,3,150,3,2.55471e+06,148,2500,150,149
7262,1,500,0,0,150,3,150,3,2.51304e+06,148,2458.33,150,149
7263,1,500,0,0,150,3,150,3,2.50171e+06,148,2447,150,149
7264,1,500,0,0,150,3,150,3,2.29104e+06,148,2236.33,150,149
7265,1,500,0,0,150,3,150,3,2.58004e+06,148,2525.33,150,149
7266,1,500,0,0,150,3,150,3,2.68271e+06,148,2628,150,149
7267,1,500,0,0,150,3,150,3,2.39704e+06,148,2342.33,150,149
7268,1,500,0,0,150,3,150,3,2.42904e+06,148,2374.33,150,149
7269,1,500,0,0,150,3,150,3,2.43504e+06,148,2380.33,150,149
7270,1,500,0,0,150,3,150,3,2.38238e+06,148,2327.67,150,149
7271,1,500,0,0,150,3,150,3,2.43538e+06,148,2380.67,150,149
7272,1,500,0,0,150,3,150,3,2.56104e+06,148,2506.33,150,149
7273,1,500,0,0,150,3,150,3,2.59338e+06,148,2538.67,150,149
7274,1,500,0,0,150,3,150,3,2.48671e+06,148,2432,150,149
7275,1,500,0,0,150,3,150,3,2.53871e+06,148,2484,150,149
7276,1,500,0,0,150,3,150,3,2.46138e+06,148,2406.67,150,149
7277,1,500,0,0,150,3,150,3,2.26538e+06,148,2210.67,150,149
7278,1,500,0,0,150,3,150,3,2.31204e+06,148,2257.33,150,149
7279,1,500,0,0,150,3,150,3,2.26071e+06,148,2206,150,149
7280,1,500,0,0,150,3,150,3,2.46371e+06,148,2409,150,149
7281,1,500,0,0,150,3,150,3,2.51204e+06,148,2457.33,150,149
7282,1,500,0,0,150,3,150,3,2.57771e+06,148,2523,150,149
7283,1,500,0,0,150,3,150,3,2.34971e+06,148,2295,150,149
7284,1,500,0,0,150,3,150,3,2.45504e+06,148,2400.33,150,149
7285,1,500,0,0,150,3,150,3,2.42338e+06,148,2368.67,150,149
7286,1,500,0,0,150,3,150,3,2.40638e+06,148,2351.67,150,149
7287,1,500,0,0,150,3,150,3,2.56604e+06,148,2511.33,150,149
7288,1,500,0,0,150,3,150,3,2.51204e+06,148,2457.33,150,149
7289,1,500,0,0,150,3,150,3,2.50504e+06,148,2450.33,150,149
7290,1,500,0,0,150,3,150,3,2.44571e+06,148,2391,150,149
7291,1,500,0,0,150,3,150,3,2.52104e+06,148,2466.33,150,149
7292,1,500,0,0,150,3,150,3,2.45738e+06,148,2402.67,150,149
7293,1,500,0,0,150,3,150,3,2.35971e+06,148,2305,150,149
7294,1,500,0,0,150,3,150,3,2.57904e+06,148,2524.33,150,149
7295,1,500,0,0,150,3,150,3,2.49104e+06,148,2436.33,150,149
7296,1,500,0,0,150,3,150,3,2.51438e+06,148,2459.67,150,149
7297,1,500,0,0,150,3,150,3,2.60438e+06,148,2549.67,150,149
7298,1,500,0,0,150,3,150,3,2.41971e+06,148,2365,150,149
7299,1,500,0,0,150,3,150,3,2.56938e+06,148,2514.67,150,149
7300,1,500,0,0,150,3,150,3,2.49838e+06,148,2443.67,150,149
7301,1,500,0,0,150,3,150,3,2.51571e+06,148,2461,150,149
7302,1,500,0,0,150,3,150,3,2.57304e+06,148,2518.33,150,149
7303,1,500,0,0,150,3,150,3,2.41038e+06,148,2355.67,150,149
7304,1,500,0,0,150,3,150,3,2.31538e+06,148,2260.67,150,149
7305,1,500,0,0,150,3,150,3,2.38538e+06,148,2330.67,150,149
7306,1,500,0,0,150,3,150,3,2.24804e+06,148,2193.33,150,149
7307,1,500,0,0,150,3,150,3,2.63504e+06,148,2580.33,150,149
7308,1,500,0,0,150,3,150,3,2.47571e+06,148,2421,150,149
7309,1,500,0,0,150,3,150,3,2.36804e+06,148,2313.33,150,149
7310,1,500,0,0,150,3,150,3,2.30204e+06,148,2247.33,150,149
7311,1,500,0,0,150,3,150,3,2.40071e+06,148,2346,150,149
7312,1,500,0,0,150,3,150,3,2.42838e+06,148,2373.67,150,149
7313,1,500,0,0,150,3,150,3,2.27804e+06,148,2223.33,150,149
7314,1,500,0,0,150,3,150,3,2.55604e+06,148,2501.33,150,149
7315,1,500,0,0,150,3,150,3,2.32171e+06,148,2267,150,149
7316,1,500,0,0,150,3,150,3,2.52971e+06,148,2475,150,149
7317,1,500,0,0,150,3,150,3,2.60104e+06,148,2546.33,150,149
7318,1,500,0,0,150,3,150,3,2.33604e+06,148,2281.33,150,149
7319,1,500,0,0,150,3,150,3,2.41638e+06,148,2361.67,150,149
7320,1,500,0,0,150,3,150,3,2.36238e+06,148,2307.67,150,149
7321,1,500,0,0,150,3,150,3,2.31204e+06,148,2257.33,150,149
7322,1,500,0,0,150,3,150,3,2.60971e+06,148,2555,150,149
7323,1,500,0,0,150,3,150,3,2.51404e+06,148,2459.33,150,149
7324,1,500,0,0,150,3,150,3,2.30171e+06,148,2247,150,149
7325,1,500,0,0,150,3,150,3,2.40071e+06,148,2346,150,149
7326,1,500,0,0,150,3,150,3,2.50938e+06,148,2454.67,150,149
7327,1,500,0,0,150,3,150,3,2.58838e+06,148,2533.67,150,149
7328,1,500,0,0,150,3,150,3,2.59904e+06,148,2544.33,150,149
7329,1,500,0,0,150,3,150,3,2.44238e+06,148,2387.67,150,149
7330,1,500,0,0,150,3,150,3,2.43204e+06,148,2377.33,150,149
7331,1,500,0,0,150,3,150,3,2.28204e+06,148,2227.33,150,149
7332,1,500,0,0,150,3,150,3,2.34538e+06,148,2290.67,150,149
7333,1,500,0,0,150,3,150,3,2.42871e+06,148,2374,150,149
7334,1,500,0,0,150,3,150,3,2.55671e+06,148,2502,150,149
7335,1,500,0,0,150,3,150,3,2.45338e+06,148,2398.67,150,149
7336,1,500,0,0,150,3,150,3,2.42971e+06,148,2375,150,149
7337,1,500,0,0,150,3,150,3,2.57604e+06,148,2521.33,150,149
7338,1,500,0,0,150,3,150,3,2.50771e+06,148,2453,150,149
7339,1,500,0,0,150,3,150,3,2.19838e+06,148,2143.67,150,149
7340,1,500,0,0,150,3,150,3,2.52671e+06,148,2472,150,149
7341,1,500,0,0,150,3,150,3,2.40404e+06,148,2349.33,150,149
7342,1,500,0,0,150,3,150,3,2.71504e+06,148,2660.33,150,149
7343,1,500,0,0,150,3,150,3,2.43538e+06,148,2380.67,150,149
7344,1,500,0,0,150,3,150,3,2.51304e+06,148,2458.33,150,149
7345,1,500,0,0,150,3,150,3,2.61571e+06,148,2561,150,149
7346,1,500,0,0,150,3,150,3,2.44638e+06,148,2391.67,150,149
7347,1,500,0,0,150,3,150,3,2.41771e+06,148,2363,150,149
7348,1,500,0,0,150,3,150,3,2.62304e+06,148,2568.33,150,149
7349,1,500,0,0,150,3,150,3,2.47438e+06,148,2419.67,150,149
7350,1,500,0,0,150,3,150,3,2.55571e+06,148,2501,150,149
7351,1,500,0,0,150,3,150,3,2.54571e+06,148,2491,150,149
7352,1,500,0,0,150,3,150,3,2.53071e+06,148,2476,150,149
7353,1,500,0,0,150,3,150,3,2.51471e+06,148,2460,150,149
7354,1,500,0,0,150,3,150,3,2.58738e+06,148,2532.67,150,149
7355,1,500,0,0,150,3,150,3,2.59138e+06,148,2536.67,150,149
7356,1,500,0,0,150,3,150,3,2.61971e+06,148,2565,150,149
7357,1,500,0,0,150,3,150,3,2.41804e+06,148,2363.33,150,149
7358,1,500,0,0,150,3,150,3,2.47104e+06,148,2416.33,150,149
7359,1,500,0,0,150,3,150,3,2.43104e+06,148,2376.33,150,149
7360,1,500,0,0,150,3,150,3,2.55538e+06,148,2500.67,150,149
7361,1,500,0,0,150,3,150,3,2.55371e+06,148,2499,150,149
7362,1,500,0,0,150,3,150,3,2.59904e+06,148,2544.33,150,149
7363,1,500,0,0,150,3,150,3,2.56538e+06,148,2510.67,150,149
7364,1,500,0,0,150,3,150,3,2.42338e+06,148,2368.67,150,149
7365,1,500,0,0,150,3,150,3,2.56071e+06,148,2506,150,149
7366,1,500,0,0,150,3,150,3,2.40104e+06,148,2346.33,150,149
7367,1,500,0,0,150,3,150,3,2.49138e+06,148,2436.67,150,149
7368,1,500,0,0,150,3,150,3,2.56571e+06,148,2511,150,149
7369,1,500,0,0,150,3,150,3,2.49671e+06,148,2442,150,149
7370,1,500,0,0,150,3,150,3,2.52638e+06,148,2471.67,150,149
7371,1,500,0,0,150,3,150,3,2.47504e+06,148,2420.33,150,149
7372,1,500,0,0,150,3,150,3,2.40904e+06,148,2354.33,150,149
7373,1,500,0,0,150,3,150,3,2.47871e+06,148,2424,150,149
7374,1,500,0,0,150,3,150,3,2.41371e+06,148,2359,150,149
7375,1,500,0,0,150,3,150,3,2.50738e+06,148,2452.67,150,149
7376,1,500,0,0,150,3,150,3,2.44138e+06,148,2386.67,150,149
7377,1,500,0,0,150,3,150,3,2.78638e+06,148,2731.67,150,149
7378,1,500,0,0,150,3,150,3,2.71938e+06,148,2664.67,150,149
7379,1,500,0,0,150,3,150,3,2.55838e+06,148,2503.67,150,149
7380,1,500,0,0,150,3,150,3,2.43471e+06,148,2380,150,149
7381,1,500,0,0,150,3,150,3,2.39538e+06,148,2340.67,150,149
7382,1,500,0,0,150,3,150,3,2.41004e+06,148,2355.33,150,149
7383,1,500,0,0,150,3,150,3,2.60804e+06,148,2553.33,150,149
7384,1,500,0,0,150,3,150,3,2.40104e+06,148,2346.33,150,149
7385,1,500,0,0,150,3,150,3,2.50738e+06,148,2452.67,150,149
7386,1,500,0,0,150,3,150,3,2.42638e+06,148,2371.67,150,149
7387,1,500,0,0,150,3,150,3,2.50671e+06,148,2452,150,149
7388,1,500,0,0,150,3,150,3,2.30038e+06,148,2245.67,150,149
7389,1,500,0,0,150,3,150,3,2.52004e+06,148,2465.33,150,149
7390,1,500,0,0,150,3,150,3,2.36371e+06,148,2309,150,149
7391,1,500,0,0,150,3,150,3,2.46938e+06,148,2414.67,150,149
7392,1,500,0,0,150,3,150,3,2.45304e+06,148,2398.33,150,149
7393,1,500,0,0,150,3,150,3,2.63604e+06,148,2581.33,150,149
7394,1,500,0,0,150,3,150,3,2.48671e+06,148,2432,150,149
7395,1,500,0,0,150,3,150,3,2.48371e+06,148,2429,150,149
7396,1,500,0,0,150,3,150,3,2.48238e+06,148,2427.67,150,149
7397,1,500,0,0,150,3,150,3,2.65571e+06,148,2601,150,149
7398,1,500,0,0,150,3,150,3,2.33804e+06,148,2283.33,150,149
7399,1,500,0,0,150,3,150,3,2.47404e+06,148,2419.33,150,149
7400,1,500,0,0,150,3,150,3,2.38038e+06,148,2325.67,150,149
7401,1,500,0,0,150,3,150,3,2.48404e+06,148,2429.33,150,149
7402,1,500,0,0,150,3,150,3,2.57471e+06,148,2520,150,149
7403,1,500,0,0,150,3,150,3,2.30438e+06,148,2249.67,150,149
7404,1,500,0,0,150,3,150,3,2.36738e+06,148,2312.67,150,149
7405,1,500,0,0,150,3,150,3,2.68138e+06,148,2626.67,150,149
7406,1,500,0,0,150,3,150,3,2.49771e+06,148,2443,150,149
7407,1,500,0,0,150,3,150,3,2.38304e+06,148,2328.33,150,149
7408,1,500,0,0,150,3,150,3,2.48804e+06,148,2433.33,150,149
7409,1,500,0,0,150,3,150,3,2.46838e+06,148,2413.67,150,149
7410,1,500,0,0,150,3,150,3,2.61671e+06,148,2562,150,149
7411,1,500,0,0,150,3,150,3,2.38004e+06,148,2325.33,150,149
7412,1,500,0,0,150,3,150,3,2.40971e+06,148,2355,150,149
7413,1,500,0,0,150,3,150,3,2.54471e+06,148,2490,150,149
7414,1,500,0,0,150,3,150,3,2.48604e+06,148,2431.33,150,149
7415,1,500,0,0,150,3,150,3,2.57338e+06,148,2518.67,150,149
7416,1,500,0,0,150,3,150,3,2.47471e+06,148,2420,150,149
7417,1,500,0,0,150,3,150,3,2.32338e+06,148,2268.67,150,149
7418,1,500,0,0,150,3,150,3,2.26471e+06,148,2210,150,149
7419,1,500,0,0,150,3,150,3,2.65538e+06,148,2600.67,150,149
7420,1,500,0,0,150,3,150,3,2.49371e+06,148,2439,150,149
7421,1,500,0,0,150,3,150,3,2.39971e+06,148,2345,150,149
7422,1,500,0,0,150,3,150,3,2.46771e+06,148,2413,150,149
7423,1,500,0,0,150,3,150,3,2.42338e+06,148,2368.67,150,149
7424,1,500,0,0,150,3,150,3,2.61471e+06,148,2560,150,149
7425,1,500,0,0,150,3,150,3,2.38138e+06,148,2326.67,150,149
7426,1,500,0,0,150,3,150,3,2.56804e+06,148,2513.33,150,149
7427,1,500,0,0,150,3,150,3,2.50971e+06,148,2455,150,149
7428,1,500,0,0,150,3,150,3,2.35771e+06,148,2303,150,149
7429,1,500,0,0,150,3,150,3,2.55238e+06,148,2497.67,150,149
7430,1,500,0,0,150,3,150,3,2.48938e+06,148,2434.67,150,149
7431,1,500,0,0,150,3,150,3,2.37704e+06,148,2322.33,150,149
7432,1,500,0,0,150,3,150,3,2.55871e+06,148,2504,150,149
7433,1,500,0,0,150,3,150,3,2.61171e+06,148,2557,150,149
7434,1,500,0,0,150,3,150,3,2.44771e+06,148,2393,150,149
7435,1,500,0,0,150,3,150,3,2.65204e+06,148,2597.33,150,149
7436,1,500,0,0,150,3,150,3,2.52804e+06,148,2473.33,150,149
7437,1,500,0,0,150,3,150,3,2.69871e+06,148,2644,150,149
7438,1,500,0,0,150,3,150,3,2.57738e+06,148,2522.67,150,149
7439,1,500,0,0,150,3,150,3,2.45871e+06,148,2404,150,149
7440,1,500,0,0,150,3,150,3,2.49971e+06,148,2445,150,149
7441,1,500,0,0,150,3,150,3,2.37404e+06,148,2319.33,150,149
7442,1,500,0,0,150,3,150,3,2.43038e+06,148,2375.67,150,149
7443,1,500,0,0,150,3,150,3,2.41338e+06,148,2358.67,150,149
7444,1,500,0,0,150,3,150,3,2.47804e+06,148,2423.33,150,149
7445,1,500,0,0,150,3,150,3,2.47038e+06,148,2415.67,150,149
7446,1,500,0,0,150,3,150,3,2.58738e+06,148,2532.67,150,149
7447,1,500,0,0,150,3,150,3,2.50704e+06,148,2452.33,150,149
7448,1,500,0,0,150,3,150,3,2.57171e+06,148,2517,150,149
7449,1,500,0,0,150,3,150,3,2.45804e+06,148,2403.33,150,149
7450,1,500,0,0,150,3,150,3,2.50571e+06,148,2451,150,149
7451,1,500,0,0,150,3,150,3,2.50971e+06,148,2455,150,149
7452,1,500,0,0,150,3,150,3,2.51104e+06,148,2456.33,150,149
7453,1,500,0,0,150,3,150,3,2.57604e+06,148,2521.33,150,149
7454,1,500,0,0,150,3,150,3,2.49871e+06,148,2444,150,149
7455,1,500,0,0,150,3,150,3,2.60104e+06,148,2546.33,150,149
7456,1,500,0,0,150,3,150,3,2.43071e+06,148,2376,150,149
7457,1,500,0,0,150,3,150,3,2.39171e+06,148,2337,150,149
7458,1,500,0,0,150,3,150,3,2.19738e+06,148,2142.67,150,149
7459,1,500,0,0,150,3,150,3,2.54004e+06,148,2485.33,150,149
7460,1,500,0,0,150,3,150,3,2.55504e+06,148,2500.33,150,149
7461,1,500,0,0,150,3,150,3,2.72204e+06,148,2667.33,150,149
7462,1,500,0,0,150,3,150,3,2.52704e+06,148,2472.33,150,149
7463,1,500,0,0,150,3,150,3,2.48738e+06,148,2432.67,150,149
7464,1,500,0,0,150,3,150,3,2.44104e+06,148,2386.33,150,149
7465,1,500,0,0,150,3,150,3,2.51238e+06,148,2457.67,150,149
7466,1,500,0,0,150,3,150,3,2.48304e+06,148,2428.33,150,149
7467,1,500,0,0,150,3,150,3,2.32904e+06,148,2274.33,150,149
7468,1,500,0,0,150,3,150,3,2.50004e+06,148,2445.33,150,149
7469,1,500,0,0,150,3,150,3,2.38404e+06,148,2329.33,150,149
7470,1,500,0,0,150,3,150,3,2.52771e+06,148,2473,150,149
7471,1,500,0,0,150,3,150,3,2.47938e+06,148,2424.67,150,149
7472,1,500,0,0,150,3,150,3,2.56338e+06,148,2508.67,150,149
7473,1,500,0,0,150,3,150,3,2.52771e+06,148,2473,150,149
7474,1,500,0,0,150,3,150,3,2.34704e+06,148,2292.33,150,149
7475,1,500,0,0,150,3,150,3,2.48138e+06,148,2426.67,150,149
7476,1,500,0,0,150,3,150,3,2.56938e+06,148,2514.67,150,149
7477,1,500,0,0,150,3,150,3,2.39171e+06,148,2337,150,149
7478,1,500,0,0,150,3,150,3,2.43604e+06,148,2381.33,150,149
7479,1,500,0,0,150,3,150,3,2.38438e+06,148,2329.67,150,149
7480,1,500,0,0,150,3,150,3,2.57938e+06,148,2524.67,150,149
7481,1,500,0,0,150,3,150,3,2.58504e+06,148,2530.33,150,149
7482,1,500,0,0,150,3,150,3,2.55071e+06,148,2496,150,149
7483,1,500,0,0,150,3,150,3,2.33104e+06,148,2276.33,150,149
7484,1,500,0,0,150,3,150,3,2.41204e+06,148,2357.33,150,149
7485,1,500,0,0,150,3,150,3,2.45171e+06,148,2397,150,149
7486,1,500,0,0,150,3,150,3,2.48138e+06,148,2426.67,150,149
7487,1,500,0,0,150,3,150,3,2.33204e+06,148,2277.33,150,149
7488,1,500,0,0,150,3,150,3,2.44471e+06,148,2390,150,149
7489,1,500,0,0,150,3,150,3,2.40071e+06,148,2346,150,149
7490,1,500,0,0,150,3,150,3,2.58138e+06,148,2526.67,150,149
7491,1,500,0,0,150,3,150,3,2.42771e+06,148,2373,150,149
7492,1,500,0,0,150,3,150,3,2.44238e+06,148,2387.67,150,149
7493,1,500,0,0,150,3,150,3,2.47238e+06,148,2417.67,150,149
7494,1,500,0,0,150,3,150,3,2.43204e+06,148,2377.33,150,149
7495,1,500,0,0,150,3,150,3,2.24904e+06,148,2194.33,150,149
7496,1,500,0,0,150,3,150,3,2.46471e+06,148,2410,150,149
7497,1,500,0,0,150,3,150,3,2.50738e+06,148,2452.67,150,149
7498,1,500,0,0,150,3,150,3,2.43604e+06,148,2381.33,150,149
7499,1,500,0,0,150,3,150,3,2.70771e+06,148,2653,150,149
7500,1,500,0,0,150,3,150,3,2.23838e+06,148,2183.67,150,149
7501,1,500,0,0,150,3,150,3,2.52238e+06,148,2467.67,150,149
7502,1,500,0,0,150,3,150,3,2.43204e+06,148,2377.33,150,149
7503,1,500,0,0,150,3,150,3,2.53738e+06,148,2482.67,150,149
7504,1,500,0,0,150,3,150,3,2.55904e+06,148,2504.33,150,149
7505,1,500,0,0,150,3,150,3,2.46604e+06,148,2411.33,150,149
7506,1,500,0,0,150,3,150,3,2.46971e+06,148,2415,150,149
7507,1,500,0,0,150,3,150,3,2.41238e+06,148,2357.67,150,149
7508,1,500,0,0,150,3,150,3,2.60104e+06,148,2546.33,150,149
7509,1,500,0,0,150,3,150,3,2.49038e+06,148,2435.67,150,149
7510,1,500,0,0,150,3,150,3,2.39738e+06,148,2342.67,150,149
7511,1,500,0,0,150,3,150,3,2.48704e+06,148,2432.33,150,149
7512,1,500,0,0,150,3,150,3,2.29171e+06,148,2237,150,149
7513,1,500,0,0,150,3,150,3,2.33871e+06,148,2284,150,149
7514,1,500,0,0,150,3,150,3,2.62538e+06,148,2570.67,150,149
7515,1,500,0,0,150,3,150,3,2.40771e+06,148,2353,150,149
7516,1,500,0,0,150,3,150,3,2.39804e+06,148,2343.33,150,149
7517,1,500,0,0,150,3,150,3,2.44904e+06,148,2394.33,150,149
7518,1,500,0,0,150,3,150,3,2.50638e+06,148,2451.67,150,149
7519,1,500,0,0,150,3,150,3,2.54538e+06,148,2490.67,150,149
7520,1,500,0,0,150,3,150,3,2.36971e+06,148,2315,150,149
7521,1,500,0,0,150,3,150,3,2.48138e+06,148,2426.67,150,149
7522,1,500,0,0,150,3,150,3,2.57771e+06,148,2523,150,149
7523,1,500,0,0,150,3,150,3,2.52538e+06,148,2470.67,150,149
7524,1,500,0,0,150,3,150,3,2.42671e+06,148,2372,150,149
7525,1,500,0,0,150,3,150,3,2.39971e+06,148,2345,150,149
7526,1,500,0,0,150,3,150,3,2.48371e+06,148,2429,150,149
7527,1,500,0,0,150,3,150,3,2.50071e+06,148,2446,150,149
7528,1,500,0,0,150,3,150,3,2.31104e+06,148,2256.33,150,149
7529,1,500,0,0,150,3,150,3,2.56438e+06,148,2509.67,150,149
7530,1,500,0,0,150,3,150,3,2.54871e+06,148,2494,150,149
7531,1,500,0,0,150,3,150,3,2.46071e+06,148,2406,150,149
7532,1,500,0,0,150,3,150,3,2.38871e+06,148,2334,150,149
7533,1,500,0,0,150,3,150,3,2.50904e+06,148,2454.33,150,149
7534,1,500,0,0,150,3,150,3,2.40038e+06,148,2345.67,150,149
7535,1,500,0,0,150,3,150,3,2.48338e+06,148,2428.67,150,149
7536,1,500,0,0,150,3,150,3,2.43304e+06,148,2378.33,150,149
7537,1,500,0,0,150,3,150,3,2.68938e+06,148,2634.67,150,149
7538,1,500,0,0,150,3,150,3,2.51638e+06,148,2461.67,150,149
7539,1,500,0,0,150,3,150,3,2.47371e+06,148,2419,150,149
7540,1,500,0,0,150,3,150,3,2.58904e+06,148,2534.33,150,149
7541,1,500,0,0,150,3,150,3,2.50471e+06,148,2450,150,149
7542,1,500,0,0,150,3,150,3,2.38571e+06,148,2331,150,149
7543,1,500,0,0,150,3,150,3,2.55204e+06,148,2497.33,150,149
7544,1,500,0,0,150,3,150,3,2.40004e+06,148,2345.33,150,149
7545,1,500,0,0,150,3,150,3,2.44838e+06,148,2393.67,150,149
7546,1,500,0,0,150,3,150,3,2.63304e+06,148,2578.33,150,149
7547,1,500,0,0,150,3,150,3,2.49238e+06,148,2437.67,150,149
7548,1,500,0,0,150,3,150,3,2.56138e+06,148,2506.67,150,149
7549,1,500,0,0,150,3,150,3,2.71738e+06,148,2662.67,150,149
7550,1,500,0,0,150,3,150,3,2.34971e+06,148,2295,150,149
7551,1,500,0,0,150,3,150,3,2.74238e+06,148,2687.67,150,149
7552,1,500,0,0,150,3,150,3,2.36804e+06,148,2313.33,150,149
7553,1,500,0,0,150,3,150,3,2.56904e+06,148,2514.33,150,149
7554,1,500,0,0,150,3,150,3,2.63404e+06,148,2579.33,150,149
7555,1,500,0,0,150,3,150,3,2.51804e+06,148,2463.33,150,149
7556,1,500,0,0,150,3,150,3,2.42004e+06,148,2365.33,150,149
7557,1,500,0,0,150,3,150,3,2.39404e+06,148,2339.33,150,149
7558,1,500,0,0,150,3,150,3,2.45271e+06,148,2398,150,149
7559,1,500,0,0,150,3,150,3,2.41038e+06,148,2355.67,150,149
7560,1,500,0,0,150,3,150,3,2.52704e+06,148,2472.33,150,149
7561,1,500,0,0,150,3,150,3,2.54904e+06,148,2494.33,150,149
7562,1,500,0,0,150,3,150,3,2.42704e+06,148,2372.33,150,149
7563,1,500,0,0,150,3,150,3,2.62804e+06,148,2573.33,150,149
7564,1,500,0,0,150,3,150,3,2.51938e+06,148,2464.67,150,149
7565,1,500,0,0,150,3,150,3,2.34138e+06,148,2286.67,150,149
7566,1,500,0,0,150,3,150,3,2.56138e+06,148,2506.67,150,149
7567,1,500,0,0,150,3,150,3,2.23138e+06,148,2176.67,150,149
7568,1,500,0,0,150,3,150,3,2.46204e+06,148,2407.33,150,149
7569,1,500,0,0,150,3,150,3,2.58071e+06,148,2526,150,149
7570,1,500,0,0,150,3,150,3,2.58304e+06,148,2528.33,150,149
7571,1,500,0,0,150,3,150,3,2.43571e+06,148,2381,150,149
7572,1,500,0,0,150,3,150,3,2.41204e+06,148,2357.33,150,149
7573,1,500,0,0,150,3,150,3,2.63371e+06,148,2579,150,149
7574,1,500,0,0,150,3,150,3,2.50104e+06,148,2446.33,150,149
7575,1,500,0,0,150,3,150,3,2.59638e+06,148,2541.67,150,149
7576,1,500,0,0,150,3,150,3,2.38204e+06,148,2327.33,150,149
7577,1,500,0,0,150,3,150,3,2.61171e+06,148,2557,150,149
7578,1,500,0,0,150,3,150,3,2.70571e+06,148,2651,150,149
7579,1,500,0,0,150,3,150,3,2.37504e+06,148,2320.33,150,149
7580,1,500,0,0,150,3,150,3,2.55638e+06,148,2501.67,150,149
7581,1,500,0,0,150,3,150,3,2.34771e+06,148,2293,150,149
7582,1,500,0,0,150,3,150,3,2.47304e+06,148,2418.33,150,149
7583,1,500,0,0,150,3,150,3,2.42471e+06,148,2370,150,149
7584,1,500,0,0,150,3,150,3,2.36504e+06,148,2310.33,150,149
7585,1,500,0,0,150,3,150,3,2.55671e+06,148,2502,150,149
7586,1,500,0,0,150,3,150,3,2.62138e+06,148,2566.67,150,149
7587,1,500,0,0,150,3,150,3,2.41904e+06,148,2364.33,150,149
7588,1,500,0,0,150,3,150,3,2.40871e+06,148,2354,150,149
7589,1,500,0,0,150,3,150,3,2.48171e+06,148,2427,150,149
7590,1,500,0,0,150,3,150,3,2.47104e+06,148,2416.33,150,149
7591,1,500,0,0,150,3,150,3,2.29671e+06,148,2242,150,149
7592,1,500,0,0,150,3,150,3,2.57338e+06,148,2518.67,150,149
7593,1,500,0,0,150,3,150,3,2.70604e+06,148,2651.33,150,149
7594,1,500,0,0,150,3,150,3,2.55671e+06,148,2502,150,149
7595,1,500,0,0,150,3,150,3,2.32071e+06,148,2266,150,149
7596,1,500,0,0,150,3,150,3,2.19438e+06,148,2139.67,150,149
7597,1,500,0,0,150,3,150,3,2.42738e+06,148,2372.67,150,149
7598,1,500,0,0,150,3,150,3,2.59371e+06,148,2539,150,149
7599,1,500,0,0,150,3,150,3,2.47304e+06,148,2418.33,150,149
7600,1,500,0,0,150,3,150,3,2.42138e+06,148,2366.67,150,149
7601,1,500,0,0,150,3,150,3,2.59138e+06,148,2536.67,150,149
7602,1,500,0,0,150,3,150,3,2.49304e+06,148,2438.33,150,149
7603,1,500,0,0,150,3,150,3,2.45504e+06,148,2400.33,150,149
7604,1,500,0,0,150,3,150,3,2.63971e+06,148,2585,150,149
7605,1,500,0,0,150,3,150,3,2.33771e+06,148,2283,150,149
7606,1,500,0,0,150,3,150,3,2.45438e+06,148,2399.67,150,149
7607,1,500,0,0,150,3,150,3,2.60138e+06,148,2546.67,150,149
7608,1,500,0,0,150,3,150,3,2.47171e+06,148,2417,150,149
7609,1,500,0,0,150,3,150,3,2.71538e+06,148,2660.67,150,149
7610,1,500,0,0,150,3,150,3,2.39471e+06,148,2340,150,149
7611,1,500,0,0,150,3,150,3,2.28271e+06,148,2228,150,149
7612,1,500,0,0,150,3,150,3,2.35804e+06,148,2303.33,150,149
7613,1,500,0,0,150,3,150,3,2.55138e+06,148,2496.67,150,149
7614,1,500,0,0,150,3,150,3,2.43838e+06,148,2383.67,150,149
7615,1,500,0,0,150,3,150,3,2.30738e+06,148,2252.67,150,149
7616,1,500,0,0,150,3,150,3,2.44038e+06,148,2385.67,150,149
7617,1,500,0,0,150,3,150,3,2.51304e+06,148,2458.33,150,149
7618,1,500,0,0,150,3,150,3,2.62438e+06,148,2569.67,150,149
7619,1,500,0,0,150,3,150,3,2.34804e+06,148,2293.33,150,149
7620,1,500,0,0,150,3,150,3,2.75371e+06,148,2699,150,149
7621,1,500,0,0,150,3,150,3,2.38471e+06,148,2330,150,149
7622,1,500,0,0,150,3,150,3,2.28471e+06,148,2230,150,149
7623,1,500,0,0,150,3,150,3,2.28971e+06,148,2235,150,149
7624,1,500,0,0,150,3,150,3,2.50738e+06,148,2452.67,150,149
7625,1,500,0,0,150,3,150,3,2.45138e+06,148,2396.67,150,149
7626,1,500,0,0,150,3,150,3,2.43938e+06,148,2384.67,150,149
7627,1,500,0,0,150,3,150,3,2.53071e+06,148,2476,150,149
7628,1,500,0,0,150,3,150,3,2.70438e+06,148,2649.67,150,149
7629,1,500,0,0,150,3,150,3,2.42071e+06,148,2366,150,149
7630,1,500,0,0,150,3,150,3,2.64204e+06,148,2587.33,150,149
7631,1,500,0,0,150,3,150,3,2.49438e+06,148,2439.67,150,149
7632,1,500,0,0,150,3,150,3,2.48071e+06,148,2426,150,149
7633,1,500,0,0,150,3,150,3,2.34338e+06,148,2288.67,150,149
7634,1,500,0,0,150,3,150,3,2.55271e+06,148,2498,150,149
7635,1,500,0,0,150,3,150,3,2.41404e+06,148,2359.33,150,149
7636,1,500,0,0,150,3,150,3,2.23038e+06,148,2175.67,150,149
7637,1,500,0,0,150,3,150,3,2.62504e+06,148,2570.33,150,149
7638,1,500,0,0,150,3,150,3,2.44038e+06,148,2385.67,150,149
7639,1,500,0,0,150,3,150,3,2.63038e+06,148,2575.67,150,149
7640,1,500,0,0,150,3,150,3,2.43838e+06,148,2383.67,150,149
7641,1,500,0,0,150,3,150,3,2.50038e+06,148,2445.67,150,149
7642,1,500,0,0,150,3,150,3,2.49771e+06,148,2443,150,149
7643,1,500,0,0,150,3,150,3,2.57471e+06,148,2520,150,149
7644,1,500,0,0,150,3,150,3,2.55671e+06,148,2502,150,149
7645,1,500,0,0,150,3,150,3,2.36604e+06,148,2311.33,150,149
7646,1,500,0,0,150,3,150,3,2.40171e+06,148,2347,150,149
7647,1,500,0,0,150,3,150,3,2.56971e+06,148,2515,150,149
7648,1,500,0,0,150,3,150,3,2.31238e+06,148,2257.67,150,149
7649,1,500,0,0,150,3,150,3,2.63638e+06,148,2581.67,150,149
7650,1,500,0,0,150,3,150,3,2.39004e+06,148,2335.33,150,149
7651,1,500,0,0,150,3,150,3,2.22671e+06,148,2172,150,149
7652,1,500,0,0,150,3,150,3,2.50638e+06,148,2451.67,150,149
7653,1,500,0,0,150,3,150,3,2.40038e+06,148,2345.67,150,149
7654,1,500,0,0,150,3,150,3,2.41038e+06,148,2355.67,150,149
7655,1,500,0,0,150,3,150,3,2.20171e+06,148,2147,150,149
7656,1,500,0,0,150,3,150,3,2.52104e+06,148,2466.33,150,149
7657,1,500,0,0,150,3,150,3,2.39971e+06,148,2345,150,149
7658,1,500,0,0,150,3,150,3,2.40838e+06,148,2353.67,150,149
7659,1,500,0,0,150,3,150,3,2.71071e+06,148,2656,150,149
7660,1,500,0,0,150,3,150,3,2.42371e+06,148,2369,150,149
7661,1,500,0,0,150,3,150,3,2.66438e+06,148,2609.67,150,149
7662,1,500,0,0,150,3,150,3,2.59571e+06,148,2541,150,149
7663,1,500,0,0,150,3,150,3,2.34538e+06,148,2290.67,150,149
7664,1,500,0,0,150,3,150,3,2.48504e+06,148,2430.33,150,149
7665,1,500,0,0,150,3,150,3,2.62504e+06,148,2570.33,150,149
7666,1,500,0,0,150,3,150,3,2.72871e+06,148,2674,150,149
7667,1,500,0,0,150,3,150,3,2.58404e+06,148,2529.33,150,149
7668,1,500,0,0,150,3,150,3,2.34271e+06,148,2288,150,149
7669,1,500,0,0,150,3,150,3,2.45738e+06,148,2402.67,150,149
7670,1,500,0,0,150,3,150,3,2.42371e+06,148,2369,150,149
7671,1,500,0,0,150,3,150,3,2.50304e+06,148,2448.33,150,149
7672,1,500,0,0,150,3,150,3,2.42804e+06,148,2373.33,150,149
7673,1,500,0,0,150,3,150,3,2.27404e+06,148,2219.33,150,149
7674,1,500,0,0,150,3,150,3,2.42304e+06,148,2368.33,150,149
7675,1,500,0,0,150,3,150,3,2.32838e+06,148,2273.67,150,149
7676,1,500,0,0,150,3,150,3,2.49371e+06,148,2439,150,149
7677,1,500,0,0,150,3,150,3,2.15638e+06,148,2101.67,150,149
7678,1,500,0,0,150,3,150,3,2.47571e+06,148,2421,150,149
7679,1,500,0,0,150,3,150,3,2.48171e+06,148,2427,150,149
7680,1,500,0,0,150,3,150,3,2.34271e+06,148,2288,150,149
7681,1,500,0,0,150,3,150,3,2.47404e+06,148,2419.33,150,149
7682,1,500,0,0,150,3,150,3,2.33204e+06,148,2277.33,150,149
7683,1,500,0,0,150,3,150,3,2.52038e+06,148,2465.67,150,149
7684,1,500,0,0,150,3,150,3,2.51204e+06,148,2457.33,150,149
7685,1,500,0,0,150,3,150,3,2.48738e+06,148,2432.67,150,149
7686,1,500,0,0,150,3,150,3,2.44004e+06,148,2385.33,150,149
7687,1,500,0,0,150,3,150,3,2.75871e+06,148,2704,150,149
7688,1,500,0,0,150,3,150,3,2.66871e+06,148,2614,150,149
7689,1,500,0,0,150,3,150,3,2.46071e+06,148,2406,150,149
7690,1,500,0,0,150,3,150,3,2.44438e+06,148,2389.67,150,149
7691,1,500,0,0,150,3,150,3,2.48038e+06,148,2425.67,150,149
7692,1,500,0,0,150,3,150,3,2.45738e+06,148,2402.67,150,149
7693,1,500,0,0,150,3,150,3,2.48271e+06,148,2428,150,149
7694,1,500,0,0,150,3,150,3,2.32771e+06,148,2273,150,149
7695,1,500,0,0,150,3,150,3,2.44371e+06,148,2389,150,149
7696,1,500,0,0,150,3,150,3,2.41171e+06,148,2357,150,149
7697,1,500,0,0,150,3,150,3,2.40971e+06,148,2355,150,149
7698,1,500,0,0,150,3,150,3,2.66038e+06,148,2605.67,150,149
7699,1,500,0,0,150,3,150,3,2.34604e+06,148,2291.33,150,149
7700,1,500,0,0,150,3,150,3,2.44971e+06,148,2395,150,149
7701,1,500,0,0,150,3,150,3,2.61538e+06,148,2560.67,150,149
7702,1,500,0,0,150,3,150,3,2.42804e+06,148,2373.33,150,149
7703,1,500,0,0,150,3,150,3,2.48438e+06,148,2429.67,150,149
7704,1,500,0,0,150,3,150,3,2.62138e+06,148,2566.67,150,149
7705,1,500,0,0,150,3,150,3,2.48071e+06,148,2426,150,149
7706,1,500,0,0,150,3,150,3,2.49704e+06,148,2442.33,150,149
7707,1,500,0,0,150,3,150,3,2.30371e+06,148,2249,150,149
7708,1,500,0,0,150,3,150,3,2.59004e+06,148,2535.33,150,149
7709,1,500,0,0,150,3,150,3,2.54738e+06,148,2492.67,150,149
7710,1,500,0,0,150,3,150,3,2.58104e+06,148,2526.33,150,149
7711,1,500,0,0,150,3,150,3,2.36071e+06,148,2306,150,149
7712,1,500,0,0,150,3,150,3,2.61138e+06,148,2556.67,150,149
7713,1,500,0,0,150,3,150,3,2.48938e+06,148,2434.67,150,149
7714,1,500,0,0,150,3,150,3,2.28938e+06,148,2234.67,150,149
7715,1,500,0,0,150,3,150,3,2.47638e+06,148,2421.67,150,149
7716,1,500,0,0,150,3,150,3,2.44204e+06,148,2387.33,150,149
7717,1,500,0,0,150,3,150,3,2.56271e+06,148,2508,150,149
7718,1,500,0,0,150,3,150,3,2.51971e+06,148,2465,150,149
7719,1,500,0,0,150,3,150,3,2.30804e+06,148,2253.33,150,149
7720,1,500,0,0,150,3,150,3,2.29704e+06,148,2242.33,150,149
7721,1,500,0,0,150,3,150,3,2.43604e+06,148,2381.33,150,149
7722,1,500,0,0,150,3,150,3,2.73804e+06,148,2683.33,150,149
7723,1,500,0,0,150,3,150,3,2.36871e+06,148,2314,150,149
7724,1,500,0,0,150,3,150,3,2.45904e+06,148,2404.33,150,149
7725,1,500,0,0,150,3,150,3,2.50038e+06,148,2445.67,150,149
7726,1,500,0,0,150,3,150,3,2.50138e+06,148,2446.67,150,149
7727,1,500,0,0,150,3,150,3,2.16571e+06,148,2111,150,149
7728,1,500,0,0,150,3,150,3,2.47571e+06,148,2421,150,149
7729,1,500,0,0,150,3,150,3,2.51138e+06,148,2456.67,150,149
7730,1,500,0,0,150,3,150,3,2.27371e+06,148,2219,150,149
7731,1,500,0,0,150,3,150,3,2.37338e+06,148,2318.67,150,149
7732,1,500,0,0,150,3,150,3,2.39404e+06,148,2339.33,150,149
7733,1,500,0,0,150,3,150,3,2.59138e+06,148,2536.67,150,149
7734,1,500,0,0,150,3,150,3,2.50438e+06,148,2449.67,150,149
7735,1,500,0,0,150,3,150,3,2.40471e+06,148,2350,150,149
7736,1,500,0,0,150,3,150,3,2.37304e+06,148,2318.33,150,149
7737,1,500,0,0,150,3,150,3,2.34271e+06,148,2288,150,149
7738,1,500,0,0,150,3,150,3,2.25304e+06,148,2198.33,150,149
7739,1,500,0,0,150,3,150,3,2.54038e+06,148,2485.67,150,149
7740,1,500,0,0,150,3,150,3,2.32071e+06,148,2266,150,149
7741,1,500,0,0,150,3,150,3,2.44804e+06,148,2393.33,150,149
7742,1,500,0,0,150,3,150,3,2.35971e+06,148,2305,150,149
7743,1,500,0,0,150,3,150,3,2.35204e+06,148,2297.33,150,149
7744,1,500,0,0,150,3,150,3,2.53738e+06,148,2482.67,150,149
7745,1,500,0,0,150,3,150,3,2.64138e+06,148,2586.67,150,149
7746,1,500,0,0,150,3,150,3,2.53238e+06,148,2477.67,150,149
7747,1,500,0,0,150,3,150,3,2.38771e+06,148,2333,150,149
7748,1,500,0,0,150,3,150,3,2.45904e+06,148,2404.33,150,149
7749,1,500,0,0,150,3,150,3,2.61504e+06,148,2560.33,150,149
7750,1,500,0,0,150,3,150,3,2.35704e+06,148,2302.33,150,149
7751,1,500,0,0,150,3,150,3,2.37604e+06,148,2321.33,150,149
7752,1,500,0,0,150,3,150,3,2.65438e+06,148,2599.67,150,149
7753,1,500,0,0,150,3,150,3,2.33938e+06,148,2284.67,150,149
7754,1,500,0,0,150,3,150,3,2.46104e+06,148,2406.33,150,149
7755,1,500,0,0,150,3,150,3,2.49404e+06,148,2439.33,150,149
7756,1,500,0,0,150,3,150,3,2.66204e+06,148,2607.33,150,149
7757,1,500,0,0,150,3,150,3,2.45504e+06,148,2400.33,150,149
7758,1,500,0,0,150,3,150,3,2.38271e+06,148,2328,150,149
7759,1,500,0,0,150,3,150,3,2.54071e+06,148,2486,150,149
7760,1,500,0,0,150,3,150,3,2.46804e+06,148,2413.33,150,149
7761,1,500,0,0,150,3,150,3,2.46738e+06,148,2412.67,150,149
7762,1,500,0,0,150,3,150,3,2.52438e+06,148,2469.67,150,149
7763,1,500,0,0,150,3,150,3,2.30271e+06,148,2248,150,149
7764,1,500,0,0,150,3,150,3,2.50538e+06,148,2450.67,150,149
7765,1,500,0,0,150,3,150,3,2.43938e+06,148,2384.67,150,149
7766,1,500,0,0,150,3,150,3,2.63738e+06,148,2582.67,150,149
7767,1,500,0,0,150,3,150,3,2.43238e+06,148,2377.67,150,149
7768,1,500,0,0,150,3,150,3,2.41271e+06,148,2358,150,149
7769,1,500,0,0,150,3,150,3,2.47238e+06,148,2417.67,150,149
7770,1,500,0,0,150,3,150,3,2.60938e+06,148,2554.67,150,149
7771,1,500,0,0,150,3,150,3,2.43671e+06,148,2382,150,149
7772,1,500,0,0,150,3,150,3,2.57771e+06,148,2523,150,149
7773,1,500,0,0,150,3,150,3,2.44204e+06,148,2387.33,150,149
7774,1,500,0,0,150,3,150,3,2.45604e+06,148,2401.33,150,149
7775,1,500,0,0,150,3,150,3,2.45538e+06,148,2400.67,150,149
7776,1,500,0,0,150,3,150,3,2.60471e+06,148,2550,150,149
7777,1,500,0,0,150,3,150,3,2.59071e+06,148,2536,150,149
7778,1,500,0,0,150,3,150,3,2.57038e+06,148,2515.67,150,149
7779,1,500,0,0,150,3,150,3,2.46238e+06,148,2407.67,150,149
7780,1,500,0,0,150,3,150,3,2.25971e+06,148,2205,150,149
7781,1,500,0,0,150,3,150,3,2.39804e+06,148,2343.33,150,149
7782,1,500,0,0,150,3,150,3,2.53738e+06,148,2482.67,150,149
7783,1,500,0,0,150,3,150,3,2.47504e+06,148,2420.33,150,149
7784,1,500,0,0,150,3,150,3,2.49304e+06,148,2438.33,150,149
7785,1,500,0,0,150,3,150,3,2.63538e+06,148,2580.67,150,149
7786,1,500,0,0,150,3,150,3,2.54271e+06,148,2488,150,149
7787,1,500,0,0,150,3,150,3,2.33704e+06,148,2282.33,150,149
7788,1,500,0,0,150,3,150,3,2.39971e+06,148,2345,150,149
7789,1,500,0,0,150,3,150,3,2.34104e+06,148,2286.33,150,149
7790,1,500,0,0,150,3,150,3,2.67238e+06,148,2617.67,150,149
7791,1,500,0,0,150,3,150,3,2.59304e+06,148,2538.33,150,149
7792,1,500,0,0,150,3,150,3,2.61938e+06,148,2564.67,150,149
7793,1,500,0,0,150,3,150,3,2.68204e+06,148,2627.33,150,149
7794,1,500,0,0,150,3,150,3,2.52804e+06,148,2473.33,150,149
7795,1,500,0,0,150,3,150,3,2.59404e+06,148,2539.33,150,149
7796,1,500,0,0,150,3,150,3,2.60771e+06,148,2553,150,149
7797,1,500,0,0,150,3,150,3,2.44604e+06,148,2391.33,150,149
7798,1,500,0,0,150,3,150,3,2.48938e+06,148,2434.67,150,149
7799,1,500,0,0,150,3,150,3,2.44138e+06,148,2386.67,150,149
7800,1,500,0,0,150,3,150,3,2.33971e+06,148,2285,150,149
7801,1,500,0,0,150,3,150,3,2.53938e+06,148,2484.67,150,149
7802,1,500,0,0,150,3,150,3,2.46771e+06,148,2413,150,149
7803,1,500,0,0,150,3,150,3,2.46271e+06,148,2408,150,149
7804,1,500,0,0,150,3,150,3,2.29638e+06,148,2241.67,150,149
7805,1,500,0,0,150,3,150,3,2.62404e+06,148,2569.33,150,149
7806,1,500,0,0,150,3,150,3,2.60404e+06,148,2549.33,150,149
7807,1,500,0,0,150,3,150,3,2.45038e+06,148,2395.67,150,149
7808,1,500,0,0,150,3,150,3,2.66171e+06,148,2607,150,149
7809,1,500,0,0,150,3,150,3,2.61204e+06,148,2557.33,150,149
7810,1,500,0,0,150,3,150,3,2.58038e+06,148,2525.67,150,149
7811,1,500,0,0,150,3,150,3,2.59571e+06,148,2541,150,149
7812,1,500,0,0,150,3,150,3,2.42604e+06,148,2371.33,150,149
7813,1,500,0,0,150,3,150,3,2.47971e+06,148,2425,150,149
7814,1,500,0,0,150,3,150,3,2.44838e+06,148,2393.67,150,149
7815,1,500,0,0,150,3,150,3,2.31604e+06,148,2261.33,150,149
7816,1,500,0,0,150,3,150,3,2.71504e+06,148,2660.33,150,149
7817,1,500,0,0,150,3,150,3,2.58071e+06,148,2526,150,149
7818,1,500,0,0,150,3,150,3,2.50938e+06,148,2454.67,150,149
7819,1,500,0,0,150,3,150,3,2.66204e+06,148,2607.33,150,149
7820,1,500,0,0,150,3,150,3,2.56871e+06,148,2514,150,149
7821,1,500,0,0,150,3,150,3,2.56871e+06,148,2514,150,149
7822,1,500,0,0,150,3,150,3,2.40338e+06,148,2348.67,150,149
7823,1,500,0,0,150,3,150,3,2.44404e+06,148,2389.33,150,149
7824,1,500,0,0,150,3,150,3,2.44038e+06,148,2385.67,150,149
7825,1,500,0,0,150,3,150,3,2.49671e+06,148,2442,150,149
7826,1,500,0,0,150,3,150,3,2.54604e+06,148,2491.33,150,149
7827,1,500,0,0,150,3,150,3,2.43671e+06,148,2382,150,149
7828,1,500,0,0,150,3,150,3,2.50238e+06,148,2447.67,150,149
7829,1,500,0,0,150,3,150,3,2.46571e+06,148,2411,150,149
7830,1,500,0,0,150,3,150,3,2.37404e+06,148,2319.33,150,149
7831,1,500,0,0,150,3,150,3,2.48438e+06,148,2429.67,150,149
7832,1,500,0,0,150,3,150,3,2.59571e+06,148,2541,150,149
7833,1,500,0,0,150,3,150,3,2.49304e+06,148,2438.33,150,149
7834,1,500,0,0,150,3,150,3,2.42871e+06,148,2374,150,149
7835,1,500,0,0,150,3,150,3,2.54371e+06,148,2489,150,149
7836,1,500,0,0,150,3,150,3,2.50304e+06,148,2448.33,150,149
7837,1,500,0,0,150,3,150,3,2.48271e+06,148,2428,150,149
7838,1,500,0,0,150,3,150,3,2.40438e+06,148,2349.67,150,149
7839,1,500,0,0,150,3,150,3,2.30638e+06,148,2251.67,150,149
7840,1,500,0,0,150,3,150,3,2.55338e+06,148,2498.67,150,149
7841,1,500,0,0,150,3,150,3,2.24604e+06,148,2191.33,150,149
7842,1,500,0,0,150,3,150,3,2.50071e+06,148,2446,150,149
7843,1,500,0,0,150,3,150,3,2.43404e+06,148,2379.33,150,149
7844,1,500,0,0,150,3,150,3,2.51771e+06,148,2463,150,149
7845,1,500,0,0,150,3,150,3,2.46438e+06,148,2409.67,150,149
7846,1,500,0,0,150,3,150,3,2.70638e+06,148,2651.67,150,149
7847,1,500,0,0,150,3,150,3,2.60938e+06,148,2554.67,150,149
7848,1,500,0,0,150,3,150,3,2.33271e+06,148,2278,150,149
7849,1,500,0,0,150,3,150,3,2.53238e+06,148,2477.67,150,149
7850,1,500,0,0,150,3,150,3,2.50771e+06,148,2453,150,149
7851,1,500,0,0,150,3,150,3,2.61138e+06,148,2556.67,150,149
7852,1,500,0,0,150,3,150,3,2.52004e+06,148,2465.33,150,149
7853,1,500,0,0,150,3,150,3,2.55904e+06,148,2504.33,150,149
7854,1,500,0,0,150,3,150,3,2.46638e+06,148,2411.67,150,149
7855,1,500,0,0,150,3,150,3,2.54038e+06,148,2485.67,150,149
7856,1,500,0,0,150,3,150,3,2.45638e+06,148,2401.67,150,149
7857,1,500,0,0,150,3,150,3,2.61104e+06,148,2556.33,150,149
7858,1,500,0,0,150,3,150,3,2.53004e+06,148,2475.33,150,149
7859,1,500,0,0,150,3,150,3,2.37671e+06,148,2322,150,149
7860,1,500,0,0,150,3,150,3,2.61338e+06,148,2558.67,150,149
7861,1,500,0,0,150,3,150,3,2.22371e+06,148,2169,150,149
7862,1,500,0,0,150,3,150,3,2.69504e+06,148,2640.33,150,149
7863,1,500,0,0,150,3,150,3,2.54871e+06,148,2494,150,149
7864,1,500,0,0,150,3,150,3,2.47404e+06,148,2419.33,150,149
7865,1,500,0,0,150,3,150,3,2.41504e+06,148,2360.33,150,149
7866,1,500,0,0,150,3,150,3,2.29704e+06,148,2242.33,150,149
7867,1,500,0,0,150,3,150,3,2.60738e+06,148,2552.67,150,149
7868,1,500,0,0,150,3,150,3,2.58238e+06,148,2527.67,150,149
7869,1,500,0,0,150,3,150,3,2.56304e+06,148,2508.33,150,149
7870,1,500,0,0,150,3,150,3,2.64704e+06,148,2592.33,150,149
7871,1,500,0,0,150,3,150,3,2.73338e+06,148,2678.67,150,149
7872,1,500,0,0,150,3,150,3,2.39671e+06,148,2342,150,149
7873,1,500,0,0,150,3,150,3,2.29771e+06,148,2243,150,149
7874,1,500,0,0,150,3,150,3,2.46238e+06,148,2407.67,150,149
7875,1,500,0,0,150,3,150,3,2.70038e+06,148,2645.67,150,149
7876,1,500,0,0,150,3,150,3,2.47138e+06,148,2416.67,150,149
7877,1,500,0,0,150,3,150,3,2.52438e+06,148,2469.67,150,149
7878,1,500,0,0,150,3,150,3,2.56671e+06,148,2512,150,149
7879,1,500,0,0,150,3,150,3,2.52904e+06,148,2474.33,150,149
7880,1,500,0,0,150,3,150,3,2.22738e+06,148,2172.67,150,149
7881,1,500,0,0,150,3,150,3,2.47404e+06,148,2419.33,150,149
7882,1,500,0,0,150,3,150,3,2.35238e+06,148,2297.67,150,149
7883,1,500,0,0,150,3,150,3,2.39271e+06,148,2338,150,149
7884,1,500,0,0,150,3,150,3,2.54638e+06,148,2491.67,150,149
7885,1,500,0,0,150,3,150,3,2.53104e+06,148,2476.33,150,149
7886,1,500,0,0,150,3,150,3,2.39171e+06,148,2337,150,149
7887,1,500,0,0,150,3,150,3,2.39138e+06,148,2336.67,150,149
7888,1,500,0,0,150,3,150,3,2.37571e+06,148,2321,150,149
7889,1,500,0,0,150,3,150,3,2.35138e+06,148,2296.67,150,149
7890,1,500,0,0,150,3,150,3,2.59271e+06,148,2538,150,149
7891,1,500,0,0,150,3,150,3,2.32171e+06,148,2267,150,149
7892,1,500,0,0,150,3,150,3,2.56004e+06,148,2505.33,150,149
7893,1,500,0,0,150,3,150,3,2.50538e+06,148,2450.67,150,149
7894,1,500,0,0,150,3,150,3,2.49204e+06,148,2437.33,150,149
7895,1,500,0,0,150,3,150,3,2.44771e+06,148,2393,150,149
7896,1,500,0,0,150,3,150,3,2.60671e+06,148,2552,150,149
7897,1,500,0,0,150,3,150,3,2.55571e+06,148,2501,150,149
7898,1,500,0,0,150,3,150,3,2.45171e+06,148,2397,150,149
7899,1,500,0,0,150,3,150,3,2.66338e+06,148,2608.67,150,149
7900,1,500,0,0,150,3,150,3,2.39304e+06,148,2338.33,150,149
7901,1,500,0,0,150,3,150,3,2.52504e+06,148,2470.33,150,149
7902,1,500,0,0,150,3,150,3,2.57438e+06,148,2519.67,150,149
7903,1,500,0,0,150,3,150,3,2.39604e+06,148,2341.33,150,149
7904,1,500,0,0,150,3,150,3,2.72338e+06,148,2668.67,150,149
7905,1,500,0,0,150,3,150,3,2.49504e+06,148,2440.33,150,149
7906,1,500,0,0,150,3,150,3,2.46138e+06,148,2406.67,150,149
7907,1,500,0,0,150,3,150,3,2.57404e+06,148,2519.33,150,149
7908,1,500,0,0,150,3,150,3,2.62038e+06,148,2565.67,150,149
7909,1,500,0,0,150,3,150,3,2.43871e+06,148,2384,150,149
7910,1,500,0,0,150,3,150,3,2.56971e+06,148,2515,150,149
7911,1,500,0,0,150,3,150,3,2.37638e+06,148,2321.67,150,149
7912,1,500,0,0,150,3,150,3,2.38938e+06,148,2334.67,150,149
7913,1,500,0,0,150,3,150,3,2.59238e+06,148,2537.67,150,149
7914,1,500,0,0,150,3,150,3,2.36504e+06,148,2310.33,150,149
7915,1,500,0,0,150,3,150,3,2.51204e+06,148,2457.33,150,149
7916,1,500,0,0,150,3,150,3,2.59938e+06,148,2544.67,150,149
7917,1,500,0,0,150,3,150,3,2.68571e+06,148,2631,150,149
7918,1,500,0,0,150,3,150,3,2.46604e+06,148,2411.33,150,149
7919,1,500,0,0,150,3,150,3,2.56204e+06,148,2507.33,150,149
7920,1,500,0,0,150,3,150,3,2.41271e+06,148,2358,150,149
7921,1,500,0,0,150,3,150,3,2.63204e+06,148,2577.33,150,149
7922,1,500,0,0,150,3,150,3,2.36871e+06,148,2314,150,149
7923,1,500,0,0,150,3,150,3,2.45171e+06,148,2397,150,149
7924,1,500,0,0,150,3,150,3,2.41671e+06,148,2362,150,149
7925,1,500,0,0,150,3,150,3,2.49204e+06,148,2437.33,150,149
7926,1,500,0,0,150,3,150,3,2.37938e+06,148,2324.67,150,149
7927,1,500,0,0,150,3,150,3,2.78338e+06,148,2728.67,150,149
7928,1,500,0,0,150,3,150,3,2.64838e+06,148,2593.67,150,149
7929,1,500,0,0,150,3,150,3,2.43738e+06,148,2382.67,150,149
7930,1,500,0,0,150,3,150,3,2.56438e+06,148,2509.67,150,149
7931,1,500,0,0,150,3,150,3,2.45738e+06,148,2402.67,150,149
7932,1,500,0,0,150,3,150,3,2.54004e+06,148,2485.33,150,149
7933,1,500,0,0,150,3,150,3,2.38338e+06,148,2328.67,150,149
7934,1,500,0,0,150,3,150,3,2.50704e+06,148,2452.33,150,149
7935,1,500,0,0,150,3,150,3,2.40138e+06,148,2346.67,150,149
7936,1,500,0,0,150,3,150,3,2.33304e+06,148,2278.33,150,149
7937,1,500,0,0,150,3,150,3,2.37904e+06,148,2324.33,150,149
7938,1,500,0,0,150,3,150,3,2.58671e+06,148,2532,150,149
7939,1,500,0,0,150,3,150,3,2.63471e+06,148,2580,150,149
7940,1,500,0,0,150,3,150,3,2.34804e+06,148,2293.33,150,149
7941,1,500,0,0,150,3,150,3,2.49938e+06,148,2444.67,150,149
7942,1,500,0,0,150,3,150,3,2.55804e+06,148,2503.33,150,149
7943,1,500,0,0,150,3,150,3,2.82571e+06,148,2771,150,149
7944,1,500,0,0,150,3,150,3,2.51004e+06,148,2455.33,150,149
7945,1,500,0,0,150,3,150,3,2.35904e+06,148,2304.33,150,149
7946,1,500,0,0,150,3,150,3,2.42171e+06,148,2367,150,149
7947,1,500,0,0,150,3,150,3,2.55638e+06,148,2501.67,150,149
7948,1,500,0,0,150,3,150,3,2.48804e+06,148,2433.33,150,149
7949,1,500,0,0,150,3,150,3,2.53504e+06,148,2480.33,150,149
7950,1,500,0,0,150,3,150,3,2.41704e+06,148,2362.33,150,149
7951,1,500,0,0,150,3,150,3,2.51771e+06,148,2463,150,149
7952,1,500,0,0,150,3,150,3,2.61804e+06,148,2563.33,150,149
7953,1,500,0,0,150,3,150,3,2.49971e+06,148,2445,150,149
7954,1,500,0,0,150,3,150,3,2.47371e+06,148,2419,150,149
7955,1,500,0,0,150,3,150,3,2.45171e+06,148,2397,150,149
7956,1,500,0,0,150,3,150,3,2.39738e+06,148,2342.67,150,149
7957,1,500,0,0,150,3,150,3,2.44904e+06,148,2394.33,150,149
7958,1,500,0,0,150,3,150,3,2.45904e+06,148,2404.33,150,149
7959,1,500,0,0,150,3,150,3,2.52804e+06,148,2473.33,150,149
7960,1,500,0,0,150,3,150,3,2.60371e+06,148,2549,150,149
7961,1,500,0,0,150,3,150,3,2.37071e+06,148,2316,150,149
7962,1,500,0,0,150,3,150,3,2.36838e+06,148,2313.67,150,149
7963,1,500,0,0,150,3,150,3,2.36638e+06,148,2311.67,150,149
7964,1,500,0,0,150,3,150,3,2.47571e+06,148,2421,150,149
7965,1,500,0,0,150,3,150,3,2.45404e+06,148,2399.33,150,149
7966,1,500,0,0,150,3,150,3,2.50038e+06,148,2445.67,150,149
7967,1,500,0,0,150,3,150,3,2.70204e+06,148,2647.33,150,149
7968,1,500,0,0,150,3,150,3,2.55504e+06,148,2500.33,150,149
7969,1,500,0,0,150,3,150,3,2.68671e+06,148,2632,150,149
7970,1,500,0,0,150,3,150,3,2.34904e+06,148,2294.33,150,149
7971,1,500,0,0,150,3,150,3,2.48671e+06,148,2432,150,149
7972,1,500,0,0,150,3,150,3,2.51038e+06,148,2455.67,150,149
7973,1,500,0,0,150,3,150,3,2.46604e+06,148,2411.33,150,149
7974,1,500,0,0,150,3,150,3,2.39804e+06,148,2343.33,150,149
7975,1,500,0,0,150,3,150,3,2.49371e+06,148,2439,150,149
7976,1,500,0,0,150,3,150,3,2.55771e+06,148,2503,150,149
7977,1,500,0,0,150,3,150,3,2.45804e+06,148,2403.33,150,149
7978,1,500,0,0,150,3,150,3,2.41738e+06,148,2362.67,150,149
7979,1,500,0,0,150,3,150,3,2.46438e+06,148,2409.67,150,149
7980,1,500,0,0,150,3,150,3,2.32938e+06,148,2274.67,150,149
7981,1,500,0,0,150,3,150,3,2.61538e+06,148,2560.67,150,149
7982,1,500,0,0,150,3,150,3,2.65871e+06,148,2604,150,149
7983,1,500,0,0,150,3,150,3,2.48004e+06,148,2425.33,150,149
7984,1,500,0,0,150,3,150,3,2.43038e+06,148,2375.67,150,149
7985,1,500,0,0,150,3,150,3,2.55438e+06,148,2499.67,150,149
7986,1,500,0,0,150,3,150,3,2.34771e+06,148,2293,150,149
7987,1,500,0,0,150,3,150,3,2.62504e+06,148,2570.33,150,149
7988,1,500,0,0,150,3,150,3,2.55538e+06,148,2500.67,150,149
7989,1,500,0,0,150,3,150,3,2.48704e+06,148,2432.33,150,149
7990,1,500,0,0,150,3,150,3,2.70038e+06,148,2645.67,150,149
7991,1,500,0,0,150,3,150,3,2.45904e+06,148,2404.33,150,149
7992,1,500,0,0,150,3,150,3,2.29971e+06,148,2245,150,149
7993,1,500,0,0,150,3,150,3,2.46738e+06,148,2412.67,150,149
7994,1,500,0,0,150,3,150,3,2.51638e+06,148,2461.67,150,149
7995,1,500,0,0,150,3,150,3,2.55771e+06,148,2503,150,149
7996,1,500,0,0,150,3,150,3,2.65904e+06,148,2604.33,150,149
7997,1,500,0,0,150,3,150,3,2.50871e+06,148,2454,150,149
7998,1,500,0,0,150,3,150,3,2.33504e+06,148,2280.33,150,149
7999,1,500,0,0,150,3,150,3,2.48238e+06,148,2427.67,150,149
8000,1,500,0,0,150,3,150,3,2.38471e+06,148,2330,150,149
8001,1,500,0,0,150,3,150,3,2.25604e+06,148,2201.33,150,149
8002,1,500,0,0,150,3,150,3,2.43938e+06,148,2384.67,150,149
8003,1,500,0,0,150,3,150,3,2.51538e+06,148,2460.67,150,149
8004,1,500,0,0,150,3,150,3,2.45071e+06,148,2396,150,149
8005,1,500,0,0,150,3,150,3,2.59104e+06,148,2536.33,150,149
8006,1,500,0,0,150,3,150,3,2.27538e+06,148,2220.67,150,149
8007,1,500,0,0,150,3,150,3,2.48571e+06,148,2431,150,149
8008,1,500,0,0,150,3,150,3,2.71938e+06,148,2664.67,150,149
8009,1,500,0,0,150,3,150,3,2.38638e+06,148,2331.67,150,149
8010,1,500,0,0,150,3,150,3,2.52538e+06,148,2470.67,150,149
8011,1,500,0,0,150,3,150,3,2.43971e+06,148,2385,150,149
8012,1,500,0,0,150,3,150,3,2.66638e+06,148,2611.67,150,149
8013,1,500,0,0,150,3,150,3,2.50171e+06,148,2447,150,149
8014,1,500,0,0,150,3,150,3,2.66904e+06,148,2614.33,150,149
8015,1,500,0,0,150,3,150,3,2.47171e+06,148,2417,150,149
8016,1,500,0,0,150,3,150,3,2.45671e+06,148,2402,150,149
8017,1,500,0,0,150,3,150,3,2.67238e+06,148,2617.67,150,149
8018,1,500,0,0,150,3,150,3,2.54371e+06,148,2489,150,149
8019,1,500,0,0,150,3,150,3,2.40071e+06,148,2346,150,149
8020,1,500,0,0,150,3,150,3,2.50404e+06,148,2449.33,150,149
8021,1,500,0,0,150,3,150,3,2.44671e+06,148,2392,150,149
8022,1,500,0,0,150,3,150,3,2.50738e+06,148,2452.67,150,149
8023,1,500,0,0,150,3,150,3,2.68604e+06,148,2631.33,150,149
8024,1,500,0,0,150,3,150,3,2.53204e+06,148,2477.33,150,149
8025,1,500,0,0,150,3,150,3,2.55304e+06,148,2498.33,150,149
8026,1,500,0,0,150,3,150,3,2.42938e+06,148,2374.67,150,149
8027,1,500,0,0,150,3,150,3,2.52004e+06,148,2465.33,150,149
8028,1,500,0,0,150,3,150,3,2.47271e+06,148,2418,150,149
8029,1,500,0,0,150,3,150,3,2.47804e+06,148,2423.33,150,149
8030,1,500,0,0,150,3,150,3,2.61171e+06,148,2557,150,149
8031,1,500,0,0,150,3,150,3,2.36271e+06,148,2308,150,149
8032,1,500,0,0,150,3,150,3,2.42338e+06,148,2368.67,150,149
8033,1,500,0,0,150,3,150,3,2.30504e+06,148,2250.33,150,149
8034,1,500,0,0,150,3,150,3,2.45604e+06,148,2401.33,150,149
8035,1,500,0,0,150,3,150,3,2.64738e+06,148,2592.67,150,149
8036,1,500,0,0,150,3,150,3,2.58538e+06,148,2530.67,150,149
8037,1,500,0,0,150,3,150,3,2.71471e+06,148,2660,150,149
8038,1,500,0,0,150,3,150,3,2.70738e+06,148,2652.67,150,149
8039,1,500,0,0,150,3,150,3,2.37671e+06,148,2322,150,149
8040,1,500,0,0,150,3,150,3,2.67438e+06,148,2619.67,150,149
8041,1,500,0,0,150,3,150,3,2.40504e+06,148,2350.33,150,149
8042,1,500,0,0,150,3,150,3,2.42438e+06,148,2369.67,150,149
8043,1,500,0,0,150,3,150,3,2.45938e+06,148,2404.67,150,149
8044,1,500,0,0,150,3,150,3,2.43938e+06,148,2384.67,150,149
8045,1,500,0,0,150,3,150,3,2.50071e+06,148,2446,150,149
8046,1,500,0,0,150,3,150,3,2.88504e+06,148,2830.33,150,149
8047,1,500,0,0,150,3,150,3,2.50504e+06,148,2450.33,150,149
8048,1,500,0,0,150,3,150,3,2.35338e+06,148,2298.67,150,149
8049,1,500,0,0,150,3,150,3,2.41871e+06,148,2364,150,149
8050,1,500,0,0,150,3,150,3,2.39604e+06,148,2341.33,150,149
8051,1,500,0,0,150,3,150,3,2.54971e+06,148,2495,150,149
8052,1,500,0,0,150,3,150,3,2.55571e+06,148,2501,150,149
8053,1,500,0,0,150,3,150,3,2.50304e+06,148,2448.33,150,149
8054,1,500,0,0,150,3,150,3,2.30404e+06,148,2249.33,150,149
8055,1,500,0,0,150,3,150,3,2.55504e+06,148,2500.33,150,149
8056,1,500,0,0,150,3,150,3,2.72071e+06,148,2666,150,149
8057,1,500,0,0,150,3,150,3,2.53304e+06,148,2478.33,150,149
8058,1,500,0,0,150,3,150,3,2.62704e+06,148,2572.33,150,149
8059,1,500,0,0,150,3,150,3,2.23971e+06,148,2185,150,149
8060,1,500,0,0,150,3,150,3,2.49504e+06,148,2440.33,150,149
8061,1,500,0,0,150,3,150,3,2.52904e+06,148,2474.33,150,149
8062,1,500,0,0,150,3,150,3,2.48838e+06,148,2433.67,150,149
8063,1,500,0,0,150,3,150,3,2.42738e+06,148,2372.67,150,149
8064,1,500,0,0,150,3,150,3,2.59304e+06,148,2538.33,150,149
8065,1,500,0,0,150,3,150,3,2.57671e+06,148,2522,150,149
8066,1,500,0,0,150,3,150,3,2.47938e+06,148,2424.67,150,149
8067,1,500,0,0,150,3,150,3,2.43804e+06,148,2383.33,150,149
8068,1,500,0,0,150,3,150,3,2.54038e+06,148,2485.67,150,149
8069,1,500,0,0,150,3,150,3,2.58671e+06,148,2532,150,149
8070,1,500,0,0,150,3,150,3,2.50538e+06,148,2450.67,150,149
8071,1,500,0,0,150,3,150,3,2.28271e+06,148,2228,150,149
8072,1,500,0,0,150,3,150,3,2.47204e+06,148,2417.33,150,149
8073,1,500,0,0,150,3,150,3,2.51404e+06,148,2459.33,150,149
8074,1,500,0,0,150,3,150,3,2.29938e+06,148,2244.67,150,149
8075,1,500,0,0,150,3,150,3,2.60671e+06,148,2552,150,149
8076,1,500,0,0,150,3,150,3,2.57438e+06,148,2519.67,150,149
8077,1,500,0,0,150,3,150,3,2.49038e+06,148,2435.67,150,149
8078,1,500,0,0,150,3,150,3,2.50138e+06,148,2446.67,150,149
8079,1,500,0,0,150,3,150,3,2.66304e+06,148,2608.33,150,149
8080,1,500,0,0,150,3,150,3,2.36471e+06,148,2310,150,149
8081,1,500,0,0,150,3,150,3,2.66304e+06,148,2608.33,150,149
8082,1,500,0,0,150,3,150,3,2.76538e+06,148,2710.67,150,149
8083,1,500,0,0,150,3,150,3,2.48938e+06,148,2434.67,150,149
8084,1,500,0,0,150,3,150,3,2.45071e+06,148,2396,150,149
8085,1,500,0,0,150,3,150,3,2.42571e+06,148,2371,150,149
8086,1,500,0,0,150,3,150,3,2.55771e+06,148,2503,150,149
8087,1,500,0,0,150,3,150,3,2.50804e+06,148,2453.33,150,149
8088,1,500,0,0,150,3,150,3,2.53171e+06,148,2477,150,149
8089,1,500,0,0,150,3,150,3,2.60038e+06,148,2545.67,150,149
8090,1,500,0,0,150,3,150,3,2.64204e+06,148,2587.33,150,149
8091,1,500,0,0,150,3,150,3,2.40504e+06,148,2350.33,150,149
8092,1,500,0,0,150,3,150,3,2.44404e+06,148,2389.33,150,149
8093,1,500,0,0,150,3,150,3,2.34004e+06,148,2285.33,150,149
8094,1,500,0,0,150,3,150,3,2.63871e+06,148,2584,150,149
8095,1,500,0,0,150,3,150,3,2.52371e+06,148,2469,150,149
8096,1,500,0,0,150,3,150,3,2.64904e+06,148,2594.33,150,149
8097,1,500,0,0,150,3,150,3,2.19904e+06,148,2144.33,150,149
8098,1,500,0,0,150,3,150,3,2.23238e+06,148,2177.67,150,149
8099,1,500,0,0,150,3,150,3,2.48271e+06,148,2428,150,149
8100,1,500,0,0,150,3,150,3,2.31438e+06,148,2259.67,150,149
8101,1,500,0,0,150,3,150,3,2.57271e+06,148,2518,150,149
8102,1,500,0,0,150,3,150,3,2.54671e+06,148,2492,150,149
8103,1,500,0,0,150,3,150,3,2.28538e+06,148,2230.67,150,149
8104,1,500,0,0,150,3,150,3,2.50871e+06,148,2454,150,149
8105,1,500,0,0,150,3,150,3,2.48104e+06,148,2426.33,150,149
8106,1,500,0,0,150,3,150,3,2.37404e+06,148,2319.33,150,149
8107,1,500,0,0,150,3,150,3,2.55171e+06,148,2497,150,149
8108,1,500,0,0,150,3,150,3,2.45171e+06,148,2397,150,149
8109,1,500,0,0,150,3,150,3,2.64138e+06,148,2586.67,150,149
8110,1,500,0,0,150,3,150,3,2.41838e+06,148,2363.67,150,149
8111,1,500,0,0,150,3,150,3,2.31338e+06,148,2258.67,150,149
8112,1,500,0,0,150,3,150,3,2.45904e+06,148,2404.33,150,149
8113,1,500,0,0,150,3,150,3,2.62804e+06,148,2573.33,150,149
8114,1,500,0,0,150,3,150,3,2.38704e+06,148,2332.33,150,149
8115,1,500,0,0,150,3,150,3,2.55404e+06,148,2499.33,150,149
8116,1,500,0,0,150,3,150,3,2.42404e+06,148,2369.33,150,149
8117,1,500,0,0,150,3,150,3,2.43738e+06,148,2382.67,150,149
8118,1,500,0,0,150,3,150,3,2.64804e+06,148,2593.33,150,149
8119,1,500,0,0,150,3,150,3,2.59171e+06,148,2537,150,149
8120,1,500,0,0,150,3,150,3,2.25638e+06,148,2201.67,150,149
8121,1,500,0,0,150,3,150,3,2.52604e+06,148,2471.33,150,149
8122,1,500,0,0,150,3,150,3,2.43004e+06,148,2375.33,150,149
8123,1,500,0,0,150,3,150,3,2.48071e+06,148,2426,150,149
8124,1,500,0,0,150,3,150,3,2.61904e+06,148,2564.33,150,149
8125,1,500,0,0,150,3,150,3,2.54304e+06,148,2488.33,150,149
8126,1,500,0,0,150,3,150,3,2.50704e+06,148,2452.33,150,149
8127,1,500,0,0,150,3,150,3,2.53671e+06,148,2482,150,149
8128,1,500,0,0,150,3,150,3,2.64904e+06,148,2594.33,150,149
8129,1,500,0,0,150,3,150,3,2.15038e+06,148,2095.67,150,149
8130,1,500,0,0,150,3,150,3,2.65071e+06,148,2596,150,149
8131,1,500,0,0,150,3,150,3,2.58771e+06,148,2533,150,149
8132,1,500,0,0,150,3,150,3,2.35004e+06,148,2295.33,150,149
8133,1,500,0,0,150,3,150,3,2.38771e+06,148,2333,150,149
8134,1,500,0,0,150,3,150,3,2.58171e+06,148,2527,150,149
8135,1,500,0,0,150,3,150,3,2.62304e+06,148,2568.33,150,149
8136,1,500,0,0,150,3,150,3,2.37471e+06,148,2320,150,149
8137,1,500,0,0,150,3,150,3,2.28938e+06,148,2234.67,150,149
8138,1,500,0,0,150,3,150,3,2.47438e+06,148,2419.67,150,149
8139,1,500,0,0,150,3,150,3,2.70638e+06,148,2651.67,150,149
8140,1,500,0,0,150,3,150,3,2.62071e+06,148,2566,150,149
8141,1,500,0,0,150,3,150,3,2.39438e+06,148,2339.67,150,149
8142,1,500,0,0,150,3,150,3,2.53704e+06,148,2482.33,150,149
8143,1,500,0,0,150,3,150,3,2.60504e+06,148,2550.33,150,149
8144,1,500,0,0,150,3,150,3,2.32771e+06,148,2273,150,149
8145,1,500,0,0,150,3,150,3,2.35438e+06,148,2299.67,150,149
8146,1,500,0,0,150,3,150,3,2.32838e+06,148,2273.67,150,149
8147,1,500,0,0,150,3,150,3,2.42471e+06,148,2370,150,149
8148,1,500,0,0,150,3,150,3,2.52538e+06,148,2470.67,150,149
8149,1,500,0,0,150,3,150,3,2.55938e+06,148,2504.67,150,149
8150,1,500,0,0,150,3,150,3,2.46138e+06,148,2406.67,150,149
8151,1,500,0,0,150,3,150,3,2.57438e+06,148,2519.67,150,149
8152,1,500,0,0,150,3,150,3,2.48471e+06,148,2430,150,149
8153,1,500,0,0,150,3,150,3,2.46404e+06,148,2409.33,150,149
8154,1,500,0,0,150,3,150,3,2.26804e+06,148,2213.33,150,149
8155,1,500,0,0,150,3,150,3,2.45838e+06,148,2403.67,150,149
8156,1,500,0,0,150,3,150,3,2.40504e+06,148,2350.33,150,149
8157,1,500,0,0,150,3,150,3,2.51604e+06,148,2461.33,150,149
8158,1,500,0,0,150,3,150,3,2.70071e+06,148,2646,150,149
8159,1,500,0,0,150,3,150,3,2.53771e+06,148,2483,150,149
8160,1,500,0,0,150,3,150,3,2.44638e+06,148,2391.67,150,149
8161,1,500,0,0,150,3,150,3,2.51771e+06,148,2463,150,149
8162,1,500,0,0,150,3,150,3,2.54271e+06,148,2488,150,149
8163,1,500,0,0,150,3,150,3,2.41904e+06,148,2364.33,150,149
8164,1,500,0,0,150,3,150,3,2.56004e+06,148,2505.33,150,149
8165,1,500,0,0,150,3,150,3,2.50104e+06,148,2446.33,150,149
8166,1,500,0,0,150,3,150,3,2.34938e+06,148,2294.67,150,149
8167,1,500,0,0,150,3,150,3,2.47904e+06,148,2424.33,150,149
8168,1,500,0,0,150,3,150,3,2.35138e+06,148,2296.67,150,149
8169,1,500,0,0,150,3,150,3,2.44271e+06,148,2388,150,149
8170,1,500,0,0,150,3,150,3,2.50938e+06,148,2454.67,150,149
8171,1,500,0,0,150,3,150,3,2.38871e+06,148,2334,150,149
8172,1,500,0,0,150,3,150,3,2.25071e+06,148,2196,150,149
8173,1,500,0,0,150,3,150,3,2.34871e+06,148,2294,150,149
8174,1,500,0,0,150,3,150,3,2.49704e+06,148,2442.33,150,149
8175,1,500,0,0,150,3,150,3,2.54338e+06,148,2488.67,150,149
8176,1,500,0,0,150,3,150,3,2.40104e+06,148,2346.33,150,149
8177,1,500,0,0,150,3,150,3,2.45104e+06,148,2396.33,150,149
8178,1,500,0,0,150,3,150,3,2.41204e+06,148,2357.33,150,149
8179,1,500,0,0,150,3,150,3,2.52038e+06,148,2465.67,150,149
8180,1,500,0,0,150,3,150,3,2.50104e+06,148,2446.33,150,149
8181,1,500,0,0,150,3,150,3,2.15704e+06,148,2102.33,150,149
8182,1,500,0,0,150,3,150,3,2.64038e+06,148,2585.67,150,149
8183,1,500,0,0,150,3,150,3,2.43871e+06,148,2384,150,149
8184,1,500,0,0,150,3,150,3,2.50871e+06,148,2454,150,149
8185,1,500,0,0,150,3,150,3,2.30438e+06,148,2249.67,150,149
8186,1,500,0,0,150,3,150,3,2.65604e+06,148,2601.33,150,149
8187,1,500,0,0,150,3,150,3,2.52271e+06,148,2468,150,149
8188,1,500,0,0,150,3,150,3,2.42738e+06,148,2372.67,150,149
8189,1,500,0,0,150,3,150,3,2.70838e+06,148,2653.67,150,149
8190,1,500,0,0,150,3,150,3,2.48471e+06,148,2430,150,149
8191,1,500,0,0,150,3,150,3,2.55738e+06,148,2502.67,150,149
8192,1,500,0,0,150,3,150,3,2.37104e+06,148,2316.33,150,149
8193,1,500,0,0,150,3,150,3,2.56638e+06,148,2511.67,150,149
8194,1,500,0,0,150,3,150,3,2.41538e+06,148,2360.67,150,149
8195,1,500,0,0,150,3,150,3,2.43571e+06,148,2381,150,149
8196,1,500,0,0,150,3,150,3,2.58271e+06,148,2528,150,149
8197,1,500,0,0,150,3,150,3,2.54204e+06,148,2487.33,150,149
8198,1,500,0,0,150,3,150,3,2.34138e+06,148,2286.67,150,149
8199,1,500,0,0,150,3,150,3,2.50371e+06,148,2449,150,149
8200,1,500,0,0,150,3,150,3,2.51871e+06,148,2464,150,149
8201,1,500,0,0,150,3,150,3,2.61204e+06,148,2557.33,150,149
8202,1,500,0,0,150,3,150,3,2.52071e+06,148,2466,150,149
8203,1,500,0,0,150,3,150,3,2.59371e+06,148,2539,150,149
8204,1,500,0,0,150,3,150,3,2.50338e+06,148,2448.67,150,149
8205,1,500,0,0,150,3,150,3,2.41604e+06,148,2361.33,150,149
8206,1,500,0,0,150,3,150,3,2.62371e+06,148,2569,150,149
8207,1,500,0,0,150,3,150,3,2.43471e+06,148,2380,150,149
8208,1,500,0,0,150,3,150,3,2.39171e+06,148,2337,150,149
8209,1,500,0,0,150,3,150,3,2.57404e+06,148,2519.33,150,149
8210,1,500,0,0,150,3,150,3,2.37904e+06,148,2324.33,150,149
8211,1,500,0,0,150,3,150,3,2.31038e+06,148,2255.67,150,149
8212,1,500,0,0,150,3,150,3,2.50538e+06,148,2450.67,150,149
8213,1,500,0,0,150,3,150,3,2.64071e+06,148,2586,150,149
8214,1,500,0,0,150,3,150,3,2.45138e+06,148,2396.67,150,149
8215,1,500,0,0,150,3,150,3,2.56371e+06,148,2509,150,149
8216,1,500,0,0,150,3,150,3,2.37971e+06,148,2325,150,149
8217,1,500,0,0,150,3,150,3,2.51904e+06,148,2464.33,150,149
8218,1,500,0,0,150,3,150,3,2.51471e+06,148,2460,150,149
8219,1,500,0,0,150,3,150,3,2.52704e+06,148,2472.33,150,149
8220,1,500,0,0,150,3,150,3,2.57671e+06,148,2522,150,149
8221,1,500,0,0,150,3,150,3,2.28371e+06,148,2229,150,149
8222,1,500,0,0,150,3,150,3,2.49471e+06,148,2440,150,149
8223,1,500,0,0,150,3,150,3,2.44338e+06,148,2388.67,150,149
8224,1,500,0,0,150,3,150,3,2.42938e+06,148,2374.67,150,149
8225,1,500,0,0,150,3,150,3,2.22271e+06,148,2168,150,149
8226,1,500,0,0,150,3,150,3,2.59538e+06,148,2540.67,150,149
8227,1,500,0,0,150,3,150,3,2.39238e+06,148,2337.67,150,149
8228,1,500,0,0,150,3,150,3,2.39104e+06,148,2336.33,150,149
8229,1,500,0,0,150,3,150,3,2.48138e+06,148,2426.67,150,149
8230,1,500,0,0,150,3,150,3,2.21538e+06,148,2160.67,150,149
8231,1,500,0,0,150,3,150,3,2.59604e+06,148,2541.33,150,149
8232,1,500,0,0,150,3,150,3,2.32671e+06,148,2272,150,149
8233,1,500,0,0,150,3,150,3,2.45538e+06,148,2400.67,150,149
8234,1,500,0,0,150,3,150,3,2.31971e+06,148,2265,150,149
8235,1,500,0,0,150,3,150,3,2.30104e+06,148,2246.33,150,149
8236,1,500,0,0,150,3,150,3,2.69704e+06,148,2642.33,150,149
8237,1,500,0,0,150,3,150,3,2.43971e+06,148,2385,150,149
8238,1,500,0,0,150,3,150,3,2.43971e+06,148,2385,150,149
8239,1,500,0,0,150,3,150,3,2.55038e+06,148,2495.67,150,149
8240,1,500,0,0,150,3,150,3,2.45938e+06,148,2404.67,150,149
8241,1,500,0,0,150,3,150,3,2.51338e+06,148,2458.67,150,149
8242,1,500,0,0,150,3,150,3,2.69604e+06,148,2641.33,150,149
8243,1,500,0,0,150,3,150,3,2.52404e+06,148,2469.33,150,149
8244,1,500,0,0,150,3,150,3,2.49971e+06,148,2445,150,149
8245,1,500,0,0,150,3,150,3,2.32838e+06,148,2273.67,150,149
8246,1,500,0,0,150,3,150,3,2.45971e+06,148,2405,150,149
8247,1,500,0,0,150,3,150,3,2.56671e+06,148,2512,150,149
8248,1,500,0,0,150,3,150,3,2.48371e+06,148,2429,150,149
8249,1,500,0,0,150,3,150,3,2.46938e+06,148,2414.67,150,149
8250,1,500,0,0,150,3,150,3,2.41671e+06,148,2362,150,149
8251,1,500,0,0,150,3,150,3,2.49604e+06,148,2441.33,150,149
8252,1,500,0,0,150,3,150,3,2.50404e+06,148,2449.33,150,149
8253,1,500,0,0,150,3,150,3,2.37338e+06,148,2318.67,150,149
8254,1,500,0,0,150,3,150,3,2.49838e+06,148,2443.67,150,149
8255,1,500,0,0,150,3,150,3,2.41038e+06,148,2355.67,150,149
8256,1,500,0,0,150,3,150,3,2.44838e+06,148,2393.67,150,149
8257,1,500,0,0,150,3,150,3,2.60571e+06,148,2551,150,149
8258,1,500,0,0,150,3,150,3,2.59571e+06,148,2541,150,149
8259,1,500,0,0,150,3,150,3,2.31071e+06,148,2256,150,149
8260,1,500,0,0,150,3,150,3,2.45771e+06,148,2403,150,149
8261,1,500,0,0,150,3,150,3,2.55771e+06,148,2503,150,149
8262,1,500,0,0,150,3,150,3,2.41071e+06,148,2356,150,149
8263,1,500,0,0,150,3,150,3,2.62038e+06,148,2565.67,150,149
8264,1,500,0,0,150,3,150,3,2.52904e+06,148,2474.33,150,149
8265,1,500,0,0,150,3,150,3,2.49071e+06,148,2436,150,149
8266,1,500,0,0,150,3,150,3,2.54038e+06,148,2485.67,150,149
8267,1,500,0,0,150,3,150,3,2.65638e+06,148,2601.67,150,149
8268,1,500,0,0,150,3,150,3,2.39171e+06,148,2337,150,149
8269,1,500,0,0,150,3,150,3,2.46871e+06,148,2414,150,149
8270,1,500,0,0,150,3,150,3,2.58138e+06,148,2526.67,150,149
8271,1,500,0,0,150,3,150,3,2.62371e+06,148,2569,150,149
8272,1,500,0,0,150,3,150,3,2.29504e+06,148,2240.33,150,149
8273,1,500,0,0,150,3,150,3,2.58371e+06,148,2529,150,149
8274,1,500,0,0,150,3,150,3,2.43571e+06,148,2381,150,149
8275,1,500,0,0,150,3,150,3,2.49571e+06,148,2441,150,149
8276,1,500,0,0,150,3,150,3,2.47004e+06,148,2415.33,150,149
8277,1,500,0,0,150,3,150,3,2.38338e+06,148,2328.67,150,149
8278,1,500,0,0,150,3,150,3,2.34571e+06,148,2291,150,149
8279,1,500,0,0,150,3,150,3,2.38038e+06,148,2325.67,150,149
8280,1,500,0,0,150,3,150,3,2.49104e+06,148,2436.33,150,149
8281,1,500,0,0,150,3,150,3,2.50271e+06,148,2448,150,149
8282,1,500,0,0,150,3,150,3,2.43638e+06,148,2381.67,150,149
8283,1,500,0,0,150,3,150,3,2.44438e+06,148,2389.67,150,149
8284,1,500,0,0,150,3,150,3,2.56038e+06,148,2505.67,150,149
8285,1,500,0,0,150,3,150,3,2.56538e+06,148,2510.67,150,149
8286,1,500,0,0,150,3,150,3,2.30204e+06,148,2247.33,150,149
8287,1,500,0,0,150,3,150,3,2.61704e+06,148,2562.33,150,149
8288,1,500,0,0,150,3,150,3,2.51138e+06,148,2456.67,150,149
8289,1,500,0,0,150,3,150,3,2.62004e+06,148,2565.33,150,149
8290,1,500,0,0,150,3,150,3,2.44804e+06,148,2393.33,150,149
8291,1,500,0,0,150,3,150,3,2.44504e+06,148,2390.33,150,149
8292,1,500,0,0,150,3,150,3,2.46371e+06,148,2409,150,149
8293,1,500,0,0,150,3,150,3,2.63171e+06,148,2577,150,149
8294,1,500,0,0,150,3,150,3,2.50671e+06,148,2452,150,149
8295,1,500,0,0,150,3,150,3,2.54904e+06,148,2494.33,150,149
8296,1,500,0,0,150,3,150,3,2.44738e+06,148,2392.67,150,149
8297,1,500,0,0,150,3,150,3,2.68071e+06,148,2626,150,149
8298,1,500,0,0,150,3,150,3,2.23771e+06,148,2183,150,149
8299,1,500,0,0,150,3,150,3,2.52471e+06,148,2470,150,149
8300,1,500,0,0,150,3,150,3,2.66571e+06,148,2611,150,149
8301,1,500,0,0,150,3,150,3,2.51271e+06,148,2458,150,149
8302,1,500,0,0,150,3,150,3,2.49138e+06,148,2436.67,150,149
8303,1,500,0,0,150,3,150,3,2.45604e+06,148,2401.33,150,149
8304,1,500,0,0,150,3,150,3,2.26538e+06,148,2210.67,150,149
8305,1,500,0,0,150,3,150,3,2.48904e+06,148,2434.33,150,149
8306,1,500,0,0,150,3,150,3,2.57038e+06,148,2515.67,150,149
8307,1,500,0,0,150,3,150,3,2.45338e+06,148,2398.67,150,149
8308,1,500,0,0,150,3,150,3,2.43838e+06,148,2383.67,150,149
8309,1,500,0,0,150,3,150,3,2.36838e+06,148,2313.67,150,149
8310,1,500,0,0,150,3,150,3,2.37471e+06,148,2320,150,149
8311,1,500,0,0,150,3,150,3,2.54038e+06,148,2485.67,150,149
8312,1,500,0,0,150,3,150,3,2.40971e+06,148,2355,150,149
8313,1,500,0,0,150,3,150,3,2.44138e+06,148,2386.67,150,149
8314,1,500,0,0,150,3,150,3,2.54438e+06,148,2489.67,150,149
8315,1,500,0,0,150,3,150,3,2.51404e+06,148,2459.33,150,149
8316,1,500,0,0,150,3,150,3,2.56704e+06,148,2512.33,150,149
8317,1,500,0,0,150,3,150,3,2.68304e+06,148,2628.33,150,149
8318,1,500,0,0,150,3,150,3,2.48071e+06,148,2426,150,149
8319,1,500,0,0,150,3,150,3,2.48671e+06,148,2432,150,149
8320,1,500,0,0,150,3,150,3,2.49271e+06,148,2438,150,149
8321,1,500,0,0,150,3,150,3,2.53804e+06,148,2483.33,150,149
8322,1,500,0,0,150,3,150,3,2.33604e+06,148,2281.33,150,149
8323,1,500,0,0,150,3,150,3,2.60504e+06,148,2550.33,150,149
8324,1,500,0,0,150,3,150,3,2.30804e+06,148,2253.33,150,149
8325,1,500,0,0,150,3,150,3,2.27204e+06,148,2217.33,150,149
8326,1,500,0,0,150,3,150,3,2.51604e+06,148,2461.33,150,149
8327,1,500,0,0,150,3,150,3,2.51938e+06,148,2464.67,150,149
8328,1,500,0,0,150,3,150,3,2.74904e+06,148,2694.33,150,149
8329,1,500,0,0,150,3,150,3,2.71504e+06,148,2660.33,150,149
8330,1,500,0,0,150,3,150,3,2.64038e+06,148,2585.67,150,149
8331,1,500,0,0,150,3,150,3,2.51171e+06,148,2457,150,149
8332,1,500,0,0,150,3,150,3,2.39804e+06,148,2343.33,150,149
8333,1,500,0,0,150,3,150,3,2.43538e+06,148,2380.67,150,149
8334,1,500,0,0,150,3,150,3,2.54771e+06,148,2493,150,149
8335,1,500,0,0,150,3,150,3,2.38304e+06,148,2328.33,150,149
8336,1,500,0,0,150,3,150,3,2.66904e+06,148,2614.33,150,149
8337,1,500,0,0,150,3,150,3,2.27238e+06,148,2217.67,150,149
8338,1,500,0,0,150,3,150,3,2.61171e+06,148,2557,150,149
8339,1,500,0,0,150,3,150,3,2.47138e+06,148,2416.67,150,149
8340,1,500,0,0,150,3,150,3,2.40771e+06,148,2353,150,149
8341,1,500,0,0,150,3,150,3,2.53071e+06,148,2476,150,149
8342,1,500,0,0,150,3,150,3,2.61571e+06,148,2561,150,149
8343,1,500,0,0,150,3,150,3,2.23571e+06,148,2181,150,149
8344,1,500,0,0,150,3,150,3,2.57471e+06,148,2520,150,149
8345,1,500,0,0,150,3,150,3,2.51571e+06,148,2461,150,149
8346,1,500,0,0,150,3,150,3,2.60471e+06,148,2550,150,149
8347,1,500,0,0,150,3,150,3,2.57571e+06,148,2521,150,149
8348,1,500,0,0,150,3,150,3,2.57404e+06,148,2519.33,150,149
8349,1,500,0,0,150,3,150,3,2.63271e+06,148,2578,150,149
8350,1,500,0,0,150,3,150,3,2.43638e+06,148,2381.67,150,149
8351,1,500,0,0,150,3,150,3,2.57338e+06,148,2518.67,150,149
8352,1,500,0,0,150,3,150,3,2.49171e+06,148,2437,150,149
8353,1,500,0,0,150,3,150,3,2.22804e+06,148,2173.33,150,149
8354,1,500,0,0,150,3,150,3,2.40804e+06,148,2353.33,150,149
8355,1,500,0,0,150,3,150,3,2.60738e+06,148,2552.67,150,149
8356,1,500,0,0,150,3,150,3,2.45438e+06,148,2399.67,150,149
8357,1,500,0,0,150,3,150,3,2.42004e+06,148,2365.33,150,149
8358,1,500,0,0,150,3,150,3,2.58538e+06,148,2530.67,150,149
8359,1,500,0,0,150,3,150,3,2.33304e+06,148,2278.33,150,149
8360,1,500,0,0,150,3,150,3,2.41504e+06,148,2360.33,150,149
8361,1,500,0,0,150,3,150,3,2.68638e+06,148,2631.67,150,149
8362,1,500,0,0,150,3,150,3,2.44138e+06,148,2386.67,150,149
8363,1,500,0,0,150,3,150,3,2.34738e+06,148,2292.67,150,149
8364,1,500,0,0,150,3,150,3,2.64004e+06,148,2585.33,150,149
8365,1,500,0,0,150,3,150,3,2.39404e+06,148,2339.33,150,149
8366,1,500,0,0,150,3,150,3,2.38804e+06,148,2333.33,150,149
8367,1,500,0,0,150,3,150,3,2.32238e+06,148,2267.67,150,149
8368,1,500,0,0,150,3,150,3,2.53604e+06,148,2481.33,150,149
8369,1,500,0,0,150,3,150,3,2.41871e+06,148,2364,150,149
8370,1,500,0,0,150,3,150,3,2.50204e+06,148,2447.33,150,149
8371,1,500,0,0,150,3,150,3,2.56938e+06,148,2514.67,150,149
8372,1,500,0,0,150,3,150,3,2.60704e+06,148,2552.33,150,149
8373,1,500,0,0,150,3,150,3,2.56738e+06,148,2512.67,150,149
8374,1,500,0,0,150,3,150,3,2.65171e+06,148,2597,150,149
8375,1,500,0,0,150,3,150,3,2.36404e+06,148,2309.33,150,149
8376,1,500,0,0,150,3,150,3,2.56471e+06,148,2510,150,149
8377,1,500,0,0,150,3,150,3,2.49671e+06,148,2442,150,149
8378,1,500,0,0,150,3,150,3,2.42171e+06,148,2367,150,149
8379,1,500,0,0,150,3,150,3,2.54804e+06,148,2493.33,150,149
8380,1,500,0,0,150,3,150,3,2.57538e+06,148,2520.67,150,149
8381,1,500,0,0,150,3,150,3,2.42471e+06,148,2370,150,149
8382,1,500,0,0,150,3,150,3,2.42971e+06,148,2375,150,149
8383,1,500,0,0,150,3,150,3,2.10204e+06,148,2047.33,150,149
8384,1,500,0,0,150,3,150,3,2.43471e+06,148,2380,150,149
8385,1,500,0,0,150,3,150,3,2.47171e+06,148,2417,150,149
8386,1,500,0,0,150,3,150,3,2.46904e+06,148,2414.33,150,149
8387,1,500,0,0,150,3,150,3,2.42371e+06,148,2369,150,149
8388,1,500,0,0,150,3,150,3,2.43338e+06,148,2378.67,150,149
8389,1,500,0,0,150,3,150,3,2.39171e+06,148,2337,150,149
8390,1,500,0,0,150,3,150,3,2.45004e+06,148,2395.33,150,149
8391,1,500,0,0,150,3,150,3,2.59304e+06,148,2538.33,150,149
8392,1,500,0,0,150,3,150,3,2.58671e+06,148,2532,150,149
8393,1,500,0,0,150,3,150,3,2.60504e+06,148,2550.33,150,149
8394,1,500,0,0,150,3,150,3,2.46904e+06,148,2414.33,150,149
8395,1,500,0,0,150,3,150,3,2.46171e+06,148,2407,150,149
8396,1,500,0,0,150,3,150,3,2.51338e+06,148,2458.67,150,149
8397,1,500,0,0,150,3,150,3,2.37271e+06,148,2318,150,149
8398,1,500,0,0,150,3,150,3,2.44671e+06,148,2392,150,149
8399,1,500,0,0,150,3,150,3,2.31404e+06,148,2259.33,150,149
8400,1,500,0,0,150,3,150,3,2.56371e+06,148,2509,150,149
8401,1,500,0,0,150,3,150,3,2.58071e+06,148,2526,150,149
8402,1,500,0,0,150,3,150,3,2.38138e+06,148,2326.67,150,149
8403,1,500,0,0,150,3,150,3,2.26671e+06,148,2212,150,149
8404,1,500,0,0,150,3,150,3,2.63604e+06,148,2581.33,150,149
8405,1,500,0,0,150,3,150,3,2.60671e+06,148,2552,150,149
8406,1,500,0,0,150,3,150,3,2.59838e+06,148,2543.67,150,149
8407,1,500,0,0,150,3,150,3,2.49804e+06,148,2443.33,150,149
8408,1,500,0,0,150,3,150,3,2.47238e+06,148,2417.67,150,149
8409,1,500,0,0,150,3,150,3,2.58538e+06,148,2530.67,150,149
8410,1,500,0,0,150,3,150,3,2.50238e+06,148,2447.67,150,149
8411,1,500,0,0,150,3,150,3,2.56238e+06,148,2507.67,150,149
8412,1,500,0,0,150,3,150,3,2.46004e+06,148,2405.33,150,149
8413,1,500,0,0,150,3,150,3,2.28204e+06,148,2227.33,150,149
8414,1,500,0,0,150,3,150,3,2.41504e+06,148,2360.33,150,149
8415,1,500,0,0,150,3,150,3,2.45271e+06,148,2398,150,149
8416,1,500,0,0,150,3,150,3,2.46871e+06,148,2414,150,149
8417,1,500,0,0,150,3,150,3,2.44438e+06,148,2389.67,150,149
8418,1,500,0,0,150,3,150,3,2.52938e+06,148,2474.67,150,149
8419,1,500,0,0,150,3,150,3,2.56738e+06,148,2512.67,150,149
8420,1,500,0,0,150,3,150,3,2.52171e+06,148,2467,150,149
8421,1,500,0,0,150,3,150,3,2.53971e+06,148,2485,150,149
8422,1,500,0,0,150,3,150,3,2.56538e+06,148,2510.67,150,149
8423,1,500,0,0,150,3,150,3,2.64771e+06,148,2593,150,149
8424,1,500,0,0,150,3,150,3,2.42971e+06,148,2375,150,149
8425,1,500,0,0,150,3,150,3,2.43338e+06,148,2378.67,150,149
8426,1,500,0,0,150,3,150,3,2.65138e+06,148,2596.67,150,149
8427,1,500,0,0,150,3,150,3,2.46404e+06,148,2409.33,150,149
8428,1,500,0,0,150,3,150,3,2.37671e+06,148,2322,150,149
8429,1,500,0,0,150,3,150,3,2.58671e+06,148,2532,150,149
8430,1,500,0,0,150,3,150,3,2.46004e+06,148,2405.33,150,149
8431,1,500,0,0,150,3,150,3,2.38304e+06,148,2328.33,150,149
8432,1,500,0,0,150,3,150,3,2.41704e+06,148,2362.33,150,149
8433,1,500,0,0,150,3,150,3,2.42438e+06,148,2369.67,150,149
8434,1,500,0,0,150,3,150,3,2.50504e+06,148,2450.33,150,149
8435,1,500,0,0,150,3,150,3,2.47838e+06,148,2423.67,150,149
8436,1,500,0,0,150,3,150,3,2.46371e+06,148,2409,150,149
8437,1,500,0,0,150,3,150,3,2.50638e+06,148,2451.67,150,149
8438,1,500,0,0,150,3,150,3,2.59404e+06,148,2539.33,150,149
8439,1,500,0,0,150,3,150,3,2.42104e+06,148,2366.33,150,149
8440,1,500,0,0,150,3,150,3,2.50204e+06,148,2447.33,150,149
8441,1,500,0,0,150,3,150,3,2.27104e+06,148,2216.33,150,149
8442,1,500,0,0,150,3,150,3,2.39404e+06,148,2339.33,150,149
8443,1,500,0,0,150,3,150,3,2.61638e+06,148,2561.67,150,149
8444,1,500,0,0,150,3,150,3,2.59304e+06,148,2538.33,150,149
8445,1,500,0,0,150,3,150,3,2.46004e+06,148,2405.33,150,149
8446,1,500,0,0,150,3,150,3,2.39704e+06,148,2342.33,150,149
8447,1,500,0,0,150,3,150,3,2.22038e+06,148,2165.67,150,149
8448,1,500,0,0,150,3,150,3,2.42938e+06,148,2374.67,150,149
8449,1,500,0,0,150,3,150,3,2.69371e+06,148,2639,150,149
8450,1,500,0,0,150,3,150,3,2.57204e+06,148,2517.33,150,149
8451,1,500,0,0,150,3,150,3,2.46471e+06,148,2410,150,149
8452,1,500,0,0,150,3,150,3,2.33071e+06,148,2276,150,149
8453,1,500,0,0,150,3,150,3,2.49171e+06,148,2437,150,149
8454,1,500,0,0,150,3,150,3,2.46771e+06,148,2413,150,149
8455,1,500,0,0,150,3,150,3,2.59238e+06,148,2537.67,150,149
8456,1,500,0,0,150,3,150,3,2.46704e+06,148,2412.33,150,149
8457,1,500,0,0,150,3,150,3,2.48771e+06,148,2433,150,149
8458,1,500,0,0,150,3,150,3,2.42438e+06,148,2369.67,150,149
8459,1,500,0,0,150,3,150,3,2.66938e+06,148,2614.67,150,149
8460,1,500,0,0,150,3,150,3,2.57271e+06,148,2518,150,149
8461,1,500,0,0,150,3,150,3,2.60638e+06,148,2551.67,150,149
8462,1,500,0,0,150,3,150,3,2.49704e+06,148,2442.33,150,149
8463,1,500,0,0,150,3,150,3,2.40504e+06,148,2350.33,150,149
8464,1,500,0,0,150,3,150,3,2.61271e+06,148,2558,150,149
8465,1,500,0,0,150,3,150,3,2.40404e+06,148,2349.33,150,149
8466,1,500,0,0,150,3,150,3,2.48671e+06,148,2432,150,149
8467,1,500,0,0,150,3,150,3,2.52004e+06,148,2465.33,150,149
8468,1,500,0,0,150,3,150,3,2.38371e+06,148,2329,150,149
8469,1,500,0,0,150,3,150,3,2.36038e+06,148,2305.67,150,149
8470,1,500,0,0,150,3,150,3,2.32804e+06,148,2273.33,150,149
8471,1,500,0,0,150,3,150,3,2.47171e+06,148,2417,150,149
8472,1,500,0,0,150,3,150,3,2.55638e+06,148,2501.67,150,149
8473,1,500,0,0,150,3,150,3,2.59104e+06,148,2536.33,150,149
8474,1,500,0,0,150,3,150,3,2.56204e+06,148,2507.33,150,149
8475,1,500,0,0,150,3,150,3,2.44238e+06,148,2387.67,150,149
8476,1,500,0,0,150,3,150,3,2.36071e+06,148,2306,150,149
8477,1,500,0,0,150,3,150,3,2.34538e+06,148,2290.67,150,149
8478,1,500,0,0,150,3,150,3,2.63638e+06,148,2581.67,150,149
8479,1,500,0,0,150,3,150,3,2.37204e+06,148,2317.33,150,149
8480,1,500,0,0,150,3,150,3,2.49171e+06,148,2437,150,149
8481,1,500,0,0,150,3,150,3,2.54438e+06,148,2489.67,150,149
8482,1,500,0,0,150,3,150,3,2.61971e+06,148,2565,150,149
8483,1,500,0,0,150,3,150,3,2.30071e+06,148,2246,150,149
8484,1,500,0,0,150,3,150,3,2.34004e+06,148,2285.33,150,149
8485,1,500,0,0,150,3,150,3,2.53238e+06,148,2477.67,150,149
8486,1,500,0,0,150,3,150,3,2.44438e+06,148,2389.67,150,149
8487,1,500,0,0,150,3,150,3,2.55504e+06,148,2500.33,150,149
8488,1,500,0,0,150,3,150,3,2.43471e+06,148,2380,150,149
8489,1,500,0,0,150,3,150,3,2.65238e+06,148,2597.67,150,149
8490,1,500,0,0,150,3,150,3,2.57938e+06,148,2524.67,150,149
8491,1,500,0,0,150,3,150,3,2.47438e+06,148,2419.67,150,149
8492,1,500,0,0,150,3,150,3,2.50838e+06,148,2453.67,150,149
8493,1,500,0,0,150,3,150,3,2.45371e+06,148,2399,150,149
8494,1,500,0,0,150,3,150,3,2.46071e+06,148,2406,150,149
8495,1,500,0,0,150,3,150,3,2.28471e+06,148,2230,150,149
8496,1,500,0,0,150,3,150,3,2.49904e+06,148,2444.33,150,149
8497,1,500,0,0,150,3,150,3,2.27338e+06,148,2218.67,150,149
8498,1,500,0,0,150,3,150,3,2.54104e+06,148,2486.33,150,149
8499,1,500,0,0,150,3,150,3,2.45504e+06,148,2400.33,150,149
8500,1,500,0,0,150,3,150,3,2.47171e+06,148,2417,150,149
8501,1,500,0,0,150,3,150,3,2.38404e+06,148,2329.33,150,149
8502,1,500,0,0,150,3,150,3,2.31238e+06,148,2257.67,150,149
8503,1,500,0,0,150,3,150,3,2.37638e+06,148,2321.67,150,149
8504,1,500,0,0,150,3,150,3,2.50871e+06,148,2454,150,149
8505,1,500,0,0,150,3,150,3,2.43971e+06,148,2385,150,149
8506,1,500,0,0,150,3,150,3,2.47204e+06,148,2417.33,150,149
8507,1,500,0,0,150,3,150,3,2.43238e+06,148,2377.67,150,149
8508,1,500,0,0,150,3,150,3,2.38004e+06,148,2325.33,150,149
8509,1,500,0,0,150,3,150,3,2.47638e+06,148,2421.67,150,149
8510,1,500,0,0,150,3,150,3,2.62904e+06,148,2574.33,150,149
8511,1,500,0,0,150,3,150,3,2.42838e+06,148,2373.67,150,149
8512,1,500,0,0,150,3,150,3,2.42704e+06,148,2372.33,150,149
8513,1,500,0,0,150,3,150,3,2.41238e+06,148,2357.67,150,149
8514,1,500,0,0,150,3,150,3,2.56938e+06,148,2514.67,150,149
8515,1,500,0,0,150,3,150,3,2.56538e+06,148,2510.67,150,149
8516,1,500,0,0,150,3,150,3,2.44338e+06,148,2388.67,150,149
8517,1,500,0,0,150,3,150,3,2.33471e+06,148,2280,150,149
8518,1,500,0,0,150,3,150,3,2.13704e+06,148,2082.33,150,149
8519,1,500,0,0,150,3,150,3,2.31471e+06,148,2260,150,149
8520,1,500,0,0,150,3,150,3,2.34671e+06,148,2292,150,149
8521,1,500,0,0,150,3,150,3,2.34271e+06,148,2288,150,149
8522,1,500,0,0,150,3,150,3,2.37071e+06,148,2316,150,149
8523,1,500,0,0,150,3,150,3,2.59738e+06,148,2542.67,150,149
8524,1,500,0,0,150,3,150,3,2.38538e+06,148,2330.67,150,149
8525,1,500,0,0,150,3,150,3,2.35538e+06,148,2300.67,150,149
8526,1,500,0,0,150,3,150,3,2.42204e+06,148,2367.33,150,149
8527,1,500,0,0,150,3,150,3,2.56838e+06,148,2513.67,150,149
8528,1,500,0,0,150,3,150,3,2.33438e+06,148,2279.67,150,149
8529,1,500,0,0,150,3,150,3,2.46938e+06,148,2414.67,150,149
8530,1,500,0,0,150,3,150,3,2.29971e+06,148,2245,150,149
8531,1,500,0,0,150,3,150,3,2.49838e+06,148,2443.67,150,149
8532,1,500,0,0,150,3,150,3,2.61904e+06,148,2564.33,150,149
8533,1,500,0,0,150,3,150,3,2.54738e+06,148,2492.67,150,149
8534,1,500,0,0,150,3,150,3,2.54604e+06,148,2491.33,150,149
8535,1,500,0,0,150,3,150,3,2.47771e+06,148,2423,150,149
8536,1,500,0,0,150,3,150,3,2.51604e+06,148,2461.33,150,149
8537,1,500,0,0,150,3,150,3,2.32238e+06,148,2267.67,150,149
8538,1,500,0,0,150,3,150,3,2.50238e+06,148,2447.67,150,149
8539,1,500,0,0,150,3,150,3,2.45271e+06,148,2398,150,149
8540,1,500,0,0,150,3,150,3,2.38838e+06,148,2333.67,150,149
8541,1,500,0,0,150,3,150,3,2.34638e+06,148,2291.67,150,149
8542,1,500,0,0,150,3,150,3,2.38471e+06,148,2330,150,149
8543,1,500,0,0,150,3,150,3,2.44571e+06,148,2391,150,149
8544,1,500,0,0,150,3,150,3,2.62204e+06,148,2567.33,150,149
8545,1,500,0,0,150,3,150,3,2.27971e+06,148,2225,150,149
8546,1,500,0,0,150,3,150,3,2.45804e+06,148,2403.33,150,149
8547,1,500,0,0,150,3,150,3,2.34804e+06,148,2293.33,150,149
8548,1,500,0,0,150,3,150,3,2.50938e+06,148,2454.67,150,149
8549,1,500,0,0,150,3,150,3,2.36204e+06,148,2307.33,150,149
8550,1,500,0,0,150,3,150,3,2.60604e+06,148,2551.33,150,149
8551,1,500,0,0,150,3,150,3,2.44704e+06,148,2392.33,150,149
8552,1,500,0,0,150,3,150,3,2.38271e+06,148,2328,150,149
8553,1,500,0,0,150,3,150,3,2.54604e+06,148,2491.33,150,149
8554,1,500,0,0,150,3,150,3,2.47871e+06,148,2424,150,149
8555,1,500,0,0,150,3,150,3,2.51271e+06,148,2458,150,149
8556,1,500,0,0,150,3,150,3,2.43338e+06,148,2378.67,150,149
8557,1,500,0,0,150,3,150,3,2.42704e+06,148,2372.33,150,149
8558,1,500,0,0,150,3,150,3,2.46238e+06,148,2407.67,150,149
8559,1,500,0,0,150,3,150,3,2.45738e+06,148,2402.67,150,149
8560,1,500,0,0,150,3,150,3,2.23471e+06,148,2180,150,149
8561,1,500,0,0,150,3,150,3,2.38471e+06,148,2330,150,149
8562,1,500,0,0,150,3,150,3,2.40071e+06,148,2346,150,149
8563,1,500,0,0,150,3,150,3,2.41138e+06,148,2356.67,150,149
8564,1,500,0,0,150,3,150,3,2.27504e+06,148,2220.33,150,149
8565,1,500,0,0,150,3,150,3,2.61671e+06,148,2562,150,149
8566,1,500,0,0,150,3,150,3,2.34738e+06,148,2292.67,150,149
8567,1,500,0,0,150,3,150,3,2.42871e+06,148,2374,150,149
8568,1,500,0,0,150,3,150,3,2.29471e+06,148,2240,150,149
8569,1,500,0,0,150,3,150,3,2.45671e+06,148,2402,150,149
8570,1,500,0,0,150,3,150,3,2.52338e+06,148,2468.67,150,149
8571,1,500,0,0,150,3,150,3,2.41871e+06,148,2364,150,149
8572,1,500,0,0,150,3,150,3,2.45938e+06,148,2404.67,150,149
8573,1,500,0,0,150,3,150,3,2.41938e+06,148,2364.67,150,149
8574,1,500,0,0,150,3,150,3,2.48104e+06,148,2426.33,150,149
8575,1,500,0,0,150,3,150,3,2.52838e+06,148,2473.67,150,149
8576,1,500,0,0,150,3,150,3,2.59104e+06,148,2536.33,150,149
8577,1,500,0,0,150,3,150,3,2.49871e+06,148,2444,150,149
8578,1,500,0,0,150,3,150,3,2.33271e+06,148,2278,150,149
8579,1,500,0,0,150,3,150,3,2.55604e+06,148,2501.33,150,149
8580,1,500,0,0,150,3,150,3,2.56138e+06,148,2506.67,150,149
8581,1,500,0,0,150,3,150,3,2.44638e+06,148,2391.67,150,149
8582,1,500,0,0,150,3,150,3,2.52371e+06,148,2469,150,149
8583,1,500,0,0,150,3,150,3,2.24471e+06,148,2190,150,149
8584,1,500,0,0,150,3,150,3,2.24304e+06,148,2188.33,150,149
8585,1,500,0,0,150,3,150,3,2.52204e+06,148,2467.33,150,149
8586,1,500,0,0,150,3,150,3,2.55504e+06,148,2500.33,150,149
8587,1,500,0,0,150,3,150,3,2.35804e+06,148,2303.33,150,149
8588,1,500,0,0,150,3,150,3,2.30671e+06,148,2252,150,149
8589,1,500,0,0,150,3,150,3,2.38271e+06,148,2328,150,149
8590,1,500,0,0,150,3,150,3,2.43804e+06,148,2383.33,150,149
8591,1,500,0,0,150,3,150,3,2.76038e+06,148,2705.67,150,149
8592,1,500,0,0,150,3,150,3,2.53871e+06,148,2484,150,149
8593,1,500,0,0,150,3,150,3,2.70704e+06,148,2652.33,150,149
8594,1,500,0,0,150,3,150,3,2.42704e+06,148,2372.33,150,149
8595,1,500,0,0,150,3,150,3,2.63104e+06,148,2576.33,150,149
8596,1,500,0,0,150,3,150,3,2.48971e+06,148,2435,150,149
8597,1,500,0,0,150,3,150,3,2.59871e+06,148,2544,150,149
8598,1,500,0,0,150,3,150,3,2.45638e+06,148,2401.67,150,149
8599,1,500,0,0,150,3,150,3,2.68438e+06,148,2629.67,150,149
8600,1,500,0,0,150,3,150,3,2.27338e+06,148,2218.67,150,149
8601,1,500,0,0,150,3,150,3,2.45838e+06,148,2403.67,150,149
8602,1,500,0,0,150,3,150,3,2.45038e+06,148,2395.67,150,149
8603,1,500,0,0,150,3,150,3,2.76871e+06,148,2714,150,149
8604,1,500,0,0,150,3,150,3,2.56371e+06,148,2509,150,149
8605,1,500,0,0,150,3,150,3,2.65338e+06,148,2598.67,150,149
8606,1,500,0,0,150,3,150,3,2.17104e+06,148,2116.33,150,149
8607,1,500,0,0,150,3,150,3,2.48271e+06,148,2428,150,149
8608,1,500,0,0,150,3,150,3,2.55404e+06,148,2499.33,150,149
8609,1,500,0,0,150,3,150,3,2.53304e+06,148,2478.33,150,149
8610,1,500,0,0,150,3,150,3,2.67971e+06,148,2625,150,149
8611,1,500,0,0,150,3,150,3,2.59238e+06,148,2537.67,150,149
8612,1,500,0,0,150,3,150,3,2.51071e+06,148,2456,150,149
8613,1,500,0,0,150,3,150,3,2.67238e+06,148,2617.67,150,149
8614,1,500,0,0,150,3,150,3,2.32904e+06,148,2274.33,150,149
8615,1,500,0,0,150,3,150,3,2.46804e+06,148,2413.33,150,149
8616,1,500,0,0,150,3,150,3,2.37071e+06,148,2316,150,149
8617,1,500,0,0,150,3,150,3,2.51904e+06,148,2464.33,150,149
8618,1,500,0,0,150,3,150,3,2.54271e+06,148,2488,150,149
8619,1,500,0,0,150,3,150,3,2.57504e+06,148,2520.33,150,149
8620,1,500,0,0,150,3,150,3,2.46638e+06,148,2411.67,150,149
8621,1,500,0,0,150,3,150,3,2.46671e+06,148,2412,150,149
8622,1,500,0,0,150,3,150,3,2.46638e+06,148,2411.67,150,149
8623,1,500,0,0,150,3,150,3,2.29238e+06,148,2237.67,150,149
8624,1,500,0,0,150,3,150,3,2.31538e+06,148,2260.67,150,149
8625,1,500,0,0,150,3,150,3,2.36038e+06,148,2305.67,150,149
8626,1,500,0,0,150,3,150,3,2.47738e+06,148,2422.67,150,149
8627,1,500,0,0,150,3,150,3,2.29338e+06,148,2238.67,150,149
8628,1,500,0,0,150,3,150,3,2.35338e+06,148,2298.67,150,149
8629,1,500,0,0,150,3,150,3,2.52471e+06,148,2470,150,149
8630,1,500,0,0,150,3,150,3,2.45671e+06,148,2402,150,149
8631,1,500,0,0,150,3,150,3,2.63738e+06,148,2582.67,150,149
8632,1,500,0,0,150,3,150,3,2.50104e+06,148,2446.33,150,149
8633,1,500,0,0,150,3,150,3,2.49871e+06,148,2444,150,149
8634,1,500,0,0,150,3,150,3,2.58038e+06,148,2525.67,150,149
8635,1,500,0,0,150,3,150,3,2.65138e+06,148,2596.67,150,149
8636,1,500,0,0,150,3,150,3,2.57038e+06,148,2515.67,150,149
8637,1,500,0,0,150,3,150,3,2.43671e+06,148,2382,150,149
8638,1,500,0,0,150,3,150,3,2.70838e+06,148,2653.67,150,149
8639,1,500,0,0,150,3,150,3,2.28071e+06,148,2226,150,149
8640,1,500,0,0,150,3,150,3,2.35071e+06,148,2296,150,149
8641,1,500,0,0,150,3,150,3,2.45038e+06,148,2395.67,150,149
8642,1,500,0,0,150,3,150,3,2.60804e+06,148,2553.33,150,149
8643,1,500,0,0,150,3,150,3,2.36471e+06,148,2310,150,149
8644,1,500,0,0,150,3,150,3,2.54538e+06,148,2490.67,150,149
8645,1,500,0,0,150,3,150,3,2.57071e+06,148,2516,150,149
8646,1,500,0,0,150,3,150,3,2.37671e+06,148,2322,150,149
8647,1,500,0,0,150,3,150,3,2.59671e+06,148,2542,150,149
8648,1,500,0,0,150,3,150,3,2.32438e+06,148,2269.67,150,149
8649,1,500,0,0,150,3,150,3,2.40938e+06,148,2354.67,150,149
8650,1,500,0,0,150,3,150,3,2.45171e+06,148,2397,150,149
8651,1,500,0,0,150,3,150,3,2.46504e+06,148,2410.33,150,149
8652,1,500,0,0,150,3,150,3,2.53938e+06,148,2484.67,150,149
8653,1,500,0,0,150,3,150,3,2.52738e+06,148,2472.67,150,149
8654,1,500,0,0,150,3,150,3,2.49771e+06,148,2443,150,149
8655,1,500,0,0,150,3,150,3,2.39038e+06,148,2335.67,150,149
8656,1,500,0,0,150,3,150,3,2.55138e+06,148,2496.67,150,149
8657,1,500,0,0,150,3,150,3,2.33604e+06,148,2281.33,150,149
8658,1,500,0,0,150,3,150,3,2.29704e+06,148,2242.33,150,149
8659,1,500,0,0,150,3,150,3,2.54904e+06,148,2494.33,150,149
8660,1,500,0,0,150,3,150,3,2.33838e+06,148,2283.67,150,149
8661,1,500,0,0,150,3,150,3,2.55071e+06,148,2496,150,149
8662,1,500,0,0,150,3,150,3,2.37271e+06,148,2318,150,149
8663,1,500,0,0,150,3,150,3,2.44304e+06,148,2388.33,150,149
8664,1,500,0,0,150,3,150,3,2.70704e+06,148,2652.33,150,149
8665,1,500,0,0,150,3,150,3,2.67371e+06,148,2619,150,149
8666,1,500,0,0,150,3,150,3,2.38638e+06,148,2331.67,150,149
8667,1,500,0,0,150,3,150,3,2.61304e+06,148,2558.33,150,149
8668,1,500,0,0,150,3,150,3,2.47104e+06,148,2416.33,150,149
8669,1,500,0,0,150,3,150,3,2.30904e+06,148,2254.33,150,149
8670,1,500,0,0,150,3,150,3,2.26938e+06,148,2214.67,150,149
8671,1,500,0,0,150,3,150,3,2.32471e+06,148,2270,150,149
8672,1,500,0,0,150,3,150,3,2.40238e+06,148,2347.67,150,149
8673,1,500,0,0,150,3,150,3,2.68971e+06,148,2635,150,149
8674,1,500,0,0,150,3,150,3,2.55538e+06,148,2500.67,150,149
8675,1,500,0,0,150,3,150,3,2.43704e+06,148,2382.33,150,149
8676,1,500,0,0,150,3,150,3,2.54404e+06,148,2489.33,150,149
8677,1,500,0,0,150,3,150,3,2.40538e+06,148,2350.67,150,149
8678,1,500,0,0,150,3,150,3,2.35704e+06,148,2302.33,150,149
8679,1,500,0,0,150,3,150,3,2.63971e+06,148,2585,150,149
8680,1,500,0,0,150,3,150,3,2.31604e+06,148,2261.33,150,149
8681,1,500,0,0,150,3,150,3,2.33904e+06,148,2284.33,150,149
8682,1,500,0,0,150,3,150,3,2.32371e+06,148,2269,150,149
8683,1,500,0,0,150,3,150,3,2.44504e+06,148,2390.33,150,149
8684,1,500,0,0,150,3,150,3,2.22838e+06,148,2173.67,150,149
8685,1,500,0,0,150,3,150,3,2.57838e+06,148,2523.67,150,149
8686,1,500,0,0,150,3,150,3,2.52904e+06,148,2474.33,150,149
8687,1,500,0,0,150,3,150,3,2.36904e+06,148,2314.33,150,149
8688,1,500,0,0,150,3,150,3,2.72604e+06,148,2671.33,150,149
8689,1,500,0,0,150,3,150,3,2.67338e+06,148,2618.67,150,149
8690,1,500,0,0,150,3,150,3,2.49438e+06,148,2439.67,150,149
8691,1,500,0,0,150,3,150,3,2.36004e+06,148,2305.33,150,149
8692,1,500,0,0,150,3,150,3,2.20504e+06,148,2150.33,150,149
8693,1,500,0,0,150,3,150,3,2.41404e+06,148,2359.33,150,149
8694,1,500,0,0,150,3,150,3,2.40771e+06,148,2353,150,149
8695,1,500,0,0,150,3,150,3,2.64004e+06,148,2585.33,150,149
8696,1,500,0,0,150,3,150,3,2.55204e+06,148,2497.33,150,149
8697,1,500,0,0,150,3,150,3,2.45871e+06,148,2404,150,149
8698,1,500,0,0,150,3,150,3,2.49571e+06,148,2441,150,149
8699,1,500,0,0,150,3,150,3,2.53171e+06,148,2477,150,149
8700,1,500,0,0,150,3,150,3,2.47771e+06,148,2423,150,149
8701,1,500,0,0,150,3,150,3,2.59538e+06,148,2540.67,150,149
8702,1,500,0,0,150,3,150,3,2.53304e+06,148,2478.33,150,149
8703,1,500,0,0,150,3,150,3,2.43071e+06,148,2376,150,149
8704,1,500,0,0,150,3,150,3,2.43238e+06,148,2377.67,150,149
8705,1,500,0,0,150,3,150,3,2.36038e+06,148,2305.67,150,149
8706,1,500,0,0,150,3,150,3,2.44471e+06,148,2390,150,149
8707,1,500,0,0,150,3,150,3,2.48904e+06,148,2434.33,150,149
8708,1,500,0,0,150,3,150,3,2.68438e+06,148,2629.67,150,149
8709,1,500,0,0,150,3,150,3,2.40271e+06,148,2348,150,149
8710,1,500,0,0,150,3,150,3,2.58238e+06,148,2527.67,150,149
8711,1,500,0,0,150,3,150,3,2.48371e+06,148,2429,150,149
8712,1,500,0,0,150,3,150,3,2.39204e+06,148,2337.33,150,149
8713,1,500,0,0,150,3,150,3,2.41238e+06,148,2357.67,150,149
8714,1,500,0,0,150,3,150,3,2.43904e+06,148,2384.33,150,149
8715,1,500,0,0,150,3,150,3,2.38938e+06,148,2334.67,150,149
8716,1,500,0,0,150,3,150,3,2.58204e+06,148,2527.33,150,149
8717,1,500,0,0,150,3,150,3,2.59238e+06,148,2537.67,150,149
8718,1,500,0,0,150,3,150,3,2.65838e+06,148,2603.67,150,149
8719,1,500,0,0,150,3,150,3,2.61671e+06,148,2562,150,149
8720,1,500,0,0,150,3,150,3,2.52671e+06,148,2472,150,149
8721,1,500,0,0,150,3,150,3,2.32004e+06,148,2265.33,150,149
8722,1,500,0,0,150,3,150,3,2.61938e+06,148,2564.67,150,149
8723,1,500,0,0,150,3,150,3,2.45071e+06,148,2396,150,149
8724,1,500,0,0,150,3,150,3,2.47871e+06,148,2424,150,149
8725,1,500,0,0,150,3,150,3,2.60104e+06,148,2546.33,150,149
8726,1,500,0,0,150,3,150,3,2.60271e+06,148,2548,150,149
8727,1,500,0,0,150,3,150,3,2.55338e+06,148,2498.67,150,149
8728,1,500,0,0,150,3,150,3,2.56904e+06,148,2514.33,150,149
8729,1,500,0,0,150,3,150,3,2.46271e+06,148,2408,150,149
8730,1,500,0,0,150,3,150,3,2.46038e+06,148,2405.67,150,149
8731,1,500,0,0,150,3,150,3,2.73704e+06,148,2682.33,150,149
8732,1,500,0,0,150,3,150,3,2.53771e+06,148,2483,150,149
8733,1,500,0,0,150,3,150,3,2.48238e+06,148,2427.67,150,149
8734,1,500,0,0,150,3,150,3,2.31038e+06,148,2255.67,150,149
8735,1,500,0,0,150,3,150,3,2.49771e+06,148,2443,150,149
8736,1,500,0,0,150,3,150,3,2.49538e+06,148,2440.67,150,149
8737,1,500,0,0,150,3,150,3,2.39838e+06,148,2343.67,150,149
8738,1,500,0,0,150,3,150,3,2.40404e+06,148,2349.33,150,149
8739,1,500,0,0,150,3,150,3,2.49304e+06,148,2438.33,150,149
8740,1,500,0,0,150,3,150,3,2.38638e+06,148,2331.67,150,149
8741,1,500,0,0,150,3,150,3,2.45338e+06,148,2398.67,150,149
8742,1,500,0,0,150,3,150,3,2.48204e+06,148,2427.33,150,149
8743,1,500,0,0,150,3,150,3,2.49971e+06,148,2445,150,149
8744,1,500,0,0,150,3,150,3,2.42671e+06,148,2372,150,149
8745,1,500,0,0,150,3,150,3,2.66338e+06,148,2608.67,150,149
8746,1,500,0,0,150,3,150,3,2.55171e+06,148,2497,150,149
8747,1,500,0,0,150,3,150,3,2.42271e+06,148,2368,150,149
8748,1,500,0,0,150,3,150,3,2.40138e+06,148,2346.67,150,149
8749,1,500,0,0,150,3,150,3,2.74938e+06,148,2694.67,150,149
8750,1,500,0,0,150,3,150,3,2.60204e+06,148,2547.33,150,149
8751,1,500,0,0,150,3,150,3,2.48004e+06,148,2425.33,150,149
8752,1,500,0,0,150,3,150,3,2.38504e+06,148,2330.33,150,149
8753,1,500,0,0,150,3,150,3,2.39704e+06,148,2342.33,150,149
8754,1,500,0,0,150,3,150,3,2.44938e+06,148,2394.67,150,149
8755,1,500,0,0,150,3,150,3,2.46004e+06,148,2405.33,150,149
8756,1,500,0,0,150,3,150,3,2.29638e+06,148,2241.67,150,149
8757,1,500,0,0,150,3,150,3,2.41671e+06,148,2362,150,149
8758,1,500,0,0,150,3,150,3,2.38238e+06,148,2327.67,150,149
8759,1,500,0,0,150,3,150,3,2.60271e+06,148,2548,150,149
8760,1,500,0,0,150,3,150,3,2.42738e+06,148,2372.67,150,149
8761,1,500,0,0,150,3,150,3,2.66271e+06,148,2608,150,149
8762,1,500,0,0,150,3,150,3,2.57704e+06,148,2522.33,150,149
8763,1,500,0,0,150,3,150,3,2.61971e+06,148,2565,150,149
8764,1,500,0,0,150,3,150,3,2.60271e+06,148,2548,150,149
8765,1,500,0,0,150,3,150,3,2.45504e+06,148,2400.33,150,149
8766,1,500,0,0,150,3,150,3,2.30638e+06,148,2251.67,150,149
8767,1,500,0,0,150,3,150,3,2.46804e+06,148,2413.33,150,149
8768,1,500,0,0,150,3,150,3,2.66704e+06,148,2612.33,150,149
8769,1,500,0,0,150,3,150,3,2.52538e+06,148,2470.67,150,149
8770,1,500,0,0,150,3,150,3,2.47171e+06,148,2417,150,149
8771,1,500,0,0,150,3,150,3,2.42438e+06,148,2369.67,150,149
8772,1,500,0,0,150,3,150,3,2.53638e+06,148,2481.67,150,149
8773,1,500,0,0,150,3,150,3,2.34804e+06,148,2293.33,150,149
8774,1,500,0,0,150,3,150,3,2.49771e+06,148,2443,150,149
8775,1,500,0,0,150,3,150,3,2.51738e+06,148,2462.67,150,149
8776,1,500,0,0,150,3,150,3,2.41504e+06,148,2360.33,150,149
8777,1,500,0,0,150,3,150,3,2.33638e+06,148,2281.67,150,149
8778,1,500,0,0,150,3,150,3,2.35904e+06,148,2304.33,150,149
8779,1,500,0,0,150,3,150,3,2.41538e+06,148,2360.67,150,149
8780,1,500,0,0,150,3,150,3,2.43504e+06,148,2380.33,150,149
8781,1,500,0,0,150,3,150,3,2.51571e+06,148,2461,150,149
8782,1,500,0,0,150,3,150,3,2.40271e+06,148,2348,150,149
8783,1,500,0,0,150,3,150,3,2.48404e+06,148,2429.33,150,149
8784,1,500,0,0,150,3,150,3,2.50238e+06,148,2447.67,150,149
8785,1,500,0,0,150,3,150,3,2.35104e+06,148,2296.33,150,149
8786,1,500,0,0,150,3,150,3,2.35904e+06,148,2304.33,150,149
8787,1,500,0,0,150,3,150,3,2.47504e+06,148,2420.33,150,149
8788,1,500,0,0,150,3,150,3,2.33271e+06,148,2278,150,149
8789,1,500,0,0,150,3,150,3,2.46604e+06,148,2411.33,150,149
8790,1,500,0,0,150,3,150,3,2.62771e+06,148,2573,150,149
8791,1,500,0,0,150,3,150,3,2.41471e+06,148,2360,150,149
8792,1,500,0,0,150,3,150,3,2.48071e+06,148,2426,150,149
8793,1,500,0,0,150,3,150,3,2.39738e+06,148,2342.67,150,149
8794,1,500,0,0,150,3,150,3,2.58771e+06,148,2533,150,149
8795,1,500,0,0,150,3,150,3,2.43238e+06,148,2377.67,150,149
8796,1,500,0,0,150,3,150,3,2.67771e+06,148,2623,150,149
8797,1,500,0,0,150,3,150,3,2.47804e+06,148,2423.33,150,149
8798,1,500,0,0,150,3,150,3,2.57938e+06,148,2524.67,150,149
8799,1,500,0,0,150,3,150,3,2.51171e+06,148,2457,150,149
8800,1,500,0,0,150,3,150,3,2.40071e+06,148,2346,150,149
8801,1,500,0,0,150,3,150,3,2.20904e+06,148,2154.33,150,149
8802,1,500,0,0,150,3,150,3,2.49571e+06,148,2441,150,149
8803,1,500,0,0,150,3,150,3,2.26538e+06,148,2210.67,150,149
8804,1,500,0,0,150,3,150,3,2.55804e+06,148,2503.33,150,149
8805,1,500,0,0,150,3,150,3,2.55204e+06,148,2497.33,150,149
8806,1,500,0,0,150,3,150,3,2.54371e+06,148,2489,150,149
8807,1,500,0,0,150,3,150,3,2.54271e+06,148,2488,150,149
8808,1,500,0,0,150,3,150,3,2.62038e+06,148,2565.67,150,149
8809,1,500,0,0,150,3,150,3,2.57838e+06,148,2523.67,150,149
8810,1,500,0,0,150,3,150,3,2.55371e+06,148,2499,150,149
8811,1,500,0,0,150,3,150,3,2.55971e+06,148,2505,150,149
8812,1,500,0,0,150,3,150,3,2.29438e+06,148,2239.67,150,149
8813,1,500,0,0,150,3,150,3,2.40071e+06,148,2346,150,149
8814,1,500,0,0,150,3,150,3,2.38504e+06,148,2330.33,150,149
8815,1,500,0,0,150,3,150,3,2.49571e+06,148,2441,150,149
8816,1,500,0,0,150,3,150,3,2.51271e+06,148,2458,150,149
8817,1,500,0,0,150,3,150,3,2.43371e+06,148,2379,150,149
8818,1,500,0,0,150,3,150,3,2.39871e+06,148,2344,150,149
8819,1,500,0,0,150,3,150,3,2.62438e+06,148,2569.67,150,149
8820,1,500,0,0,150,3,150,3,2.41538e+06,148,2360.67,150,149
8821,1,500,0,0,150,3,150,3,2.48238e+06,148,2427.67,150,149
8822,1,500,0,0,150,3,150,3,2.52571e+06,148,2471,150,149
8823,1,500,0,0,150,3,150,3,2.30504e+06,148,2250.33,150,149
8824,1,500,0,0,150,3,150,3,2.39138e+06,148,2336.67,150,149
8825,1,500,0,0,150,3,150,3,2.44704e+06,148,2392.33,150,149
8826,1,500,0,0,150,3,150,3,2.51171e+06,148,2457,150,149
8827,1,500,0,0,150,3,150,3,2.73371e+06,148,2679,150,149
8828,1,500,0,0,150,3,150,3,2.40904e+06,148,2354.33,150,149
8829,1,500,0,0,150,3,150,3,2.62571e+06,148,2571,150,149
8830,1,500,0,0,150,3,150,3,2.58404e+06,148,2529.33,150,149
8831,1,500,0,0,150,3,150,3,2.35971e+06,148,2305,150,149
8832,1,500,0,0,150,3,150,3,2.42671e+06,148,2372,150,149
8833,1,500,0,0,150,3,150,3,2.30538e+06,148,2250.67,150,149
8834,1,500,0,0,150,3,150,3,2.68704e+06,148,2632.33,150,149
8835,1,500,0,0,150,3,150,3,2.29738e+06,148,2242.67,150,149
8836,1,500,0,0,150,3,150,3,2.47038e+06,148,2415.67,150,149
8837,1,500,0,0,150,3,150,3,2.46204e+06,148,2407.33,150,149
8838,1,500,0,0,150,3,150,3,2.40371e+06,148,2349,150,149
8839,1,500,0,0,150,3,150,3,2.56371e+06,148,2509,150,149
8840,1,500,0,0,150,3,150,3,2.35938e+06,148,2304.67,150,149
8841,1,500,0,0,150,3,150,3,2.37971e+06,148,2325,150,149
8842,1,500,0,0,150,3,150,3,2.29304e+06,148,2238.33,150,149
8843,1,500,0,0,150,3,150,3,2.35671e+06,148,2302,150,149
8844,1,500,0,0,150,3,150,3,2.36104e+06,148,2306.33,150,149
8845,1,500,0,0,150,3,150,3,2.41571e+06,148,2361,150,149
8846,1,500,0,0,150,3,150,3,2.58804e+06,148,2533.33,150,149
8847,1,500,0,0,150,3,150,3,2.61204e+06,148,2557.33,150,149
8848,1,500,0,0,150,3,150,3,2.44871e+06,148,2394,150,149
8849,1,500,0,0,150,3,150,3,2.32504e+06,148,2270.33,150,149
8850,1,500,0,0,150,3,150,3,2.62004e+06,148,2565.33,150,149
8851,1,500,0,0,150,3,150,3,2.41704e+06,148,2362.33,150,149
8852,1,500,0,0,150,3,150,3,2.54604e+06,148,2491.33,150,149
8853,1,500,0,0,150,3,150,3,2.48771e+06,148,2433,150,149
8854,1,500,0,0,150,3,150,3,2.58438e+06,148,2529.67,150,149
8855,1,500,0,0,150,3,150,3,2.35604e+06,148,2301.33,150,149
8856,1,500,0,0,150,3,150,3,2.56938e+06,148,2514.67,150,149
8857,1,500,0,0,150,3,150,3,2.53871e+06,148,2484,150,149
8858,1,500,0,0,150,3,150,3,2.31571e+06,148,2261,150,149
8859,1,500,0,0,150,3,150,3,2.37004e+06,148,2315.33,150,149
8860,1,500,0,0,150,3,150,3,2.54104e+06,148,2486.33,150,149
8861,1,500,0,0,150,3,150,3,2.54204e+06,148,2487.33,150,149
8862,1,500,0,0,150,3,150,3,2.58538e+06,148,2530.67,150,149
8863,1,500,0,0,150,3,150,3,2.40638e+06,148,2351.67,150,149
8864,1,500,0,0,150,3,150,3,2.47771e+06,148,2423,150,149
8865,1,500,0,0,150,3,150,3,2.45704e+06,148,2402.33,150,149
8866,1,500,0,0,150,3,150,3,2.43771e+06,148,2383,150,149
8867,1,500,0,0,150,3,150,3,2.58638e+06,148,2531.67,150,149
8868,1,500,0,0,150,3,150,3,2.28038e+06,148,2225.67,150,149
8869,1,500,0,0,150,3,150,3,2.52204e+06,148,2467.33,150,149
8870,1,500,0,0,150,3,150,3,2.35071e+06,148,2296,150,149
8871,1,500,0,0,150,3,150,3,2.61171e+06,148,2557,150,149
8872,1,500,0,0,150,3,150,3,2.28138e+06,148,2226.67,150,149
8873,1,500,0,0,150,3,150,3,2.42138e+06,148,2366.67,150,149
8874,1,500,0,0,150,3,150,3,2.39604e+06,148,2341.33,150,149
8875,1,500,0,0,150,3,150,3,2.54904e+06,148,2494.33,150,149
8876,1,500,0,0,150,3,150,3,2.36371e+06,148,2309,150,149
8877,1,500,0,0,150,3,150,3,2.37304e+06,148,2318.33,150,149
8878,1,500,0,0,150,3,150,3,2.55438e+06,148,2499.67,150,149
8879,1,500,0,0,150,3,150,3,2.60804e+06,148,2553.33,150,149
8880,1,500,0,0,150,3,150,3,2.55438e+06,148,2499.67,150,149
8881,1,500,0,0,150,3,150,3,2.66171e+06,148,2607,150,149
8882,1,500,0,0,150,3,150,3,2.43171e+06,148,2377,150,149
8883,1,500,0,0,150,3,150,3,2.35004e+06,148,2295.33,150,149
8884,1,500,0,0,150,3,150,3,2.54871e+06,148,2494,150,149
8885,1,500,0,0,150,3,150,3,2.45804e+06,148,2403.33,150,149
8886,1,500,0,0,150,3,150,3,2.30138e+06,148,2246.67,150,149
8887,1,500,0,0,150,3,150,3,2.34404e+06,148,2289.33,150,149
8888,1,500,0,0,150,3,150,3,2.44171e+06,148,2387,150,149
8889,1,500,0,0,150,3,150,3,2.59504e+06,148,2540.33,150,149
8890,1,500,0,0,150,3,150,3,2.42571e+06,148,2371,150,149
8891,1,500,0,0,150,3,150,3,2.44838e+06,148,2393.67,150,149
8892,1,500,0,0,150,3,150,3,2.32004e+06,148,2265.33,150,149
8893,1,500,0,0,150,3,150,3,2.27138e+06,148,2216.67,150,149
8894,1,500,0,0,150,3,150,3,2.61638e+06,148,2561.67,150,149
8895,1,500,0,0,150,3,150,3,2.56004e+06,148,2505.33,150,149
8896,1,500,0,0,150,3,150,3,2.48438e+06,148,2429.67,150,149
8897,1,500,0,0,150,3,150,3,2.41804e+06,148,2363.33,150,149
8898,1,500,0,0,150,3,150,3,2.27138e+06,148,2216.67,150,149
8899,1,500,0,0,150,3,150,3,2.26604e+06,148,2211.33,150,149
8900,1,500,0,0,150,3,150,3,2.43004e+06,148,2375.33,150,149
8901,1,500,0,0,150,3,150,3,2.57771e+06,148,2523,150,149
8902,1,500,0,0,150,3,150,3,2.43671e+06,148,2382,150,149
8903,1,500,0,0,150,3,150,3,2.37104e+06,148,2316.33,150,149
8904,1,500,0,0,150,3,150,3,2.75171e+06,148,2697,150,149
8905,1,500,0,0,150,3,150,3,2.35338e+06,148,2298.67,150,149
8906,1,500,0,0,150,3,150,3,2.59771e+06,148,2543,150,149
8907,1,500,0,0,150,3,150,3,2.43171e+06,148,2377,150,149
8908,1,500,0,0,150,3,150,3,2.74004e+06,148,2685.33,150,149
8909,1,500,0,0,150,3,150,3,2.69771e+06,148,2643,150,149
8910,1,500,0,0,150,3,150,3,2.48171e+06,148,2427,150,149
8911,1,500,0,0,150,3,150,3,2.41004e+06,148,2355.33,150,149
8912,1,500,0,0,150,3,150,3,2.38738e+06,148,2332.67,150,149
8913,1,500,0,0,150,3,150,3,2.72671e+06,148,2672,150,149
8914,1,500,0,0,150,3,150,3,2.56171e+06,148,2507,150,149
8915,1,500,0,0,150,3,150,3,2.45704e+06,148,2402.33,150,149
8916,1,500,0,0,150,3,150,3,2.45204e+06,148,2397.33,150,149
8917,1,500,0,0,150,3,150,3,2.69904e+06,148,2644.33,150,149
8918,1,500,0,0,150,3,150,3,2.61771e+06,148,2563,150,149
8919,1,500,0,0,150,3,150,3,2.39771e+06,148,2343,150,149
8920,1,500,0,0,150,3,150,3,2.49404e+06,148,2439.33,150,149
8921,1,500,0,0,150,3,150,3,2.59804e+06,148,2543.33,150,149
8922,1,500,0,0,150,3,150,3,2.59538e+06,148,2540.67,150,149
8923,1,500,0,0,150,3,150,3,2.46771e+06,148,2413,150,149
8924,1,500,0,0,150,3,150,3,2.35171e+06,148,2297,150,149
8925,1,500,0,0,150,3,150,3,2.59071e+06,148,2536,150,149
8926,1,500,0,0,150,3,150,3,2.48638e+06,148,2431.67,150,149
8927,1,500,0,0,150,3,150,3,2.49504e+06,148,2440.33,150,149
8928,1,500,0,0,150,3,150,3,2.54804e+06,148,2493.33,150,149
8929,1,500,0,0,150,3,150,3,2.43438e+06,148,2379.67,150,149
8930,1,500,0,0,150,3,150,3,2.42704e+06,148,2372.33,150,149
8931,1,500,0,0,150,3,150,3,2.39371e+06,148,2339,150,149
8932,1,500,0,0,150,3,150,3,2.38038e+06,148,2325.67,150,149
8933,1,500,0,0,150,3,150,3,2.45571e+06,148,2401,150,149
8934,1,500,0,0,150,3,150,3,2.44138e+06,148,2386.67,150,149
8935,1,500,0,0,150,3,150,3,2.58604e+06,148,2531.33,150,149
8936,1,500,0,0,150,3,150,3,2.59871e+06,148,2544,150,149
8937,1,500,0,0,150,3,150,3,2.49971e+06,148,2445,150,149
8938,1,500,0,0,150,3,150,3,2.51038e+06,148,2455.67,150,149
8939,1,500,0,0,150,3,150,3,2.44804e+06,148,2393.33,150,149
8940,1,500,0,0,150,3,150,3,2.39738e+06,148,2342.67,150,149
8941,1,500,0,0,150,3,150,3,2.43004e+06,148,2375.33,150,149
8942,1,500,0,0,150,3,150,3,2.36604e+06,148,2311.33,150,149
8943,1,500,0,0,150,3,150,3,2.28404e+06,148,2229.33,150,149
8944,1,500,0,0,150,3,150,3,2.48071e+06,148,2426,150,149
8945,1,500,0,0,150,3,150,3,2.70304e+06,148,2648.33,150,149
8946,1,500,0,0,150,3,150,3,2.52938e+06,148,2474.67,150,149
8947,1,500,0,0,150,3,150,3,2.43104e+06,148,2376.33,150,149
8948,1,500,0,0,150,3,150,3,2.43704e+06,148,2382.33,150,149
8949,1,500,0,0,150,3,150,3,2.35838e+06,148,2303.67,150,149
8950,1,500,0,0,150,3,150,3,2.38238e+06,148,2327.67,150,149
8951,1,500,0,0,150,3,150,3,2.55471e+06,148,2500,150,149
8952,1,500,0,0,150,3,150,3,2.38571e+06,148,2331,150,149
8953,1,500,0,0,150,3,150,3,2.45004e+06,148,2395.33,150,149
8954,1,500,0,0,150,3,150,3,2.49871e+06,148,2444,150,149
8955,1,500,0,0,150,3,150,3,2.58838e+06,148,2533.67,150,149
8956,1,500,0,0,150,3,150,3,2.71738e+06,148,2662.67,150,149
8957,1,500,0,0,150,3,150,3,2.68804e+06,148,2633.33,150,149
8958,1,500,0,0,150,3,150,3,2.56071e+06,148,2506,150,149
8959,1,500,0,0,150,3,150,3,2.39904e+06,148,2344.33,150,149
8960,1,500,0,0,150,3,150,3,2.42071e+06,148,2366,150,149
8961,1,500,0,0,150,3,150,3,2.58671e+06,148,2532,150,149
8962,1,500,0,0,150,3,150,3,2.44504e+06,148,2390.33,150,149
8963,1,500,0,0,150,3,150,3,2.53204e+06,148,2477.33,150,149
8964,1,500,0,0,150,3,150,3,2.51171e+06,148,2457,150,149
8965,1,500,0,0,150,3,150,3,2.55904e+06,148,2504.33,150,149
8966,1,500,0,0,150,3,150,3,2.28538e+06,148,2230.67,150,149
8967,1,500,0,0,150,3,150,3,2.45904e+06,148,2404.33,150,149
8968,1,500,0,0,150,3,150,3,2.44004e+06,148,2385.33,150,149
8969,1,500,0,0,150,3,150,3,2.57304e+06,148,2518.33,150,149
8970,1,500,0,0,150,3,150,3,2.12304e+06,148,2068.33,150,149
8971,1,500,0,0,150,3,150,3,2.62038e+06,148,2565.67,150,149
8972,1,500,0,0,150,3,150,3,2.41438e+06,148,2359.67,150,149
8973,1,500,0,0,150,3,150,3,2.41971e+06,148,2365,150,149
8974,1,500,0,0,150,3,150,3,2.57504e+06,148,2520.33,150,149
8975,1,500,0,0,150,3,150,3,2.44571e+06,148,2391,150,149
8976,1,500,0,0,150,3,150,3,2.44471e+06,148,2390,150,149
8977,1,500,0,0,150,3,150,3,2.63071e+06,148,2576,150,149
8978,1,500,0,0,150,3,150,3,2.47038e+06,148,2415.67,150,149
8979,1,500,0,0,150,3,150,3,2.54371e+06,148,2489,150,149
8980,1,500,0,0,150,3,150,3,2.60438e+06,148,2549.67,150,149
8981,1,500,0,0,150,3,150,3,2.27604e+06,148,2221.33,150,149
8982,1,500,0,0,150,3,150,3,2.53104e+06,148,2476.33,150,149
8983,1,500,0,0,150,3,150,3,2.42304e+06,148,2368.33,150,149
8984,1,500,0,0,150,3,150,3,2.31238e+06,148,2257.67,150,149
8985,1,500,0,0,150,3,150,3,2.37404e+06,148,2319.33,150,149
8986,1,500,0,0,150,3,150,3,2.51538e+06,148,2460.67,150,149
8987,1,500,0,0,150,3,150,3,2.56204e+06,148,2507.33,150,149
8988,1,500,0,0,150,3,150,3,2.62638e+06,148,2571.67,150,149
8989,1,500,0,0,150,3,150,3,2.46138e+06,148,2406.67,150,149
8990,1,500,0,0,150,3,150,3,2.57671e+06,148,2522,150,149
8991,1,500,0,0,150,3,150,3,2.49738e+06,148,2442.67,150,149
8992,1,500,0,0,150,3,150,3,2.38138e+06,148,2326.67,150,149
8993,1,500,0,0,150,3,150,3,2.63438e+06,148,2579.67,150,149
8994,1,500,0,0,150,3,150,3,2.33571e+06,148,2281,150,149
8995,1,500,0,0,150,3,150,3,2.72704e+06,148,2672.33,150,149
8996,1,500,0,0,150,3,150,3,2.38138e+06,148,2326.67,150,149
8997,1,500,0,0,150,3,150,3,2.50038e+06,148,2445.67,150,149
8998,1,500,0,0,150,3,150,3,2.52671e+06,148,2472,150,149
8999,1,500,0,0,150,3,150,3,2.39071e+06,148,2336,150,149
9000,1,500,0,0,150,3,150,3,2.46571e+06,148,2411,150,149
9001,1,500,0,0,150,3,150,3,2.51704e+06,148,2462.33,150,149
9002,1,500,0,0,150,3,150,3,2.56071e+06,148,2506,150,149
9003,1,500,0,0,150,3,150,3,2.59004e+06,148,2535.33,150,149
9004,1,500,0,0,150,3,150,3,2.40404e+06,148,2349.33,150,149
9005,1,500,0,0,150,3,150,3,2.40871e+06,148,2354,150,149
9006,1,500,0,0,150,3,150,3,2.39638e+06,148,2341.67,150,149
9007,1,500,0,0,150,3,150,3,2.34538e+06,148,2290.67,150,149
9008,1,500,0,0,150,3,150,3,2.49438e+06,148,2439.67,150,149
9009,1,500,0,0,150,3,150,3,2.44338e+06,148,2388.67,150,149
9010,1,500,0,0,150,3,150,3,2.41504e+06,148,2360.33,150,149
9011,1,500,0,0,150,3,150,3,2.48704e+06,148,2432.33,150,149
9012,1,500,0,0,150,3,150,3,2.61904e+06,148,2564.33,150,149
9013,1,500,0,0,150,3,150,3,2.42004e+06,148,2365.33,150,149
9014,1,500,0,0,150,3,150,3,2.38404e+06,148,2329.33,150,149
9015,1,500,0,0,150,3,150,3,2.70438e+06,148,2649.67,150,149
9016,1,500,0,0,150,3,150,3,2.60404e+06,148,2549.33,150,149
9017,1,500,0,0,150,3,150,3,2.34471e+06,148,2290,150,149
9018,1,500,0,0,150,3,150,3,2.63404e+06,148,2579.33,150,149
9019,1,500,0,0,150,3,150,3,2.49871e+06,148,2444,150,149
9020,1,500,0,0,150,3,150,3,2.54371e+06,148,2489,150,149
9021,1,500,0,0,150,3,150,3,2.55404e+06,148,2499.33,150,149
9022,1,500,0,0,150,3,150,3,2.47904e+06,148,2424.33,150,149
9023,1,500,0,0,150,3,150,3,2.60071e+06,148,2546,150,149
9024,1,500,0,0,150,3,150,3,2.25304e+06,148,2198.33,150,149
9025,1,500,0,0,150,3,150,3,2.46238e+06,148,2407.67,150,149
9026,1,500,0,0,150,3,150,3,2.64404e+06,148,2589.33,150,149
9027,1,500,0,0,150,3,150,3,2.47004e+06,148,2415.33,150,149
9028,1,500,0,0,150,3,150,3,2.48571e+06,148,2431,150,149
9029,1,500,0,0,150,3,150,3,2.45738e+06,148,2402.67,150,149
9030,1,500,0,0,150,3,150,3,2.55538e+06,148,2500.67,150,149
9031,1,500,0,0,150,3,150,3,2.32871e+06,148,2274,150,149
9032,1,500,0,0,150,3,150,3,2.50338e+06,148,2448.67,150,149
9033,1,500,0,0,150,3,150,3,2.51204e+06,148,2457.33,150,149
9034,1,500,0,0,150,3,150,3,2.61504e+06,148,2560.33,150,149
9035,1,500,0,0,150,3,150,3,2.48371e+06,148,2429,150,149
9036,1,500,0,0,150,3,150,3,2.50604e+06,148,2451.33,150,149
9037,1,500,0,0,150,3,150,3,2.47171e+06,148,2417,150,149
9038,1,500,0,0,150,3,150,3,2.55938e+06,148,2504.67,150,149
9039,1,500,0,0,150,3,150,3,2.31638e+06,148,2261.67,150,149
9040,1,500,0,0,150,3,150,3,2.67438e+06,148,2619.67,150,149
9041,1,500,0,0,150,3,150,3,2.65504e+06,148,2600.33,150,149
9042,1,500,0,0,150,3,150,3,2.53504e+06,148,2480.33,150,149
9043,1,500,0,0,150,3,150,3,2.30271e+06,148,2248,150,149
9044,1,500,0,0,150,3,150,3,2.55171e+06,148,2497,150,149
9045,1,500,0,0,150,3,150,3,2.31571e+06,148,2261,150,149
9046,1,500,0,0,150,3,150,3,2.48438e+06,148,2429.67,150,149
9047,1,500,0,0,150,3,150,3,2.47704e+06,148,2422.33,150,149
9048,1,500,0,0,150,3,150,3,2.16904e+06,148,2114.33,150,149
9049,1,500,0,0,150,3,150,3,2.45738e+06,148,2402.67,150,149
9050,1,500,0,0,150,3,150,3,2.72571e+06,148,2671,150,149
9051,1,500,0,0,150,3,150,3,2.37804e+06,148,2323.33,150,149
9052,1,500,0,0,150,3,150,3,2.49538e+06,148,2440.67,150,149
9053,1,500,0,0,150,3,150,3,2.47938e+06,148,2424.67,150,149
9054,1,500,0,0,150,3,150,3,2.39104e+06,148,2336.33,150,149
9055,1,500,0,0,150,3,150,3,2.48004e+06,148,2425.33,150,149
9056,1,500,0,0,150,3,150,3,2.60404e+06,148,2549.33,150,149
9057,1,500,0,0,150,3,150,3,2.44704e+06,148,2392.33,150,149
9058,1,500,0,0,150,3,150,3,2.49438e+06,148,2439.67,150,149
9059,1,500,0,0,150,3,150,3,2.66038e+06,148,2605.67,150,149
9060,1,500,0,0,150,3,150,3,2.42538e+06,148,2370.67,150,149
9061,1,500,0,0,150,3,150,3,2.47704e+06,148,2422.33,150,149
9062,1,500,0,0,150,3,150,3,2.60871e+06,148,2554,150,149
9063,1,500,0,0,150,3,150,3,2.56571e+06,148,2511,150,149
9064,1,500,0,0,150,3,150,3,2.42104e+06,148,2366.33,150,149
9065,1,500,0,0,150,3,150,3,2.41571e+06,148,2361,150,149
9066,1,500,0,0,150,3,150,3,2.49104e+06,148,2436.33,150,149
9067,1,500,0,0,150,3,150,3,2.51771e+06,148,2463,150,149
9068,1,500,0,0,150,3,150,3,2.50038e+06,148,2445.67,150,149
9069,1,500,0,0,150,3,150,3,2.36638e+06,148,2311.67,150,149
9070,1,500,0,0,150,3,150,3,2.47238e+06,148,2417.67,150,149
9071,1,500,0,0,150,3,150,3,2.44138e+06,148,2386.67,150,149
9072,1,500,0,0,150,3,150,3,2.34338e+06,148,2288.67,150,149
9073,1,500,0,0,150,3,150,3,2.57271e+06,148,2518,150,149
9074,1,500,0,0,150,3,150,3,2.44704e+06,148,2392.33,150,149
9075,1,500,0,0,150,3,150,3,2.70171e+06,148,2647,150,149
9076,1,500,0,0,150,3,150,3,2.42504e+06,148,2370.33,150,149
9077,1,500,0,0,150,3,150,3,2.35038e+06,148,2295.67,150,149
9078,1,500,0,0,150,3,150,3,2.43204e+06,148,2377.33,150,149
9079,1,500,0,0,150,3,150,3,2.47671e+06,148,2422,150,149
9080,1,500,0,0,150,3,150,3,2.44271e+06,148,2388,150,149
9081,1,500,0,0,150,3,150,3,2.48371e+06,148,2429,150,149
9082,1,500,0,0,150,3,150,3,2.43504e+06,148,2380.33,150,149
9083,1,500,0,0,150,3,150,3,2.51771e+06,148,2463,150,149
9084,1,500,0,0,150,3,150,3,2.31671e+06,148,2262,150,149
9085,1,500,0,0,150,3,150,3,2.62771e+06,148,2573,150,149
9086,1,500,0,0,150,3,150,3,2.44638e+06,148,2391.67,150,149
9087,1,500,0,0,150,3,150,3,2.44338e+06,148,2388.67,150,149
9088,1,500,0,0,150,3,150,3,2.47038e+06,148,2415.67,150,149
9089,1,500,0,0,150,3,150,3,2.35304e+06,148,2298.33,150,149
9090,1,500,0,0,150,3,150,3,2.45504e+06,148,2400.33,150,149
9091,1,500,0,0,150,3,150,3,2.31138e+06,148,2256.67,150,149
9092,1,500,0,0,150,3,150,3,2.28404e+06,148,2229.33,150,149
9093,1,500,0,0,150,3,150,3,2.41138e+06,148,2356.67,150,149
9094,1,500,0,0,150,3,150,3,2.38938e+06,148,2334.67,150,149
9095,1,500,0,0,150,3,150,3,2.54638e+06,148,2491.67,150,149
9096,1,500,0,0,150,3,150,3,2.31871e+06,148,2264,150,149
9097,1,500,0,0,150,3,150,3,2.52004e+06,148,2465.33,150,149
9098,1,500,0,0,150,3,150,3,2.45804e+06,148,2403.33,150,149
9099,1,500,0,0,150,3,150,3,2.37838e+06,148,2323.67,150,149
9100,1,500,0,0,150,3,150,3,2.53404e+06,148,2479.33,150,149
9101,1,500,0,0,150,3,150,3,2.33171e+06,148,2277,150,149
9102,1,500,0,0,150,3,150,3,2.48638e+06,148,2431.67,150,149
9103,1,500,0,0,150,3,150,3,2.33304e+06,148,2278.33,150,149
9104,1,500,0,0,150,3,150,3,2.67138e+06,148,2616.67,150,149
9105,1,500,0,0,150,3,150,3,2.34271e+06,148,2288,150,149
9106,1,500,0,0,150,3,150,3,2.53371e+06,148,2479,150,149
9107,1,500,0,0,150,3,150,3,2.52638e+06,148,2471.67,150,149
9108,1,500,0,0,150,3,150,3,2.43604e+06,148,2381.33,150,149
9109,1,500,0,0,150,3,150,3,2.45704e+06,148,2402.33,150,149
9110,1,500,0,0,150,3,150,3,2.59238e+06,148,2537.67,150,149
9111,1,500,0,0,150,3,150,3,2.42238e+06,148,2367.67,150,149
9112,1,500,0,0,150,3,150,3,2.48938e+06,148,2434.67,150,149
9113,1,500,0,0,150,3,150,3,2.39438e+06,148,2339.67,150,149
9114,1,500,0,0,150,3,150,3,2.49304e+06,148,2438.33,150,149
9115,1,500,0,0,150,3,150,3,2.20038e+06,148,2145.67,150,149
9116,1,500,0,0,150,3,150,3,2.66771e+06,148,2613,150,149
9117,1,500,0,0,150,3,150,3,2.32838e+06,148,2273.67,150,149
9118,1,500,0,0,150,3,150,3,2.61238e+06,148,2557.67,150,149
9119,1,500,0,0,150,3,150,3,2.54671e+06,148,2492,150,149
9120,1,500,0,0,150,3,150,3,2.46171e+06,148,2407,150,149
9121,1,500,0,0,150,3,150,3,2.45371e+06,148,2399,150,149
9122,1,500,0,0,150,3,150,3,2.44738e+06,148,2392.67,150,149
9123,1,500,0,0,150,3,150,3,2.61871e+06,148,2564,150,149
9124,1,500,0,0,150,3,150,3,2.48938e+06,148,2434.67,150,149
9125,1,500,0,0,150,3,150,3,2.40904e+06,148,2354.33,150,149
9126,1,500,0,0,150,3,150,3,2.43238e+06,148,2377.67,150,149
9127,1,500,0,0,150,3,150,3,2.39071e+06,148,2336,150,149
9128,1,500,0,0,150,3,150,3,2.69271e+06,148,2638,150,149
9129,1,500,0,0,150,3,150,3,2.68004e+06,148,2625.33,150,149
9130,1,500,0,0,150,3,150,3,2.46404e+06,148,2409.33,150,149
9131,1,500,0,0,150,3,150,3,2.48238e+06,148,2427.67,150,149
9132,1,500,0,0,150,3,150,3,2.44938e+06,148,2394.67,150,149
9133,1,500,0,0,150,3,150,3,2.58738e+06,148,2532.67,150,149
9134,1,500,0,0,150,3,150,3,2.47138e+06,148,2416.67,150,149
9135,1,500,0,0,150,3,150,3,2.44338e+06,148,2388.67,150,149
9136,1,500,0,0,150,3,150,3,2.63671e+06,148,2582,150,149
9137,1,500,0,0,150,3,150,3,2.50038e+06,148,2445.67,150,149
9138,1,500,0,0,150,3,150,3,2.64704e+06,148,2592.33,150,149
9139,1,500,0,0,150,3,150,3,2.50471e+06,148,2450,150,149
9140,1,500,0,0,150,3,150,3,2.58671e+06,148,2532,150,149
9141,1,500,0,0,150,3,150,3,2.47071e+06,148,2416,150,149
9142,1,500,0,0,150,3,150,3,2.33138e+06,148,2276.67,150,149
9143,1,500,0,0,150,3,150,3,2.65404e+06,148,2599.33,150,149
9144,1,500,0,0,150,3,150,3,2.84838e+06,148,2793.67,150,149
9145,1,500,0,0,150,3,150,3,2.60038e+06,148,2545.67,150,149
9146,1,500,0,0,150,3,150,3,2.47071e+06,148,2416,150,149
9147,1,500,0,0,150,3,150,3,2.50904e+06,148,2454.33,150,149
9148,1,500,0,0,150,3,150,3,2.46171e+06,148,2407,150,149
9149,1,500,0,0,150,3,150,3,2.55271e+06,148,2498,150,149
9150,1,500,0,0,150,3,150,3,2.53271e+06,148,2478,150,149
9151,1,500,0,0,150,3,150,3,2.53438e+06,148,2479.67,150,149
9152,1,500,0,0,150,3,150,3,2.66871e+06,148,2614,150,149
9153,1,500,0,0,150,3,150,3,2.55538e+06,148,2500.67,150,149
9154,1,500,0,0,150,3,150,3,2.51304e+06,148,2458.33,150,149
9155,1,500,0,0,150,3,150,3,2.61738e+06,148,2562.67,150,149
9156,1,500,0,0,150,3,150,3,2.62971e+06,148,2575,150,149
9157,1,500,0,0,150,3,150,3,2.51438e+06,148,2459.67,150,149
9158,1,500,0,0,150,3,150,3,2.22038e+06,148,2165.67,150,149
9159,1,500,0,0,150,3,150,3,2.53704e+06,148,2482.33,150,149
9160,1,500,0,0,150,3,150,3,2.38638e+06,148,2331.67,150,149
9161,1,500,0,0,150,3,150,3,2.50004e+06,148,2445.33,150,149
9162,1,500,0,0,150,3,150,3,2.73338e+06,148,2678.67,150,149
9163,1,500,0,0,150,3,150,3,2.35038e+06,148,2295.67,150,149
9164,1,500,0,0,150,3,150,3,2.64071e+06,148,2586,150,149
9165,1,500,0,0,150,3,150,3,2.31671e+06,148,2262,150,149
9166,1,500,0,0,150,3,150,3,2.63671e+06,148,2582,150,149
9167,1,500,0,0,150,3,150,3,2.44638e+06,148,2391.67,150,149
9168,1,500,0,0,150,3,150,3,2.61504e+06,148,2560.33,150,149
9169,1,500,0,0,150,3,150,3,2.60304e+06,148,2548.33,150,149
9170,1,500,0,0,150,3,150,3,2.26771e+06,148,2213,150,149
9171,1,500,0,0,150,3,150,3,2.42871e+06,148,2374,150,149
9172,1,500,0,0,150,3,150,3,2.30271e+06,148,2248,150,149
9173,1,500,0,0,150,3,150,3,2.55238e+06,148,2497.67,150,149
9174,1,500,0,0,150,3,150,3,2.62638e+06,148,2571.67,150,149
9175,1,500,0,0,150,3,150,3,2.43738e+06,148,2382.67,150,149
9176,1,500,0,0,150,3,150,3,2.57504e+06,148,2520.33,150,149
9177,1,500,0,0,150,3,150,3,2.40738e+06,148,2352.67,150,149
9178,1,500,0,0,150,3,150,3,2.41438e+06,148,2359.67,150,149
9179,1,500,0,0,150,3,150,3,2.48604e+06,148,2431.33,150,149
9180,1,500,0,0,150,3,150,3,2.40804e+06,148,2353.33,150,149
9181,1,500,0,0,150,3,150,3,2.50104e+06,148,2446.33,150,149
9182,1,500,0,0,150,3,150,3,2.46271e+06,148,2408,150,149
9183,1,500,0,0,150,3,150,3,2.62004e+06,148,2565.33,150,149
9184,1,500,0,0,150,3,150,3,2.52471e+06,148,2470,150,149
9185,1,500,0,0,150,3,150,3,2.39971e+06,148,2345,150,149
9186,1,500,0,0,150,3,150,3,2.49071e+06,148,2436,150,149
9187,1,500,0,0,150,3,150,3,2.52004e+06,148,2465.33,150,149
9188,1,500,0,0,150,3,150,3,2.65204e+06,148,2597.33,150,149
9189,1,500,0,0,150,3,150,3,2.41138e+06,148,2356.67,150,149
9190,1,500,0,0,150,3,150,3,2.33138e+06,148,2276.67,150,149
9191,1,500,0,0,150,3,150,3,2.49338e+06,148,2438.67,150,149
9192,1,500,0,0,150,3,150,3,2.51504e+06,148,2460.33,150,149
9193,1,500,0,0,150,3,150,3,2.35771e+06,148,2303,150,149
9194,1,500,0,0,150,3,150,3,2.46238e+06,148,2407.67,150,149
9195,1,500,0,0,150,3,150,3,2.67204e+06,148,2617.33,150,149
9196,1,500,0,0,150,3,150,3,2.27938e+06,148,2224.67,150,149
9197,1,500,0,0,150,3,150,3,2.45404e+06,148,2399.33,150,149
9198,1,500,0,0,150,3,150,3,2.56371e+06,148,2509,150,149
9199,1,500,0,0,150,3,150,3,2.53604e+06,148,2481.33,150,149
9200,1,500,0,0,150,3,150,3,2.50904e+06,148,2454.33,150,149
9201,1,500,0,0,150,3,150,3,2.29971e+06,148,2245,150,149
9202,1,500,0,0,150,3,150,3,2.38904e+06,148,2334.33,150,149
9203,1,500,0,0,150,3,150,3,2.44171e+06,148,2387,150,149
9204,1,500,0,0,150,3,150,3,2.42538e+06,148,2370.67,150,149
9205,1,500,0,0,150,3,150,3,2.49738e+06,148,2442.67,150,149
9206,1,500,0,0,150,3,150,3,2.40304e+06,148,2348.33,150,149
9207,1,500,0,0,150,3,150,3,2.69371e+06,148,2639,150,149
9208,1,500,0,0,150,3,150,3,2.57604e+06,148,2521.33,150,149
9209,1,500,0,0,150,3,150,3,2.49138e+06,148,2436.67,150,149
9210,1,500,0,0,150,3,150,3,2.60738e+06,148,2552.67,150,149
9211,1,500,0,0,150,3,150,3,2.47971e+06,148,2425,150,149
9212,1,500,0,0,150,3,150,3,2.52238e+06,148,2467.67,150,149
9213,1,500,0,0,150,3,150,3,2.56071e+06,148,2506,150,149
9214,1,500,0,0,150,3,150,3,2.39004e+06,148,2335.33,150,149
9215,1,500,0,0,150,3,150,3,2.65504e+06,148,2600.33,150,149
9216,1,500,0,0,150,3,150,3,2.52638e+06,148,2471.67,150,149
9217,1,500,0,0,150,3,150,3,2.56538e+06,148,2510.67,150,149
9218,1,500,0,0,150,3,150,3,2.45838e+06,148,2403.67,150,149
9219,1,500,0,0,150,3,150,3,2.32071e+06,148,2266,150,149
9220,1,500,0,0,150,3,150,3,2.37404e+06,148,2319.33,150,149
9221,1,500,0,0,150,3,150,3,2.28238e+06,148,2227.67,150,149
9222,1,500,0,0,150,3,150,3,2.28138e+06,148,2226.67,150,149
9223,1,500,0,0,150,3,150,3,2.31271e+06,148,2258,150,149
9224,1,500,0,0,150,3,150,3,2.64238e+06,148,2587.67,150,149
9225,1,500,0,0,150,3,150,3,2.47004e+06,148,2415.33,150,149
9226,1,500,0,0,150,3,150,3,2.48104e+06,148,2426.33,150,149
9227,1,500,0,0,150,3,150,3,2.44371e+06,148,2389,150,149
9228,1,500,0,0,150,3,150,3,2.60571e+06,148,2551,150,149
9229,1,500,0,0,150,3,150,3,2.56038e+06,148,2505.67,150,149
9230,1,500,0,0,150,3,150,3,2.52571e+06,148,2471,150,149
9231,1,500,0,0,150,3,150,3,2.58171e+06,148,2527,150,149
9232,1,500,0,0,150,3,150,3,2.38438e+06,148,2329.67,150,149
9233,1,500,0,0,150,3,150,3,2.46804e+06,148,2413.33,150,149
9234,1,500,0,0,150,3,150,3,2.55271e+06,148,2498,150,149
9235,1,500,0,0,150,3,150,3,2.41838e+06,148,2363.67,150,149
9236,1,500,0,0,150,3,150,3,2.45404e+06,148,2399.33,150,149
9237,1,500,0,0,150,3,150,3,2.50271e+06,148,2448,150,149
9238,1,500,0,0,150,3,150,3,2.53838e+06,148,2483.67,150,149
9239,1,500,0,0,150,3,150,3,2.65738e+06,148,2602.67,150,149
9240,1,500,0,0,150,3,150,3,2.72238e+06,148,2667.67,150,149
9241,1,500,0,0,150,3,150,3,2.49238e+06,148,2437.67,150,149
9242,1,500,0,0,150,3,150,3,2.35671e+06,148,2302,150,149
9243,1,500,0,0,150,3,150,3,2.56638e+06,148,2511.67,150,149
9244,1,500,0,0,150,3,150,3,2.49138e+06,148,2436.67,150,149
9245,1,500,0,0,150,3,150,3,2.57471e+06,148,2520,150,149
9246,1,500,0,0,150,3,150,3,2.47704e+06,148,2422.33,150,149
9247,1,500,0,0,150,3,150,3,2.54104e+06,148,2486.33,150,149
9248,1,500,0,0,150,3,150,3,2.59004e+06,148,2535.33,150,149
9249,1,500,0,0,150,3,150,3,2.44271e+06,148,2388,150,149
9250,1,500,0,0,150,3,150,3,2.48571e+06,148,2431,150,149
9251,1,500,0,0,150,3,150,3,2.46571e+06,148,2411,150,149
9252,1,500,0,0,150,3,150,3,2.39738e+06,148,2342.67,150,149
9253,1,500,0,0,150,3,150,3,2.60838e+06,148,2553.67,150,149
9254,1,500,0,0,150,3,150,3,2.70438e+06,148,2649.67,150,149
9255,1,500,0,0,150,3,150,3,2.46704e+06,148,2412.33,150,149
9256,1,500,0,0,150,3,150,3,2.56038e+06,148,2505.67,150,149
9257,1,500,0,0,150,3,150,3,2.66971e+06,148,2615,150,149
9258,1,500,0,0,150,3,150,3,2.29604e+06,148,2241.33,150,149
9259,1,500,0,0,150,3,150,3,2.44538e+06,148,2390.67,150,149
9260,1,500,0,0,150,3,150,3,2.49471e+06,148,2440,150,149
9261,1,500,0,0,150,3,150,3,2.38804e+06,148,2333.33,150,149
9262,1,500,0,0,150,3,150,3,2.52738e+06,148,2472.67,150,149
9263,1,500,0,0,150,3,150,3,2.50938e+06,148,2454.67,150,149
9264,1,500,0,0,150,3,150,3,2.31238e+06,148,2257.67,150,149
9265,1,500,0,0,150,3,150,3,2.54571e+06,148,2491,150,149
9266,1,500,0,0,150,3,150,3,2.45171e+06,148,2397,150,149
9267,1,500,0,0,150,3,150,3,2.39104e+06,148,2336.33,150,149
9268,1,500,0,0,150,3,150,3,2.30571e+06,148,2251,150,149
9269,1,500,0,0,150,3,150,3,2.40804e+06,148,2353.33,150,149
9270,1,500,0,0,150,3,150,3,2.44738e+06,148,2392.67,150,149
9271,1,500,0,0,150,3,150,3,2.41638e+06,148,2361.67,150,149
9272,1,500,0,0,150,3,150,3,2.56438e+06,148,2509.67,150,149
9273,1,500,0,0,150,3,150,3,2.35004e+06,148,2295.33,150,149
9274,1,500,0,0,150,3,150,3,2.37904e+06,148,2324.33,150,149
9275,1,500,0,0,150,3,150,3,2.52204e+06,148,2467.33,150,149
9276,1,500,0,0,150,3,150,3,2.37638e+06,148,2321.67,150,149
9277,1,500,0,0,150,3,150,3,2.41838e+06,148,2363.67,150,149
9278,1,500,0,0,150,3,150,3,2.51438e+06,148,2459.67,150,149
9279,1,500,0,0,150,3,150,3,2.53104e+06,148,2476.33,150,149
9280,1,500,0,0,150,3,150,3,2.56471e+06,148,2510,150,149
9281,1,500,0,0,150,3,150,3,2.45838e+06,148,2403.67,150,149
9282,1,500,0,0,150,3,150,3,2.32604e+06,148,2271.33,150,149
9283,1,500,0,0,150,3,150,3,2.46771e+06,148,2413,150,149
9284,1,500,0,0,150,3,150,3,2.57704e+06,148,2522.33,150,149
9285,1,500,0,0,150,3,150,3,2.46138e+06,148,2406.67,150,149
9286,1,500,0,0,150,3,150,3,2.60138e+06,148,2546.67,150,149
9287,1,500,0,0,150,3,150,3,2.31071e+06,148,2256,150,149
9288,1,500,0,0,150,3,150,3,2.46371e+06,148,2409,150,149
9289,1,500,0,0,150,3,150,3,2.55304e+06,148,2498.33,150,149
9290,1,500,0,0,150,3,150,3,2.47438e+06,148,2419.67,150,149
9291,1,500,0,0,150,3,150,3,2.50338e+06,148,2448.67,150,149
9292,1,500,0,0,150,3,150,3,2.73371e+06,148,2679,150,149
9293,1,500,0,0,150,3,150,3,2.53704e+06,148,2482.33,150,149
9294,1,500,0,0,150,3,150,3,2.67738e+06,148,2622.67,150,149
9295,1,500,0,0,150,3,150,3,2.65471e+06,148,2600,150,149
9296,1,500,0,0,150,3,150,3,2.46571e+06,148,2411,150,149
9297,1,500,0,0,150,3,150,3,2.46738e+06,148,2412.67,150,149
9298,1,500,0,0,150,3,150,3,2.41804e+06,148,2363.33,150,149
9299,1,500,0,0,150,3,150,3,2.29804e+06,148,2243.33,150,149
9300,1,500,0,0,150,3,150,3,2.62271e+06,148,2568,150,149
9301,1,500,0,0,150,3,150,3,2.62804e+06,148,2573.33,150,149
9302,1,500,0,0,150,3,150,3,2.45971e+06,148,2405,150,149
9303,1,500,0,0,150,3,150,3,2.35104e+06,148,2296.33,150,149
9304,1,500,0,0,150,3,150,3,2.40871e+06,148,2354,150,149
9305,1,500,0,0,150,3,150,3,2.19804e+06,148,2143.33,150,149
9306,1,500,0,0,150,3,150,3,2.61871e+06,148,2564,150,149
9307,1,500,0,0,150,3,150,3,2.45704e+06,148,2402.33,150,149
9308,1,500,0,0,150,3,150,3,2.19838e+06,148,2143.67,150,149
9309,1,500,0,0,150,3,150,3,2.52371e+06,148,2469,150,149
9310,1,500,0,0,150,3,150,3,2.42638e+06,148,2371.67,150,149
9311,1,500,0,0,150,3,150,3,2.51271e+06,148,2458,150,149
9312,1,500,0,0,150,3,150,3,2.72938e+06,148,2674.67,150,149
9313,1,500,0,0,150,3,150,3,2.31071e+06,148,2256,150,149
9314,1,500,0,0,150,3,150,3,2.50271e+06,148,2448,150,149
9315,1,500,0,0,150,3,150,3,2.53704e+06,148,2482.33,150,149
9316,1,500,0,0,150,3,150,3,2.30338e+06,148,2248.67,150,149
9317,1,500,0,0,150,3,150,3,2.34671e+06,148,2292,150,149
9318,1,500,0,0,150,3,150,3,2.80971e+06,148,2755,150,149
9319,1,500,0,0,150,3,150,3,2.47638e+06,148,2421.67,150,149
9320,1,500,0,0,150,3,150,3,2.58671e+06,148,2532,150,149
9321,1,500,0,0,150,3,150,3,2.48138e+06,148,2426.67,150,149
9322,1,500,0,0,150,3,150,3,2.35204e+06,148,2297.33,150,149
9323,1,500,0,0,150,3,150,3,2.39604e+06,148,2341.33,150,149
9324,1,500,0,0,150,3,150,3,2.49871e+06,148,2444,150,149
9325,1,500,0,0,150,3,150,3,2.57438e+06,148,2519.67,150,149
9326,1,500,0,0,150,3,150,3,2.43238e+06,148,2377.67,150,149
9327,1,500,0,0,150,3,150,3,2.40204e+06,148,2347.33,150,149
9328,1,500,0,0,150,3,150,3,2.40338e+06,148,2348.67,150,149
9329,1,500,0,0,150,3,150,3,2.52238e+06,148,2467.67,150,149
9330,1,500,0,0,150,3,150,3,2.56738e+06,148,2512.67,150,149
9331,1,500,0,0,150,3,150,3,2.49804e+06,148,2443.33,150,149
9332,1,500,0,0,150,3,150,3,2.60938e+06,148,2554.67,150,149
9333,1,500,0,0,150,3,150,3,2.33204e+06,148,2277.33,150,149
9334,1,500,0,0,150,3,150,3,2.40104e+06,148,2346.33,150,149
9335,1,500,0,0,150,3,150,3,2.30338e+06,148,2248.67,150,149
9336,1,500,0,0,150,3,150,3,2.45571e+06,148,2401,150,149
9337,1,500,0,0,150,3,150,3,2.43104e+06,148,2376.33,150,149
9338,1,500,0,0,150,3,150,3,2.32904e+06,148,2274.33,150,149
9339,1,500,0,0,150,3,150,3,2.34838e+06,148,2293.67,150,149
9340,1,500,0,0,150,3,150,3,2.29871e+06,148,2244,150,149
9341,1,500,0,0,150,3,150,3,2.33771e+06,148,2283,150,149
9342,1,500,0,0,150,3,150,3,2.52804e+06,148,2473.33,150,149
9343,1,500,0,0,150,3,150,3,2.56471e+06,148,2510,150,149
9344,1,500,0,0,150,3,150,3,2.41538e+06,148,2360.67,150,149
9345,1,500,0,0,150,3,150,3,2.59904e+06,148,2544.33,150,149
9346,1,500,0,0,150,3,150,3,2.57104e+06,148,2516.33,150,149
9347,1,500,0,0,150,3,150,3,2.64604e+06,148,2591.33,150,149
9348,1,500,0,0,150,3,150,3,2.51904e+06,148,2464.33,150,149
9349,1,500,0,0,150,3,150,3,2.56304e+06,148,2508.33,150,149
9350,1,500,0,0,150,3,150,3,2.52971e+06,148,2475,150,149
9351,1,500,0,0,150,3,150,3,2.47238e+06,148,2417.67,150,149
9352,1,500,0,0,150,3,150,3,2.51204e+06,148,2457.33,150,149
9353,1,500,0,0,150,3,150,3,2.52638e+06,148,2471.67,150,149
9354,1,500,0,0,150,3,150,3,2.38871e+06,148,2334,150,149
9355,1,500,0,0,150,3,150,3,2.43271e+06,148,2378,150,149
9356,1,500,0,0,150,3,150,3,2.38738e+06,148,2332.67,150,149
9357,1,500,0,0,150,3,150,3,2.25804e+06,148,2203.33,150,149
9358,1,500,0,0,150,3,150,3,2.61804e+06,148,2563.33,150,149
9359,1,500,0,0,150,3,150,3,2.49904e+06,148,2444.33,150,149
9360,1,500,0,0,150,3,150,3,2.39571e+06,148,2341,150,149
9361,1,500,0,0,150,3,150,3,2.55471e+06,148,2500,150,149
9362,1,500,0,0,150,3,150,3,2.40904e+06,148,2354.33,150,149
9363,1,500,0,0,150,3,150,3,2.48371e+06,148,2429,150,149
9364,1,500,0,0,150,3,150,3,2.50871e+06,148,2454,150,149
9365,1,500,0,0,150,3,150,3,2.44138e+06,148,2386.67,150,149
9366,1,500,0,0,150,3,150,3,2.61904e+06,148,2564.33,150,149
9367,1,500,0,0,150,3,150,3,2.40371e+06,148,2349,150,149
9368,1,500,0,0,150,3,150,3,2.46004e+06,148,2405.33,150,149
9369,1,500,0,0,150,3,150,3,2.45138e+06,148,2396.67,150,149
9370,1,500,0,0,150,3,150,3,2.48138e+06,148,2426.67,150,149
9371,1,500,0,0,150,3,150,3,2.52871e+06,148,2474,150,149
9372,1,500,0,0,150,3,150,3,2.35371e+06,148,2299,150,149
9373,1,500,0,0,150,3,150,3,2.50971e+06,148,2455,150,149
9374,1,500,0,0,150,3,150,3,2.51038e+06,148,2455.67,150,149
9375,1,500,0,0,150,3,150,3,2.51604e+06,148,2461.33,150,149
9376,1,500,0,0,150,3,150,3,2.37404e+06,148,2319.33,150,149
9377,1,500,0,0,150,3,150,3,2.60871e+06,148,2554,150,149
9378,1,500,0,0,150,3,150,3,2.46404e+06,148,2409.33,150,149
9379,1,500,0,0,150,3,150,3,2.34071e+06,148,2286,150,149
9380,1,500,0,0,150,3,150,3,2.55104e+06,148,2496.33,150,149
9381,1,500,0,0,150,3,150,3,2.36238e+06,148,2307.67,150,149
9382,1,500,0,0,150,3,150,3,2.56238e+06,148,2507.67,150,149
9383,1,500,0,0,150,3,150,3,2.57938e+06,148,2524.67,150,149
9384,1,500,0,0,150,3,150,3,2.32638e+06,148,2271.67,150,149
9385,1,500,0,0,150,3,150,3,2.52004e+06,148,2465.33,150,149
9386,1,500,0,0,150,3,150,3,2.47238e+06,148,2417.67,150,149
9387,1,500,0,0,150,3,150,3,2.30471e+06,148,2250,150,149
9388,1,500,0,0,150,3,150,3,2.54471e+06,148,2490,150,149
9389,1,500,0,0,150,3,150,3,2.52571e+06,148,2471,150,149
9390,1,500,0,0,150,3,150,3,2.54871e+06,148,2494,150,149
9391,1,500,0,0,150,3,150,3,2.47704e+06,148,2422.33,150,149
9392,1,500,0,0,150,3,150,3,2.48338e+06,148,2428.67,150,149
9393,1,500,0,0,150,3,150,3,2.34038e+06,148,2285.67,150,149
9394,1,500,0,0,150,3,150,3,2.54038e+06,148,2485.67,150,149
9395,1,500,0,0,150,3,150,3,2.31238e+06,148,2257.67,150,149
9396,1,500,0,0,150,3,150,3,2.52038e+06,148,2465.67,150,149
9397,1,500,0,0,150,3,150,3,2.39604e+06,148,2341.33,150,149
9398,1,500,0,0,150,3,150,3,2.53138e+06,148,2476.67,150,149
9399,1,500,0,0,150,3,150,3,2.34871e+06,148,2294,150,149
9400,1,500,0,0,150,3,150,3,2.44604e+06,148,2391.33,150,149
9401,1,500,0,0,150,3,150,3,2.52138e+06,148,2466.67,150,149
9402,1,500,0,0,150,3,150,3,2.64071e+06,148,2586,150,149
9403,1,500,0,0,150,3,150,3,2.46138e+06,148,2406.67,150,149
9404,1,500,0,0,150,3,150,3,2.61838e+06,148,2563.67,150,149
9405,1,500,0,0,150,3,150,3,2.44904e+06,148,2394.33,150,149
9406,1,500,0,0,150,3,150,3,2.25938e+06,148,2204.67,150,149
9407,1,500,0,0,150,3,150,3,2.57638e+06,148,2521.67,150,149
9408,1,500,0,0,150,3,150,3,2.39738e+06,148,2342.67,150,149
9409,1,500,0,0,150,3,150,3,2.39038e+06,148,2335.67,150,149
9410,1,500,0,0,150,3,150,3,2.49904e+06,148,2444.33,150,149
9411,1,500,0,0,150,3,150,3,2.45071e+06,148,2396,150,149
9412,1,500,0,0,150,3,150,3,2.48704e+06,148,2432.33,150,149
9413,1,500,0,0,150,3,150,3,2.42538e+06,148,2370.67,150,149
9414,1,500,0,0,150,3,150,3,2.53738e+06,148,2482.67,150,149
9415,1,500,0,0,150,3,150,3,2.42904e+06,148,2374.33,150,149
9416,1,500,0,0,150,3,150,3,2.44604e+06,148,2391.33,150,149
9417,1,500,0,0,150,3,150,3,2.34404e+06,148,2289.33,150,149
9418,1,500,0,0,150,3,150,3,2.56971e+06,148,2515,150,149
9419,1,500,0,0,150,3,150,3,2.58338e+06,148,2528.67,150,149
9420,1,500,0,0,150,3,150,3,2.61638e+06,148,2561.67,150,149
9421,1,500,0,0,150,3,150,3,2.66304e+06,148,2608.33,150,149
9422,1,500,0,0,150,3,150,3,2.43471e+06,148,2380,150,149
9423,1,500,0,0,150,3,150,3,2.66504e+06,148,2610.33,150,149
9424,1,500,0,0,150,3,150,3,2.54571e+06,148,2491,150,149
9425,1,500,0,0,150,3,150,3,2.51638e+06,148,2461.67,150,149
9426,1,500,0,0,150,3,150,3,2.35838e+06,148,2303.67,150,149
9427,1,500,0,0,150,3,150,3,2.37304e+06,148,2318.33,150,149
9428,1,500,0,0,150,3,150,3,2.61471e+06,148,2560,150,149
9429,1,500,0,0,150,3,150,3,2.15104e+06,148,2096.33,150,149
9430,1,500,0,0,150,3,150,3,2.33571e+06,148,2281,150,149
9431,1,500,0,0,150,3,150,3,2.37738e+06,148,2322.67,150,149
9432,1,500,0,0,150,3,150,3,2.45738e+06,148,2402.67,150,149
9433,1,500,0,0,150,3,150,3,2.34838e+06,148,2293.67,150,149
9434,1,500,0,0,150,3,150,3,2.42438e+06,148,2369.67,150,149
9435,1,500,0,0,150,3,150,3,2.47204e+06,148,2417.33,150,149
9436,1,500,0,0,150,3,150,3,2.48938e+06,148,2434.67,150,149
9437,1,500,0,0,150,3,150,3,2.68138e+06,148,2626.67,150,149
9438,1,500,0,0,150,3,150,3,2.55171e+06,148,2497,150,149
9439,1,500,0,0,150,3,150,3,2.53438e+06,148,2479.67,150,149
9440,1,500,0,0,150,3,150,3,2.43738e+06,148,2382.67,150,149
9441,1,500,0,0,150,3,150,3,2.41304e+06,148,2358.33,150,149
9442,1,500,0,0,150,3,150,3,2.57671e+06,148,2522,150,149
9443,1,500,0,0,150,3,150,3,2.39204e+06,148,2337.33,150,149
9444,1,500,0,0,150,3,150,3,2.52271e+06,148,2468,150,149
9445,1,500,0,0,150,3,150,3,2.38404e+06,148,2329.33,150,149
9446,1,500,0,0,150,3,150,3,2.66938e+06,148,2614.67,150,149
9447,1,500,0,0,150,3,150,3,2.57871e+06,148,2524,150,149
9448,1,500,0,0,150,3,150,3,2.34471e+06,148,2290,150,149
9449,1,500,0,0,150,3,150,3,2.42971e+06,148,2375,150,149
9450,1,500,0,0,150,3,150,3,2.32604e+06,148,2271.33,150,149
9451,1,500,0,0,150,3,150,3,2.36071e+06,148,2306,150,149
9452,1,500,0,0,150,3,150,3,2.39538e+06,148,2340.67,150,149
9453,1,500,0,0,150,3,150,3,2.68138e+06,148,2626.67,150,149
9454,1,500,0,0,150,3,150,3,2.21871e+06,148,2164,150,149
9455,1,500,0,0,150,3,150,3,2.31738e+06,148,2262.67,150,149
9456,1,500,0,0,150,3,150,3,2.37538e+06,148,2320.67,150,149
9457,1,500,0,0,150,3,150,3,2.73638e+06,148,2681.67,150,149
9458,1,500,0,0,150,3,150,3,2.47138e+06,148,2416.67,150,149
9459,1,500,0,0,150,3,150,3,2.35404e+06,148,2299.33,150,149
9460,1,500,0,0,150,3,150,3,2.51404e+06,148,2459.33,150,149
9461,1,500,0,0,150,3,150,3,2.50704e+06,148,2452.33,150,149
9462,1,500,0,0,150,3,150,3,2.44171e+06,148,2387,150,149
9463,1,500,0,0,150,3,150,3,2.28504e+06,148,2230.33,150,149
9464,1,500,0,0,150,3,150,3,2.27204e+06,148,2217.33,150,149
9465,1,500,0,0,150,3,150,3,2.50138e+06,148,2446.67,150,149
9466,1,500,0,0,150,3,150,3,2.44071e+06,148,2386,150,149
9467,1,500,0,0,150,3,150,3,2.45038e+06,148,2395.67,150,149
9468,1,500,0,0,150,3,150,3,2.61071e+06,148,2556,150,149
9469,1,500,0,0,150,3,150,3,2.76571e+06,148,2711,150,149
9470,1,500,0,0,150,3,150,3,2.45871e+06,148,2404,150,149
9471,1,500,0,0,150,3,150,3,2.36971e+06,148,2315,150,149
9472,1,500,0,0,150,3,150,3,2.47071e+06,148,2416,150,149
9473,1,500,0,0,150,3,150,3,2.51638e+06,148,2461.67,150,149
9474,1,500,0,0,150,3,150,3,2.60538e+06,148,2550.67,150,149
9475,1,500,0,0,150,3,150,3,2.59338e+06,148,2538.67,150,149
9476,1,500,0,0,150,3,150,3,2.52071e+06,148,2466,150,149
9477,1,500,0,0,150,3,150,3,2.48738e+06,148,2432.67,150,149
9478,1,500,0,0,150,3,150,3,2.59971e+06,148,2545,150,149
9479,1,500,0,0,150,3,150,3,2.74504e+06,148,2690.33,150,149
9480,1,500,0,0,150,3,150,3,2.69338e+06,148,2638.67,150,149
9481,1,500,0,0,150,3,150,3,2.33738e+06,148,2282.67,150,149
9482,1,500,0,0,150,3,150,3,2.28538e+06,148,2230.67,150,149
9483,1,500,0,0,150,3,150,3,2.41004e+06,148,2355.33,150,149
9484,1,500,0,0,150,3,150,3,2.62304e+06,148,2568.33,150,149
9485,1,500,0,0,150,3,150,3,2.51504e+06,148,2460.33,150,149
9486,1,500,0,0,150,3,150,3,2.60238e+06,148,2547.67,150,149
9487,1,500,0,0,150,3,150,3,2.43338e+06,148,2378.67,150,149
9488,1,500,0,0,150,3,150,3,2.60571e+06,148,2551,150,149
9489,1,500,0,0,150,3,150,3,2.54338e+06,148,2488.67,150,149
9490,1,500,0,0,150,3,150,3,2.53904e+06,148,2484.33,150,149
9491,1,500,0,0,150,3,150,3,2.51671e+06,148,2462,150,149
9492,1,500,0,0,150,3,150,3,2.52838e+06,148,2473.67,150,149
9493,1,500,0,0,150,3,150,3,2.68804e+06,148,2633.33,150,149
9494,1,500,0,0,150,3,150,3,2.48504e+06,148,2430.33,150,149
9495,1,500,0,0,150,3,150,3,2.58671e+06,148,2532,150,149
9496,1,500,0,0,150,3,150,3,2.45671e+06,148,2402,150,149
9497,1,500,0,0,150,3,150,3,2.45204e+06,148,2397.33,150,149
9498,1,500,0,0,150,3,150,3,2.65204e+06,148,2597.33,150,149
9499,1,500,0,0,150,3,150,3,2.49504e+06,148,2440.33,150,149
9500,1,500,0,0,150,3,150,3,2.44671e+06,148,2392,150,149
9501,1,500,0,0,150,3,150,3,2.52371e+06,148,2469,150,149
9502,1,500,0,0,150,3,150,3,2.67204e+06,148,2617.33,150,149
9503,1,500,0,0,150,3,150,3,2.54504e+06,148,2490.33,150,149
9504,1,500,0,0,150,3,150,3,2.46271e+06,148,2408,150,149
9505,1,500,0,0,150,3,150,3,2.60204e+06,148,2547.33,150,149
9506,1,500,0,0,150,3,150,3,2.43138e+06,148,2376.67,150,149
9507,1,500,0,0,150,3,150,3,2.54604e+06,148,2491.33,150,149
9508,1,500,0,0,150,3,150,3,2.59071e+06,148,2536,150,149
9509,1,500,0,0,150,3,150,3,2.45871e+06,148,2404,150,149
9510,1,500,0,0,150,3,150,3,2.47971e+06,148,2425,150,149
9511,1,500,0,0,150,3,150,3,2.39938e+06,148,2344.67,150,149
9512,1,500,0,0,150,3,150,3,2.58138e+06,148,2526.67,150,149
9513,1,500,0,0,150,3,150,3,2.30904e+06,148,2254.33,150,149
9514,1,500,0,0,150,3,150,3,2.53804e+06,148,2483.33,150,149
9515,1,500,0,0,150,3,150,3,2.39138e+06,148,2336.67,150,149
9516,1,500,0,0,150,3,150,3,2.46238e+06,148,2407.67,150,149
9517,1,500,0,0,150,3,150,3,2.45904e+06,148,2404.33,150,149
9518,1,500,0,0,150,3,150,3,2.45771e+06,148,2403,150,149
9519,1,500,0,0,150,3,150,3,2.60071e+06,148,2546,150,149
9520,1,500,0,0,150,3,150,3,2.50804e+06,148,2453.33,150,149
9521,1,500,0,0,150,3,150,3,2.70238e+06,148,2647.67,150,149
9522,1,500,0,0,150,3,150,3,2.33071e+06,148,2276,150,149
9523,1,500,0,0,150,3,150,3,2.36871e+06,148,2314,150,149
9524,1,500,0,0,150,3,150,3,2.42704e+06,148,2372.33,150,149
9525,1,500,0,0,150,3,150,3,2.57171e+06,148,2517,150,149
9526,1,500,0,0,150,3,150,3,2.50938e+06,148,2454.67,150,149
9527,1,500,0,0,150,3,150,3,2.66704e+06,148,2612.33,150,149
9528,1,500,0,0,150,3,150,3,2.63671e+06,148,2582,150,149
9529,1,500,0,0,150,3,150,3,2.57471e+06,148,2520,150,149
9530,1,500,0,0,150,3,150,3,2.51804e+06,148,2463.33,150,149
9531,1,500,0,0,150,3,150,3,2.20004e+06,148,2145.33,150,149
9532,1,500,0,0,150,3,150,3,2.52138e+06,148,2466.67,150,149
9533,1,500,0,0,150,3,150,3,2.39704e+06,148,2342.33,150,149
9534,1,500,0,0,150,3,150,3,2.44438e+06,148,2389.67,150,149
9535,1,500,0,0,150,3,150,3,2.73071e+06,148,2676,150,149
9536,1,500,0,0,150,3,150,3,2.57271e+06,148,2518,150,149
9537,1,500,0,0,150,3,150,3,2.36338e+06,148,2308.67,150,149
9538,1,500,0,0,150,3,150,3,2.40171e+06,148,2347,150,149
9539,1,500,0,0,150,3,150,3,2.37804e+06,148,2323.33,150,149
9540,1,500,0,0,150,3,150,3,2.44304e+06,148,2388.33,150,149
9541,1,500,0,0,150,3,150,3,2.55438e+06,148,2499.67,150,149
9542,1,500,0,0,150,3,150,3,2.48371e+06,148,2429,150,149
9543,1,500,0,0,150,3,150,3,2.50704e+06,148,2452.33,150,149
9544,1,500,0,0,150,3,150,3,2.65271e+06,148,2598,150,149
9545,1,500,0,0,150,3,150,3,2.38371e+06,148,2329,150,149
9546,1,500,0,0,150,3,150,3,2.45904e+06,148,2404.33,150,149
9547,1,500,0,0,150,3,150,3,2.54338e+06,148,2488.67,150,149
9548,1,500,0,0,150,3,150,3,2.47238e+06,148,2417.67,150,149
9549,1,500,0,0,150,3,150,3,2.44238e+06,148,2387.67,150,149
9550,1,500,0,0,150,3,150,3,2.53204e+06,148,2477.33,150,149
9551,1,500,0,0,150,3,150,3,2.40371e+06,148,2349,150,149
9552,1,500,0,0,150,3,150,3,2.36371e+06,148,2309,150,149
9553,1,500,0,0,150,3,150,3,2.52371e+06,148,2469,150,149
9554,1,500,0,0,150,3,150,3,2.31071e+06,148,2256,150,149
9555,1,500,0,0,150,3,150,3,2.43704e+06,148,2382.33,150,149
9556,1,500,0,0,150,3,150,3,2.44938e+06,148,2394.67,150,149
9557,1,500,0,0,150,3,150,3,2.49038e+06,148,2435.67,150,149
9558,1,500,0,0,150,3,150,3,2.37504e+06,148,2320.33,150,149
9559,1,500,0,0,150,3,150,3,2.47504e+06,148,2420.33,150,149
9560,1,500,0,0,150,3,150,3,2.41304e+06,148,2358.33,150,149
9561,1,500,0,0,150,3,150,3,2.58638e+06,148,2531.67,150,149
9562,1,500,0,0,150,3,150,3,2.58671e+06,148,2532,150,149
9563,1,500,0,0,150,3,150,3,2.67938e+06,148,2624.67,150,149
9564,1,500,0,0,150,3,150,3,2.60004e+06,148,2545.33,150,149
9565,1,500,0,0,150,3,150,3,2.50138e+06,148,2446.67,150,149
9566,1,500,0,0,150,3,150,3,2.50471e+06,148,2450,150,149
9567,1,500,0,0,150,3,150,3,2.46904e+06,148,2414.33,150,149
9568,1,500,0,0,150,3,150,3,2.47171e+06,148,2417,150,149
9569,1,500,0,0,150,3,150,3,2.54271e+06,148,2488,150,149
9570,1,500,0,0,150,3,150,3,2.65138e+06,148,2596.67,150,149
9571,1,500,0,0,150,3,150,3,2.42138e+06,148,2366.67,150,149
9572,1,500,0,0,150,3,150,3,2.43138e+06,148,2376.67,150,149
9573,1,500,0,0,150,3,150,3,2.46104e+06,148,2406.33,150,149
9574,1,500,0,0,150,3,150,3,2.44104e+06,148,2386.33,150,149
9575,1,500,0,0,150,3,150,3,2.60171e+06,148,2547,150,149
9576,1,500,0,0,150,3,150,3,2.31271e+06,148,2258,150,149
9577,1,500,0,0,150,3,150,3,2.64371e+06,148,2589,150,149
9578,1,500,0,0,150,3,150,3,2.44871e+06,148,2394,150,149
9579,1,500,0,0,150,3,150,3,2.47971e+06,148,2425,150,149
9580,1,500,0,0,150,3,150,3,2.14804e+06,148,2093.33,150,149
9581,1,500,0,0,150,3,150,3,2.50404e+06,148,2449.33,150,149
9582,1,500,0,0,150,3,150,3,2.50038e+06,148,2445.67,150,149
9583,1,500,0,0,150,3,150,3,2.52638e+06,148,2471.67,150,149
9584,1,500,0,0,150,3,150,3,2.36138e+06,148,2306.67,150,149
9585,1,500,0,0,150,3,150,3,2.65538e+06,148,2600.67,150,149
9586,1,500,0,0,150,3,150,3,2.62538e+06,148,2570.67,150,149
9587,1,500,0,0,150,3,150,3,2.49104e+06,148,2436.33,150,149
9588,1,500,0,0,150,3,150,3,2.35771e+06,148,2303,150,149
9589,1,500,0,0,150,3,150,3,2.55438e+06,148,2499.67,150,149
9590,1,500,0,0,150,3,150,3,2.47604e+06,148,2421.33,150,149
9591,1,500,0,0,150,3,150,3,2.54404e+06,148,2489.33,150,149
9592,1,500,0,0,150,3,150,3,2.61238e+06,148,2557.67,150,149
9593,1,500,0,0,150,3,150,3,2.64638e+06,148,2591.67,150,149
9594,1,500,0,0,150,3,150,3,2.40738e+06,148,2352.67,150,149
9595,1,500,0,0,150,3,150,3,2.66504e+06,148,2610.33,150,149
9596,1,500,0,0,150,3,150,3,2.29738e+06,148,2242.67,150,149
9597,1,500,0,0,150,3,150,3,2.40171e+06,148,2347,150,149
9598,1,500,0,0,150,3,150,3,2.35071e+06,148,2296,150,149
9599,1,500,0,0,150,3,150,3,2.30738e+06,148,2252.67,150,149
9600,1,500,0,0,150,3,150,3,2.22571e+06,148,2171,150,149
9601,1,500,0,0,150,3,150,3,2.39238e+06,148,2337.67,150,149
9602,1,500,0,0,150,3,150,3,2.44204e+06,148,2387.33,150,149
9603,1,500,0,0,150,3,150,3,2.58438e+06,148,2529.67,150,149
9604,1,500,0,0,150,3,150,3,2.55938e+06,148,2504.67,150,149
9605,1,500,0,0,150,3,150,3,2.52171e+06,148,2467,150,149
9606,1,500,0,0,150,3,150,3,2.52071e+06,148,2466,150,149
9607,1,500,0,0,150,3,150,3,2.40404e+06,148,2349.33,150,149
9608,1,500,0,0,150,3,150,3,2.49071e+06,148,2436,150,149
9609,1,500,0,0,150,3,150,3,2.43304e+06,148,2378.33,150,149
9610,1,500,0,0,150,3,150,3,2.42271e+06,148,2368,150,149
9611,1,500,0,0,150,3,150,3,2.54338e+06,148,2488.67,150,149
9612,1,500,0,0,150,3,150,3,2.55871e+06,148,2504,150,149
9613,1,500,0,0,150,3,150,3,2.42971e+06,148,2375,150,149
9614,1,500,0,0,150,3,150,3,2.49171e+06,148,2437,150,149
9615,1,500,0,0,150,3,150,3,2.42871e+06,148,2374,150,149
9616,1,500,0,0,150,3,150,3,2.38804e+06,148,2333.33,150,149
9617,1,500,0,0,150,3,150,3,2.51071e+06,148,2456,150,149
9618,1,500,0,0,150,3,150,3,2.38604e+06,148,2331.33,150,149
9619,1,500,0,0,150,3,150,3,2.55904e+06,148,2504.33,150,149
9620,1,500,0,0,150,3,150,3,2.60371e+06,148,2549,150,149
9621,1,500,0,0,150,3,150,3,2.50138e+06,148,2446.67,150,149
9622,1,500,0,0,150,3,150,3,2.44371e+06,148,2389,150,149
9623,1,500,0,0,150,3,150,3,2.60971e+06,148,2555,150,149
9624,1,500,0,0,150,3,150,3,2.53738e+06,148,2482.67,150,149
9625,1,500,0,0,150,3,150,3,2.41471e+06,148,2360,150,149
9626,1,500,0,0,150,3,150,3,2.63604e+06,148,2581.33,150,149
9627,1,500,0,0,150,3,150,3,2.58404e+06,148,2529.33,150,149
9628,1,500,0,0,150,3,150,3,2.41471e+06,148,2360,150,149
9629,1,500,0,0,150,3,150,3,2.58171e+06,148,2527,150,149
9630,1,500,0,0,150,3,150,3,2.37838e+06,148,2323.67,150,149
9631,1,500,0,0,150,3,150,3,2.48471e+06,148,2430,150,149
9632,1,500,0,0,150,3,150,3,2.57371e+06,148,2519,150,149
9633,1,500,0,0,150,3,150,3,2.56638e+06,148,2511.67,150,149
9634,1,500,0,0,150,3,150,3,2.45838e+06,148,2403.67,150,149
9635,1,500,0,0,150,3,150,3,2.57104e+06,148,2516.33,150,149
9636,1,500,0,0,150,3,150,3,2.48304e+06,148,2428.33,150,149
9637,1,500,0,0,150,3,150,3,2.27971e+06,148,2225,150,149
9638,1,500,0,0,150,3,150,3,2.68271e+06,148,2628,150,149
9639,1,500,0,0,150,3,150,3,2.44538e+06,148,2390.67,150,149
9640,1,500,0,0,150,3,150,3,2.40738e+06,148,2352.67,150,149
9641,1,500,0,0,150,3,150,3,2.36471e+06,148,2310,150,149
9642,1,500,0,0,150,3,150,3,2.62071e+06,148,2566,150,149
9643,1,500,0,0,150,3,150,3,2.53938e+06,148,2484.67,150,149
9644,1,500,0,0,150,3,150,3,2.46004e+06,148,2405.33,150,149
9645,1,500,0,0,150,3,150,3,2.39738e+06,148,2342.67,150,149
9646,1,500,0,0,150,3,150,3,2.62071e+06,148,2566,150,149
9647,1,500,0,0,150,3,150,3,2.43171e+06,148,2377,150,149
9648,1,500,0,0,150,3,150,3,2.38771e+06,148,2333,150,149
9649,1,500,0,0,150,3,150,3,2.64771e+06,148,2593,150,149
9650,1,500,0,0,150,3,150,3,2.53771e+06,148,2483,150,149
9651,1,500,0,0,150,3,150,3,2.51971e+06,148,2465,150,149
9652,1,500,0,0,150,3,150,3,2.37404e+06,148,2319.33,150,149
9653,1,500,0,0,150,3,150,3,2.56304e+06,148,2508.33,150,149
9654,1,500,0,0,150,3,150,3,2.41271e+06,148,2358,150,149
9655,1,500,0,0,150,3,150,3,2.52271e+06,148,2468,150,149
9656,1,500,0,0,150,3,150,3,2.57538e+06,148,2520.67,150,149
9657,1,500,0,0,150,3,150,3,2.35438e+06,148,2299.67,150,149
9658,1,500,0,0,150,3,150,3,2.49138e+06,148,2436.67,150,149
9659,1,500,0,0,150,3,150,3,2.57671e+06,148,2522,150,149
9660,1,500,0,0,150,3,150,3,2.43971e+06,148,2385,150,149
9661,1,500,0,0,150,3,150,3,2.36404e+06,148,2309.33,150,149
9662,1,500,0,0,150,3,150,3,2.55971e+06,148,2505,150,149
9663,1,500,0,0,150,3,150,3,2.29938e+06,148,2244.67,150,149
9664,1,500,0,0,150,3,150,3,2.67871e+06,148,2624,150,149
9665,1,500,0,0,150,3,150,3,2.48738e+06,148,2432.67,150,149
9666,1,500,0,0,150,3,150,3,2.38838e+06,148,2333.67,150,149
9667,1,500,0,0,150,3,150,3,2.42671e+06,148,2372,150,149
9668,1,500,0,0,150,3,150,3,2.63838e+06,148,2583.67,150,149
9669,1,500,0,0,150,3,150,3,2.53038e+06,148,2475.67,150,149
9670,1,500,0,0,150,3,150,3,2.71171e+06,148,2657,150,149
9671,1,500,0,0,150,3,150,3,2.46438e+06,148,2409.67,150,149
9672,1,500,0,0,150,3,150,3,2.58371e+06,148,2529,150,149
9673,1,500,0,0,150,3,150,3,2.40004e+06,148,2345.33,150,149
9674,1,500,0,0,150,3,150,3,2.46604e+06,148,2411.33,150,149
9675,1,500,0,0,150,3,150,3,2.52204e+06,148,2467.33,150,149
9676,1,500,0,0,150,3,150,3,2.38438e+06,148,2329.67,150,149
9677,1,500,0,0,150,3,150,3,2.53271e+06,148,2478,150,149
9678,1,500,0,0,150,3,150,3,2.59771e+06,148,2543,150,149
9679,1,500,0,0,150,3,150,3,2.48538e+06,148,2430.67,150,149
9680,1,500,0,0,150,3,150,3,2.55504e+06,148,2500.33,150,149
9681,1,500,0,0,150,3,150,3,2.53504e+06,148,2480.33,150,149
9682,1,500,0,0,150,3,150,3,2.29138e+06,148,2236.67,150,149
9683,1,500,0,0,150,3,150,3,2.45571e+06,148,2401,150,149
9684,1,500,0,0,150,3,150,3,2.36404e+06,148,2309.33,150,149
9685,1,500,0,0,150,3,150,3,2.38704e+06,148,2332.33,150,149
9686,1,500,0,0,150,3,150,3,2.46538e+06,148,2410.67,150,149
9687,1,500,0,0,150,3,150,3,2.39838e+06,148,2343.67,150,149
9688,1,500,0,0,150,3,150,3,2.49671e+06,148,2442,150,149
9689,1,500,0,0,150,3,150,3,2.48704e+06,148,2432.33,150,149
9690,1,500,0,0,150,3,150,3,2.59871e+06,148,2544,150,149
9691,1,500,0,0,150,3,150,3,2.58438e+06,148,2529.67,150,149
9692,1,500,0,0,150,3,150,3,2.33204e+06,148,2277.33,150,149
9693,1,500,0,0,150,3,150,3,2.45838e+06,148,2403.67,150,149
9694,1,500,0,0,150,3,150,3,2.73671e+06,148,2682,150,149
9695,1,500,0,0,150,3,150,3,2.55238e+06,148,2497.67,150,149
9696,1,500,0,0,150,3,150,3,2.38404e+06,148,2329.33,150,149
9697,1,500,0,0,150,3,150,3,2.62404e+06,148,2569.33,150,149
9698,1,500,0,0,150,3,150,3,2.40704e+06,148,2352.33,150,149
9699,1,500,0,0,150,3,150,3,2.52904e+06,148,2474.33,150,149
9700,1,500,0,0,150,3,150,3,2.41104e+06,148,2356.33,150,149
9701,1,500,0,0,150,3,150,3,2.43338e+06,148,2378.67,150,149
9702,1,500,0,0,150,3,150,3,2.38904e+06,148,2334.33,150,149
9703,1,500,0,0,150,3,150,3,2.56204e+06,148,2507.33,150,149
9704,1,500,0,0,150,3,150,3,2.62171e+06,148,2567,150,149
9705,1,500,0,0,150,3,150,3,2.35971e+06,148,2305,150,149
9706,1,500,0,0,150,3,150,3,2.46338e+06,148,2408.67,150,149
9707,1,500,0,0,150,3,150,3,2.38604e+06,148,2331.33,150,149
9708,1,500,0,0,150,3,150,3,2.47404e+06,148,2419.33,150,149
9709,1,500,0,0,150,3,150,3,2.59471e+06,148,2540,150,149
9710,1,500,0,0,150,3,150,3,2.64038e+06,148,2585.67,150,149
9711,1,500,0,0,150,3,150,3,2.56304e+06,148,2508.33,150,149
9712,1,500,0,0,150,3,150,3,2.67004e+06,148,2615.33,150,149
9713,1,500,0,0,150,3,150,3,2.58604e+06,148,2531.33,150,149
9714,1,500,0,0,150,3,150,3,2.63738e+06,148,2582.67,150,149
9715,1,500,0,0,150,3,150,3,2.40638e+06,148,2351.67,150,149
9716,1,500,0,0,150,3,150,3,2.42904e+06,148,2374.33,150,149
9717,1,500,0,0,150,3,150,3,2.42104e+06,148,2366.33,150,149
9718,1,500,0,0,150,3,150,3,2.35671e+06,148,2302,150,149
9719,1,500,0,0,150,3,150,3,2.63671e+06,148,2582,150,149
9720,1,500,0,0,150,3,150,3,2.58238e+06,148,2527.67,150,149
9721,1,500,0,0,150,3,150,3,2.44304e+06,148,2388.33,150,149
9722,1,500,0,0,150,3,150,3,2.58938e+06,148,2534.67,150,149
9723,1,500,0,0,150,3,150,3,2.48504e+06,148,2430.33,150,149
9724,1,500,0,0,150,3,150,3,2.53271e+06,148,2478,150,149
9725,1,500,0,0,150,3,150,3,2.59938e+06,148,2544.67,150,149
9726,1,500,0,0,150,3,150,3,2.45804e+06,148,2403.33,150,149
9727,1,500,0,0,150,3,150,3,2.52438e+06,148,2469.67,150,149
9728,1,500,0,0,150,3,150,3,2.47004e+06,148,2415.33,150,149
9729,1,500,0,0,150,3,150,3,2.46238e+06,148,2407.67,150,149
9730,1,500,0,0,150,3,150,3,2.38338e+06,148,2328.67,150,149
9731,1,500,0,0,150,3,150,3,2.62371e+06,148,2569,150,149
9732,1,500,0,0,150,3,150,3,2.49371e+06,148,2439,150,149
9733,1,500,0,0,150,3,150,3,2.48004e+06,148,2425.33,150,149
9734,1,500,0,0,150,3,150,3,2.52771e+06,148,2473,150,149
9735,1,500,0,0,150,3,150,3,2.48404e+06,148,2429.33,150,149
9736,1,500,0,0,150,3,150,3,2.52538e+06,148,2470.67,150,149
9737,1,500,0,0,150,3,150,3,2.51871e+06,148,2464,150,149
9738,1,500,0,0,150,3,150,3,2.60138e+06,148,2546.67,150,149
9739,1,500,0,0,150,3,150,3,2.46071e+06,148,2406,150,149
9740,1,500,0,0,150,3,150,3,2.26904e+06,148,2214.33,150,149
9741,1,500,0,0,150,3,150,3,2.52871e+06,148,2474,150,149
9742,1,500,0,0,150,3,150,3,2.47104e+06,148,2416.33,150,149
9743,1,500,0,0,150,3,150,3,2.47338e+06,148,2418.67,150,149
9744,1,500,0,0,150,3,150,3,2.44004e+06,148,2385.33,150,149
9745,1,500,0,0,150,3,150,3,2.41504e+06,148,2360.33,150,149
9746,1,500,0,0,150,3,150,3,2.43671e+06,148,2382,150,149
9747,1,500,0,0,150,3,150,3,2.48704e+06,148,2432.33,150,149
9748,1,500,0,0,150,3,150,3,2.37104e+06,148,2316.33,150,149
9749,1,500,0,0,150,3,150,3,2.73038e+06,148,2675.67,150,149
9750,1,500,0,0,150,3,150,3,2.27104e+06,148,2216.33,150,149
9751,1,500,0,0,150,3,150,3,2.56204e+06,148,2507.33,150,149
9752,1,500,0,0,150,3,150,3,2.35538e+06,148,2300.67,150,149
9753,1,500,0,0,150,3,150,3,2.51571e+06,148,2461,150,149
9754,1,500,0,0,150,3,150,3,2.50604e+06,148,2451.33,150,149
9755,1,500,0,0,150,3,150,3,2.37638e+06,148,2321.67,150,149
9756,1,500,0,0,150,3,150,3,2.59404e+06,148,2539.33,150,149
9757,1,500,0,0,150,3,150,3,2.37904e+06,148,2324.33,150,149
9758,1,500,0,0,150,3,150,3,2.45038e+06,148,2395.67,150,149
9759,1,500,0,0,150,3,150,3,2.51971e+06,148,2465,150,149
9760,1,500,0,0,150,3,150,3,2.51504e+06,148,2460.33,150,149
9761,1,500,0,0,150,3,150,3,2.41871e+06,148,2364,150,149
9762,1,500,0,0,150,3,150,3,2.35204e+06,148,2297.33,150,149
9763,1,500,0,0,150,3,150,3,2.58904e+06,148,2534.33,150,149
9764,1,500,0,0,150,3,150,3,2.42404e+06,148,2369.33,150,149
9765,1,500,0,0,150,3,150,3,2.34704e+06,148,2292.33,150,149
9766,1,500,0,0,150,3,150,3,2.49438e+06,148,2439.67,150,149
9767,1,500,0,0,150,3,150,3,2.59638e+06,148,2541.67,150,149
9768,1,500,0,0,150,3,150,3,2.29271e+06,148,2238,150,149
9769,1,500,0,0,150,3,150,3,2.56671e+06,148,2512,150,149
9770,1,500,0,0,150,3,150,3,2.50504e+06,148,2450.33,150,149
9771,1,500,0,0,150,3,150,3,2.38938e+06,148,2334.67,150,149
9772,1,500,0,0,150,3,150,3,2.49504e+06,148,2440.33,150,149
9773,1,500,0,0,150,3,150,3,2.51171e+06,148,2457,150,149
9774,1,500,0,0,150,3,150,3,2.40271e+06,148,2348,150,149
9775,1,500,0,0,150,3,150,3,2.49204e+06,148,2437.33,150,149
9776,1,500,0,0,150,3,150,3,2.46838e+06,148,2413.67,150,149
9777,1,500,0,0,150,3,150,3,2.67071e+06,148,2616,150,149
9778,1,500,0,0,150,3,150,3,2.52138e+06,148,2466.67,150,149
9779,1,500,0,0,150,3,150,3,2.69238e+06,148,2637.67,150,149
9780,1,500,0,0,150,3,150,3,2.43771e+06,148,2383,150,149
9781,1,500,0,0,150,3,150,3,2.44638e+06,148,2391.67,150,149
9782,1,500,0,0,150,3,150,3,2.48738e+06,148,2432.67,150,149
9783,1,500,0,0,150,3,150,3,2.43438e+06,148,2379.67,150,149
9784,1,500,0,0,150,3,150,3,2.25904e+06,148,2204.33,150,149
9785,1,500,0,0,150,3,150,3,2.53804e+06,148,2483.33,150,149
9786,1,500,0,0,150,3,150,3,2.69071e+06,148,2636,150,149
9787,1,500,0,0,150,3,150,3,2.40371e+06,148,2349,150,149
9788,1,500,0,0,150,3,150,3,2.40004e+06,148,2345.33,150,149
9789,1,500,0,0,150,3,150,3,2.43604e+06,148,2381.33,150,149
9790,1,500,0,0,150,3,150,3,2.65704e+06,148,2602.33,150,149
9791,1,500,0,0,150,3,150,3,2.68938e+06,148,2634.67,150,149
9792,1,500,0,0,150,3,150,3,2.55438e+06,148,2499.67,150,149
9793,1,500,0,0,150,3,150,3,2.36738e+06,148,2312.67,150,149
9794,1,500,0,0,150,3,150,3,2.34971e+06,148,2295,150,149
9795,1,500,0,0,150,3,150,3,2.48938e+06,148,2434.67,150,149
9796,1,500,0,0,150,3,150,3,2.61938e+06,148,2564.67,150,149
9797,1,500,0,0,150,3,150,3,2.43738e+06,148,2382.67,150,149
9798,1,500,0,0,150,3,150,3,2.51704e+06,148,2462.33,150,149
9799,1,500,0,0,150,3,150,3,2.40071e+06,148,2346,150,149
9800,1,500,0,0,150,3,150,3,2.53738e+06,148,2482.67,150,149
9801,1,500,0,0,150,3,150,3,2.49438e+06,148,2439.67,150,149
9802,1,500,0,0,150,3,150,3,2.26704e+06,148,2212.33,150,149
9803,1,500,0,0,150,3,150,3,2.61371e+06,148,2559,150,149
9804,1,500,0,0,150,3,150,3,2.31538e+06,148,2260.67,150,149
9805,1,500,0,0,150,3,150,3,2.30638e+06,148,2251.67,150,149
9806,1,500,0,0,150,3,150,3,2.39238e+06,148,2337.67,150,149
9807,1,500,0,0,150,3,150,3,2.41704e+06,148,2362.33,150,149
9808,1,500,0,0,150,3,150,3,2.41271e+06,148,2358,150,149
9809,1,500,0,0,150,3,150,3,2.47004e+06,148,2415.33,150,149
9810,1,500,0,0,150,3,150,3,2.38038e+06,148,2325.67,150,149
9811,1,500,0,0,150,3,150,3,2.56704e+06,148,2512.33,150,149
9812,1,500,0,0,150,3,150,3,2.45471e+06,148,2400,150,149
9813,1,500,0,0,150,3,150,3,2.39438e+06,148,2339.67,150,149
9814,1,500,0,0,150,3,150,3,2.66004e+06,148,2605.33,150,149
9815,1,500,0,0,150,3,150,3,2.40571e+06,148,2351,150,149
9816,1,500,0,0,150,3,150,3,2.35804e+06,148,2303.33,150,149
9817,1,500,0,0,150,3,150,3,2.58371e+06,148,2529,150,149
9818,1,500,0,0,150,3,150,3,2.47271e+06,148,2418,150,149
9819,1,500,0,0,150,3,150,3,2.61404e+06,148,2559.33,150,149
9820,1,500,0,0,150,3,150,3,2.43704e+06,148,2382.33,150,149
9821,1,500,0,0,150,3,150,3,2.46371e+06,148,2409,150,149
9822,1,500,0,0,150,3,150,3,2.45838e+06,148,2403.67,150,149
9823,1,500,0,0,150,3,150,3,2.40104e+06,148,2346.33,150,149
9824,1,500,0,0,150,3,150,3,2.32571e+06,148,2271,150,149
9825,1,500,0,0,150,3,150,3,2.50304e+06,148,2448.33,150,149
9826,1,500,0,0,150,3,150,3,2.37371e+06,148,2319,150,149
9827,1,500,0,0,150,3,150,3,2.38771e+06,148,2333,150,149
9828,1,500,0,0,150,3,150,3,2.58838e+06,148,2533.67,150,149
9829,1,500,0,0,150,3,150,3,2.41471e+06,148,2360,150,149
9830,1,500,0,0,150,3,150,3,2.30838e+06,148,2253.67,150,149
9831,1,500,0,0,150,3,150,3,2.49504e+06,148,2440.33,150,149
9832,1,500,0,0,150,3,150,3,2.52538e+06,148,2470.67,150,149
9833,1,500,0,0,150,3,150,3,2.42171e+06,148,2367,150,149
9834,1,500,0,0,150,3,150,3,2.60704e+06,148,2552.33,150,149
9835,1,500,0,0,150,3,150,3,2.31838e+06,148,2263.67,150,149
9836,1,500,0,0,150,3,150,3,2.56438e+06,148,2509.67,150,149
9837,1,500,0,0,150,3,150,3,2.33471e+06,148,2280,150,149
9838,1,500,0,0,150,3,150,3,2.62938e+06,148,2574.67,150,149
9839,1,500,0,0,150,3,150,3,2.58071e+06,148,2526,150,149
9840,1,500,0,0,150,3,150,3,2.42638e+06,148,2371.67,150,149
9841,1,500,0,0,150,3,150,3,2.43771e+06,148,2383,150,149
9842,1,500,0,0,150,3,150,3,2.65671e+06,148,2602,150,149
9843,1,500,0,0,150,3,150,3,2.51771e+06,148,2463,150,149
9844,1,500,0,0,150,3,150,3,2.47471e+06,148,2420,150,149
9845,1,500,0,0,150,3,150,3,2.57738e+06,148,2522.67,150,149
9846,1,500,0,0,150,3,150,3,2.54671e+06,148,2492,150,149
9847,1,500,0,0,150,3,150,3,2.52204e+06,148,2467.33,150,149
9848,1,500,0,0,150,3,150,3,2.50304e+06,148,2448.33,150,149
9849,1,500,0,0,150,3,150,3,2.37838e+06,148,2323.67,150,149
9850,1,500,0,0,150,3,150,3,2.35871e+06,148,2304,150,149
9851,1,500,0,0,150,3,150,3,2.45638e+06,148,2401.67,150,149
9852,1,500,0,0,150,3,150,3,2.40338e+06,148,2348.67,150,149
9853,1,500,0,0,150,3,150,3,2.38304e+06,148,2328.33,150,149
9854,1,500,0,0,150,3,150,3,2.51771e+06,148,2463,150,149
9855,1,500,0,0,150,3,150,3,2.31171e+06,148,2257,150,149
9856,1,500,0,0,150,3,150,3,2.60904e+06,148,2554.33,150,149
9857,1,500,0,0,150,3,150,3,2.45438e+06,148,2399.67,150,149
9858,1,500,0,0,150,3,150,3,2.32871e+06,148,2274,150,149
9859,1,500,0,0,150,3,150,3,2.50538e+06,148,2450.67,150,149
9860,1,500,0,0,150,3,150,3,2.44404e+06,148,2389.33,150,149
9861,1,500,0,0,150,3,150,3,2.53771e+06,148,2483,150,149
9862,1,500,0,0,150,3,150,3,2.32904e+06,148,2274.33,150,149
9863,1,500,0,0,150,3,150,3,2.48404e+06,148,2429.33,150,149
9864,1,500,0,0,150,3,150,3,2.34871e+06,148,2294,150,149
9865,1,500,0,0,150,3,150,3,2.32871e+06,148,2274,150,149
9866,1,500,0,0,150,3,150,3,2.51404e+06,148,2459.33,150,149
9867,1,500,0,0,150,3,150,3,2.47638e+06,148,2421.67,150,149
9868,1,500,0,0,150,3,150,3,2.45304e+06,148,2398.33,150,149
9869,1,500,0,0,150,3,150,3,2.52138e+06,148,2466.67,150,149
9870,1,500,0,0,150,3,150,3,2.49238e+06,148,2437.67,150,149
9871,1,500,0,0,150,3,150,3,2.47104e+06,148,2416.33,150,149
9872,1,500,0,0,150,3,150,3,2.61204e+06,148,2557.33,150,149
9873,1,500,0,0,150,3,150,3,2.62138e+06,148,2566.67,150,149
9874,1,500,0,0,150,3,150,3,2.26604e+06,148,2211.33,150,149
9875,1,500,0,0,150,3,150,3,2.48138e+06,148,2426.67,150,149
9876,1,500,0,0,150,3,150,3,2.42771e+06,148,2373,150,149
9877,1,500,0,0,150,3,150,3,2.46238e+06,148,2407.67,150,149
9878,1,500,0,0,150,3,150,3,2.38438e+06,148,2329.67,150,149
9879,1,500,0,0,150,3,150,3,2.49771e+06,148,2443,150,149
9880,1,500,0,0,150,3,150,3,2.39704e+06,148,2342.33,150,149
9881,1,500,0,0,150,3,150,3,2.45804e+06,148,2403.33,150,149
9882,1,500,0,0,150,3,150,3,2.38371e+06,148,2329,150,149
9883,1,500,0,0,150,3,150,3,2.40104e+06,148,2346.33,150,149
9884,1,500,0,0,150,3,150,3,2.44138e+06,148,2386.67,150,149
9885,1,500,0,0,150,3,150,3,2.48371e+06,148,2429,150,149
9886,1,500,0,0,150,3,150,3,2.50171e+06,148,2447,150,149
9887,1,500,0,0,150,3,150,3,2.42038e+06,148,2365.67,150,149
9888,1,500,0,0,150,3,150,3,2.33604e+06,148,2281.33,150,149
9889,1,500,0,0,150,3,150,3,2.46771e+06,148,2413,150,149
9890,1,500,0,0,150,3,150,3,2.43271e+06,148,2378,150,149
9891,1,500,0,0,150,3,150,3,2.62271e+06,148,2568,150,149
9892,1,500,0,0,150,3,150,3,2.37304e+06,148,2318.33,150,149
9893,1,500,0,0,150,3,150,3,2.48738e+06,148,2432.67,150,149
9894,1,500,0,0,150,3,150,3,2.39904e+06,148,2344.33,150,149
9895,1,500,0,0,150,3,150,3,2.32871e+06,148,2274,150,149
9896,1,500,0,0,150,3,150,3,2.58638e+06,148,2531.67,150,149
9897,1,500,0,0,150,3,150,3,2.44838e+06,148,2393.67,150,149
9898,1,500,0,0,150,3,150,3,2.39638e+06,148,2341.67,150,149
9899,1,500,0,0,150,3,150,3,2.48238e+06,148,2427.67,150,149
9900,1,500,0,0,150,3,150,3,2.42204e+06,148,2367.33,150,149
9901,1,500,0,0,150,3,150,3,2.45204e+06,148,2397.33,150,149
9902,1,500,0,0,150,3,150,3,2.70338e+06,148,2648.67,150,149
9903,1,500,0,0,150,3,150,3,2.59771e+06,148,2543,150,149
9904,1,500,0,0,150,3,150,3,2.39171e+06,148,2337,150,149
9905,1,500,0,0,150,3,150,3,2.36271e+06,148,2308,150,149
9906,1,500,0,0,150,3,150,3,2.56804e+06,148,2513.33,150,149
9907,1,500,0,0,150,3,150,3,2.51971e+06,148,2465,150,149
9908,1,500,0,0,150,3,150,3,2.60538e+06,148,2550.67,150,149
9909,1,500,0,0,150,3,150,3,2.38571e+06,148,2331,150,149
9910,1,500,0,0,150,3,150,3,2.25604e+06,148,2201.33,150,149
9911,1,500,0,0,150,3,150,3,2.47638e+06,148,2421.67,150,149
9912,1,500,0,0,150,3,150,3,2.53938e+06,148,2484.67,150,149
9913,1,500,0,0,150,3,150,3,2.49171e+06,148,2437,150,149
9914,1,500,0,0,150,3,150,3,2.32671e+06,148,2272,150,149
9915,1,500,0,0,150,3,150,3,2.43371e+06,148,2379,150,149
9916,1,500,0,0,150,3,150,3,2.41738e+06,148,2362.67,150,149
9917,1,500,0,0,150,3,150,3,2.22704e+06,148,2172.33,150,149
9918,1,500,0,0,150,3,150,3,2.53871e+06,148,2484,150,149
9919,1,500,0,0,150,3,150,3,2.42238e+06,148,2367.67,150,149
9920,1,500,0,0,150,3,150,3,2.47271e+06,148,2418,150,149
9921,1,500,0,0,150,3,150,3,2.60438e+06,148,2549.67,150,149
9922,1,500,0,0,150,3,150,3,2.61404e+06,148,2559.33,150,149
9923,1,500,0,0,150,3,150,3,2.49071e+06,148,2436,150,149
9924,1,500,0,0,150,3,150,3,2.45804e+06,148,2403.33,150,149
9925,1,500,0,0,150,3,150,3,2.37004e+06,148,2315.33,150,149
9926,1,500,0,0,150,3,150,3,2.46104e+06,148,2406.33,150,149
9927,1,500,0,0,150,3,150,3,2.45738e+06,148,2402.67,150,149
9928,1,500,0,0,150,3,150,3,2.27704e+06,148,2222.33,150,149
9929,1,500,0,0,150,3,150,3,2.59638e+06,148,2541.67,150,149
9930,1,500,0,0,150,3,150,3,2.38271e+06,148,2328,150,149
9931,1,500,0,0,150,3,150,3,2.61938e+06,148,2564.67,150,149
9932,1,500,0,0,150,3,150,3,2.57138e+06,148,2516.67,150,149
9933,1,500,0,0,150,3,150,3,2.49104e+06,148,2436.33,150,149
9934,1,500,0,0,150,3,150,3,2.41104e+06,148,2356.33,150,149
9935,1,500,0,0,150,3,150,3,2.55738e+06,148,2502.67,150,149
9936,1,500,0,0,150,3,150,3,2.47371e+06,148,2419,150,149
9937,1,500,0,0,150,3,150,3,2.44371e+06,148,2389,150,149
9938,1,500,0,0,150,3,150,3,2.47704e+06,148,2422.33,150,149
9939,1,500,0,0,150,3,150,3,2.69938e+06,148,2644.67,150,149
9940,1,500,0,0,150,3,150,3,2.45671e+06,148,2402,150,149
9941,1,500,0,0,150,3,150,3,2.16771e+06,148,2113,150,149
9942,1,500,0,0,150,3,150,3,2.53104e+06,148,2476.33,150,149
9943,1,500,0,0,150,3,150,3,2.36971e+06,148,2315,150,149
9944,1,500,0,0,150,3,150,3,2.50938e+06,148,2454.67,150,149
9945,1,500,0,0,150,3,150,3,2.57438e+06,148,2519.67,150,149
9946,1,500,0,0,150,3,150,3,2.39538e+06,148,2340.67,150,149
9947,1,500,0,0,150,3,150,3,2.43304e+06,148,2378.33,150,149
9948,1,500,0,0,150,3,150,3,2.72571e+06,148,2671,150,149
9949,1,500,0,0,150,3,150,3,2.56571e+06,148,2511,150,149
9950,1,500,0,0,150,3,150,3,2.49938e+06,148,2444.67,150,149
9951,1,500,0,0,150,3,150,3,2.46671e+06,148,2412,150,149
9952,1,500,0,0,150,3,150,3,2.28604e+06,148,2231.33,150,149
9953,1,500,0,0,150,3,150,3,2.53571e+06,148,2481,150,149
9954,1,500,0,0,150,3,150,3,2.50338e+06,148,2448.67,150,149
9955,1,500,0,0,150,3,150,3,2.53671e+06,148,2482,150,149
9956,1,500,0,0,150,3,150,3,2.65371e+06,148,2599,150,149
9957,1,500,0,0,150,3,150,3,2.25471e+06,148,2200,150,149
9958,1,500,0,0,150,3,150,3,2.48971e+06,148,2435,150,149
9959,1,500,0,0,150,3,150,3,2.49238e+06,148,2437.67,150,149
9960,1,500,0,0,150,3,150,3,2.50004e+06,148,2445.33,150,149
9961,1,500,0,0,150,3,150,3,2.46804e+06,148,2413.33,150,149
9962,1,500,0,0,150,3,150,3,2.47504e+06,148,2420.33,150,149
9963,1,500,0,0,150,3,150,3,2.44138e+06,148,2386.67,150,149
9964,1,500,0,0,150,3,150,3,2.35638e+06,148,2301.67,150,149
9965,1,500,0,0,150,3,150,3,2.59738e+06,148,2542.67,150,149
9966,1,500,0,0,150,3,150,3,2.48271e+06,148,2428,150,149
9967,1,500,0,0,150,3,150,3,2.39104e+06,148,2336.33,150,149
9968,1,500,0,0,150,3,150,3,2.41504e+06,148,2360.33,150,149
9969,1,500,0,0,150,3,150,3,2.45738e+06,148,2402.67,150,149
9970,1,500,0,0,150,3,150,3,2.65838e+06,148,2603.67,150,149
9971,1,500,0,0,150,3,150,3,2.56004e+06,148,2505.33,150,149
9972,1,500,0,0,150,3,150,3,2.34304e+06,148,2288.33,150,149
9973,1,500,0,0,150,3,150,3,2.43071e+06,148,2376,150,149
9974,1,500,0,0,150,3,150,3,2.45438e+06,148,2399.67,150,149
9975,1,500,0,0,150,3,150,3,2.50904e+06,148,2454.33,150,149
9976,1,500,0,0,150,3,150,3,2.42604e+06,148,2371.33,150,149
9977,1,500,0,0,150,3,150,3,2.47438e+06,148,2419.67,150,149
9978,1,500,0,0,150,3,150,3,2.57471e+06,148,2520,150,149
9979,1,500,0,0,150,3,150,3,2.54104e+06,148,2486.33,150,149
9980,1,500,0,0,150,3,150,3,2.49438e+06,148,2439.67,150,149
9981,1,500,0,0,150,3,150,3,2.61471e+06,148,2560,150,149
9982,1,500,0,0,150,3,150,3,2.41404e+06,148,2359.33,150,149
9983,1,500,0,0,150,3,150,3,2.40471e+06,148,2350,150,149
9984,1,500,0,0,150,3,150,3,2.27104e+06,148,2216.33,150,149
9985,1,500,0,0,150,3,150,3,2.41938e+06,148,2364.67,150,149
9986,1,500,0,0,150,3,150,3,2.46838e+06,148,2413.67,150,149
9987,1,500,0,0,150,3,150,3,2.48871e+06,148,2434,150,149
9988,1,500,0,0,150,3,150,3,2.30504e+06,148,2250.33,150,149
9989,1,500,0,0,150,3,150,3,2.41704e+06,148,2362.33,150,149
9990,1,500,0,0,150,3,150,3,2.28371e+06,148,2229,150,149
9991,1,500,0,0,150,3,150,3,2.25271e+06,148,2198,150,149
9992,1,500,0,0,150,3,150,3,2.63604e+06,148,2581.33,150,149
9993,1,500,0,0,150,3,150,3,2.37071e+06,148,2316,150,149
9994,1,500,0,0,150,3,150,3,2.63838e+06,148,2583.67,150,149
9995,1,500,0,0,150,3,150,3,2.31904e+06,148,2264.33,150,149
9996,1,500,0,0,150,3,150,3,2.63204e+06,148,2577.33,150,149
9997,1,500,0,0,150,3,150,3,2.33438e+06,148,2279.67,150,149
9998,1,500,0,0,150,3,150,3,2.51838e+06,148,2463.67,150,149
9999,1,500,0,0,150,3,150,3,2.38038e+06,148,2325.67,150,149
10000,1,500,0,0,150,3,150,3,2.52238e+06,148,2467.67,150,149
10001,1,500,0,0,150,3,150,3,2.40338e+06,148,2348.67,150,149
10002,1,500,0,0,150,3,150,3,2.36871e+06,148,2314,150,149
10003,1,500,0,0,150,3,150,3,2.47704e+06,148,2422.33,150,149
10004,1,500,0,0,150,3,150,3,2.36471e+06,148,2310,150,149
10005,1,500,0,0,150,3,150,3,2.37304e+06,148,2318.33,150,149
10006,1,500,0,0,150,3,150,3,2.59838e+06,148,2543.67,150,149
10007,1,500,0,0,150,3,150,3,2.53504e+06,148,2480.33,150,149
10008,1,500,0,0,150,3,150,3,2.50004e+06,148,2445.33,150,149
10009,1,500,0,0,150,3,150,3,2.49171e+06,148,2437,150,149
10010,1,500,0,0,150,3,150,3,2.56604e+06,148,2511.33,150,149
10011,1,500,0,0,150,3,150,3,2.25638e+06,148,2201.67,150,149
10012,1,500,0,0,150,3,150,3,2.66271e+06,148,2608,150,149
10013,1,500,0,0,150,3,150,3,2.39471e+06,148,2340,150,149
10014,1,500,0,0,150,3,150,3,2.51004e+06,148,2455.33,150,149
10015,1,500,0,0,150,3,150,3,2.48071e+06,148,2426,150,149
10016,1,500,0,0,150,3,150,3,2.71071e+06,148,2656,150,149
10017,1,500,0,0,150,3,150,3,2.48204e+06,148,2427.33,150,149
10018,1,500,0,0,150,3,150,3,2.38704e+06,148,2332.33,150,149
10019,1,500,0,0,150,3,150,3,2.37071e+06,148,2316,150,149
10020,1,500,0,0,150,3,150,3,2.42104e+06,148,2366.33,150,149
10021,1,500,0,0,150,3,150,3,2.33238e+06,148,2277.67,150,149
10022,1,500,0,0,150,3,150,3,2.38171e+06,148,2327,150,149
10023,1,500,0,0,150,3,150,3,2.44138e+06,148,2386.67,150,149
10024,1,500,0,0,150,3,150,3,2.20904e+06,148,2154.33,150,149
10025,1,500,0,0,150,3,150,3,2.51438e+06,148,2459.67,150,149
10026,1,500,0,0,150,3,150,3,2.68971e+06,148,2635,150,149
10027,1,500,0,0,150,3,150,3,2.43771e+06,148,2383,150,149
10028,1,500,0,0,150,3,150,3,2.63171e+06,148,2577,150,149
10029,1,500,0,0,150,3,150,3,2.30504e+06,148,2250.33,150,149
10030,1,500,0,0,150,3,150,3,2.37138e+06,148,2316.67,150,149
10031,1,500,0,0,150,3,150,3,2.61571e+06,148,2561,150,149
10032,1,500,0,0,150,3,150,3,2.37971e+06,148,2325,150,149
10033,1,500,0,0,150,3,150,3,2.62638e+06,148,2571.67,150,149
10034,1,500,0,0,150,3,150,3,2.45538e+06,148,2400.67,150,149
10035,1,500,0,0,150,3,150,3,2.50504e+06,148,2450.33,150,149
10036,1,500,0,0,150,3,150,3,2.48938e+06,148,2434.67,150,149
10037,1,500,0,0,150,3,150,3,2.44704e+06,148,2392.33,150,149
10038,1,500,0,0,150,3,150,3,2.34938e+06,148,2294.67,150,149
10039,1,500,0,0,150,3,150,3,2.47371e+06,148,2419,150,149
10040,1,500,0,0,150,3,150,3,2.52071e+06,148,2466,150,149
10041,1,500,0,0,150,3,150,3,2.31804e+06,148,2263.33,150,149
10042,1,500,0,0,150,3,150,3,2.53871e+06,148,2484,150,149
10043,1,500,0,0,150,3,150,3,2.26371e+06,148,2209,150,149
10044,1,500,0,0,150,3,150,3,2.50304e+06,148,2448.33,150,149
10045,1,500,0,0,150,3,150,3,2.46638e+06,148,2411.67,150,149
10046,1,500,0,0,150,3,150,3,2.40504e+06,148,2350.33,150,149
10047,1,500,0,0,150,3,150,3,2.58304e+06,148,2528.33,150,149
10048,1,500,0,0,150,3,150,3,2.56971e+06,148,2515,150,149
10049,1,500,0,0,150,3,150,3,2.55371e+06,148,2499,150,149
10050,1,500,0,0,150,3,150,3,2.45338e+06,148,2398.67,150,149
10051,1,500,0,0,150,3,150,3,2.27604e+06,148,2221.33,150,149
10052,1,500,0,0,150,3,150,3,2.45104e+06,148,2396.33,150,149
10053,1,500,0,0,150,3,150,3,2.30904e+06,148,2254.33,150,149
10054,1,500,0,0,150,3,150,3,2.46871e+06,148,2414,150,149
10055,1,500,0,0,150,3,150,3,2.40771e+06,148,2353,150,149
10056,1,500,0,0,150,3,150,3,2.30271e+06,148,2248,150,149
10057,1,500,0,0,150,3,150,3,2.45871e+06,148,2404,150,149
10058,1,500,0,0,150,3,150,3,2.12704e+06,148,2072.33,150,149
10059,1,500,0,0,150,3,150,3,2.45038e+06,148,2395.67,150,149
10060,1,500,0,0,150,3,150,3,2.45038e+06,148,2395.67,150,149
10061,1,500,0,0,150,3,150,3,2.30238e+06,148,2247.67,150,149
10062,1,500,0,0,150,3,150,3,2.63204e+06,148,2577.33,150,149
10063,1,500,0,0,150,3,150,3,2.43838e+06,148,2383.67,150,149
10064,1,500,0,0,150,3,150,3,2.54504e+06,148,2490.33,150,149
10065,1,500,0,0,150,3,150,3,2.48071e+06,148,2426,150,149
10066,1,500,0,0,150,3,150,3,2.41604e+06,148,2361.33,150,149
10067,1,500,0,0,150,3,150,3,2.28904e+06,148,2234.33,150,149
10068,1,500,0,0,150,3,150,3,2.51071e+06,148,2456,150,149
10069,1,500,0,0,150,3,150,3,2.43971e+06,148,2385,150,149
10070,1,500,0,0,150,3,150,3,2.59604e+06,148,2541.33,150,149
10071,1,500,0,0,150,3,150,3,2.60371e+06,148,2549,150,149
10072,1,500,0,0,150,3,150,3,2.44238e+06,148,2387.67,150,149
10073,1,500,0,0,150,3,150,3,2.40871e+06,148,2354,150,149
10074,1,500,0,0,150,3,150,3,2.43671e+06,148,2382,150,149
10075,1,500,0,0,150,3,150,3,2.52738e+06,148,2472.67,150,149
10076,1,500,0,0,150,3,150,3,2.40438e+06,148,2349.67,150,149
10077,1,500,0,0,150,3,150,3,2.36404e+06,148,2309.33,150,149
10078,1,500,0,0,150,3,150,3,2.54071e+06,148,2486,150,149
10079,1,500,0,0,150,3,150,3,2.34938e+06,148,2294.67,150,149
10080,1,500,0,0,150,3,150,3,2.48538e+06,148,2430.67,150,149
10081,1,500,0,0,150,3,150,3,2.54238e+06,148,2487.67,150,149
10082,1,500,0,0,150,3,150,3,2.43371e+06,148,2379,150,149
10083,1,500,0,0,150,3,150,3,2.48171e+06,148,2427,150,149
10084,1,500,0,0,150,3,150,3,2.41604e+06,148,2361.33,150,149
10085,1,500,0,0,150,3,150,3,2.48571e+06,148,2431,150,149
10086,1,500,0,0,150,3,150,3,2.56071e+06,148,2506,150,149
10087,1,500,0,0,150,3,150,3,2.41171e+06,148,2357,150,149
10088,1,500,0,0,150,3,150,3,2.28371e+06,148,2229,150,149
10089,1,500,0,0,150,3,150,3,2.47271e+06,148,2418,150,149
10090,1,500,0,0,150,3,150,3,2.20371e+06,148,2149,150,149
10091,1,500,0,0,150,3,150,3,2.44671e+06,148,2392,150,149
10092,1,500,0,0,150,3,150,3,2.63804e+06,148,2583.33,150,149
10093,1,500,0,0,150,3,150,3,2.59304e+06,148,2538.33,150,149
10094,1,500,0,0,150,3,150,3,2.31704e+06,148,2262.33,150,149
10095,1,500,0,0,150,3,150,3,2.30738e+06,148,2252.67,150,149
10096,1,500,0,0,150,3,150,3,2.35904e+06,148,2304.33,150,149
10097,1,500,0,0,150,3,150,3,2.45938e+06,148,2404.67,150,149
10098,1,500,0,0,150,3,150,3,2.36871e+06,148,2314,150,149
10099,1,500,0,0,150,3,150,3,2.51804e+06,148,2463.33,150,149
10100,1,500,0,0,150,3,150,3,2.59138e+06,148,2536.67,150,149
10101,1,500,0,0,150,3,150,3,2.29004e+06,148,2235.33,150,149
10102,1,500,0,0,150,3,150,3,2.52871e+06,148,2474,150,149
10103,1,500,0,0,150,3,150,3,2.44904e+06,148,2394.33,150,149
10104,1,500,0,0,150,3,150,3,2.62138e+06,148,2566.67,150,149
10105,1,500,0,0,150,3,150,3,2.41571e+06,148,2361,150,149
10106,1,500,0,0,150,3,150,3,2.57171e+06,148,2517,150,149
10107,1,500,0,0,150,3,150,3,2.35271e+06,148,2298,150,149
10108,1,500,0,0,150,3,150,3,2.49504e+06,148,2440.33,150,149
10109,1,500,0,0,150,3,150,3,2.48738e+06,148,2432.67,150,149
10110,1,500,0,0,150,3,150,3,2.59338e+06,148,2538.67,150,149
10111,1,500,0,0,150,3,150,3,2.31638e+06,148,2261.67,150,149
10112,1,500,0,0,150,3,150,3,2.51104e+06,148,2456.33,150,149
10113,1,500,0,0,150,3,150,3,2.51604e+06,148,2461.33,150,149
10114,1,500,0,0,150,3,150,3,2.40804e+06,148,2353.33,150,149
10115,1,500,0,0,150,3,150,3,2.33438e+06,148,2279.67,150,149
10116,1,500,0,0,150,3,150,3,2.44538e+06,148,2390.67,150,149
10117,1,500,0,0,150,3,150,3,2.35171e+06,148,2297,150,149
10118,1,500,0,0,150,3,150,3,2.52671e+06,148,2472,150,149
10119,1,500,0,0,150,3,150,3,2.48704e+06,148,2432.33,150,149
10120,1,500,0,0,150,3,150,3,2.41171e+06,148,2357,150,149
10121,1,500,0,0,150,3,150,3,2.49704e+06,148,2442.33,150,149
10122,1,500,0,0,150,3,150,3,2.45138e+06,148,2396.67,150,149
10123,1,500,0,0,150,3,150,3,2.80504e+06,148,2750.33,150,149
10124,1,500,0,0,150,3,150,3,2.43138e+06,148,2376.67,150,149
10125,1,500,0,0,150,3,150,3,2.49604e+06,148,2441.33,150,149
10126,1,500,0,0,150,3,150,3,2.39538e+06,148,2340.67,150,149
10127,1,500,0,0,150,3,150,3,2.61971e+06,148,2565,150,149
10128,1,500,0,0,150,3,150,3,2.70971e+06,148,2655,150,149
10129,1,500,0,0,150,3,150,3,2.23971e+06,148,2185,150,149
10130,1,500,0,0,150,3,150,3,2.33171e+06,148,2277,150,149
10131,1,500,0,0,150,3,150,3,2.51371e+06,148,2459,150,149
10132,1,500,0,0,150,3,150,3,2.34571e+06,148,2291,150,149
10133,1,500,0,0,150,3,150,3,2.36438e+06,148,2309.67,150,149
10134,1,500,0,0,150,3,150,3,2.57804e+06,148,2523.33,150,149
10135,1,500,0,0,150,3,150,3,2.54971e+06,148,2495,150,149
10136,1,500,0,0,150,3,150,3,2.52371e+06,148,2469,150,149
10137,1,500,0,0,150,3,150,3,2.58171e+06,148,2527,150,149
10138,1,500,0,0,150,3,150,3,2.47271e+06,148,2418,150,149
10139,1,500,0,0,150,3,150,3,2.43171e+06,148,2377,150,149
10140,1,500,0,0,150,3,150,3,2.53104e+06,148,2476.33,150,149
10141,1,500,0,0,150,3,150,3,2.46404e+06,148,2409.33,150,149
10142,1,500,0,0,150,3,150,3,2.56004e+06,148,2505.33,150,149
10143,1,500,0,0,150,3,150,3,2.41371e+06,148,2359,150,149
10144,1,500,0,0,150,3,150,3,2.36371e+06,148,2309,150,149
10145,1,500,0,0,150,3,150,3,2.53204e+06,148,2477.33,150,149
10146,1,500,0,0,150,3,150,3,2.44971e+06,148,2395,150,149
10147,1,500,0,0,150,3,150,3,2.51204e+06,148,2457.33,150,149
10148,1,500,0,0,150,3,150,3,2.57004e+06,148,2515.33,150,149
10149,1,500,0,0,150,3,150,3,2.56738e+06,148,2512.67,150,149
10150,1,500,0,0,150,3,150,3,2.67171e+06,148,2617,150,149
10151,1,500,0,0,150,3,150,3,2.44204e+06,148,2387.33,150,149
10152,1,500,0,0,150,3,150,3,2.41738e+06,148,2362.67,150,149
10153,1,500,0,0,150,3,150,3,2.37238e+06,148,2317.67,150,149
10154,1,500,0,0,150,3,150,3,2.50838e+06,148,2453.67,150,149
10155,1,500,0,0,150,3,150,3,2.55904e+06,148,2504.33,150,149
10156,1,500,0,0,150,3,150,3,2.46304e+06,148,2408.33,150,149
10157,1,500,0,0,150,3,150,3,2.40338e+06,148,2348.67,150,149
10158,1,500,0,0,150,3,150,3,2.52204e+06,148,2467.33,150,149
10159,1,500,0,0,150,3,150,3,2.31304e+06,148,2258.33,150,149
10160,1,500,0,0,150,3,150,3,2.24004e+06,148,2185.33,150,149
10161,1,500,0,0,150,3,150,3,2.45438e+06,148,2399.67,150,149
10162,1,500,0,0,150,3,150,3,2.37938e+06,148,2324.67,150,149
10163,1,500,0,0,150,3,150,3,2.47738e+06,148,2422.67,150,149
10164,1,500,0,0,150,3,150,3,2.48638e+06,148,2431.67,150,149
10165,1,500,0,0,150,3,150,3,2.22804e+06,148,2173.33,150,149
10166,1,500,0,0,150,3,150,3,2.40471e+06,148,2350,150,149
10167,1,500,0,0,150,3,150,3,2.60404e+06,148,2549.33,150,149
10168,1,500,0,0,150,3,150,3,2.30738e+06,148,2252.67,150,149
10169,1,500,0,0,150,3,150,3,2.56138e+06,148,2506.67,150,149
10170,1,500,0,0,150,3,150,3,2.62471e+06,148,2570,150,149
10171,1,500,0,0,150,3,150,3,2.55271e+06,148,2498,150,149
10172,1,500,0,0,150,3,150,3,2.40338e+06,148,2348.67,150,149
10173,1,500,0,0,150,3,150,3,2.55504e+06,148,2500.33,150,149
10174,1,500,0,0,150,3,150,3,2.42038e+06,148,2365.67,150,149
10175,1,500,0,0,150,3,150,3,2.33171e+06,148,2277,150,149
10176,1,500,0,0,150,3,150,3,2.33204e+06,148,2277.33,150,149
10177,1,500,0,0,150,3,150,3,2.51238e+06,148,2457.67,150,149
10178,1,500,0,0,150,3,150,3,2.42638e+06,148,2371.67,150,149
10179,1,500,0,0,150,3,150,3,2.42704e+06,148,2372.33,150,149
10180,1,500,0,0,150,3,150,3,2.49004e+06,148,2435.33,150,149
10181,1,500,0,0,150,3,150,3,2.57038e+06,148,2515.67,150,149
10182,1,500,0,0,150,3,150,3,2.66438e+06,148,2609.67,150,149
10183,1,500,0,0,150,3,150,3,2.39171e+06,148,2337,150,149
10184,1,500,0,0,150,3,150,3,2.34604e+06,148,2291.33,150,149
10185,1,500,0,0,150,3,150,3,2.39604e+06,148,2341.33,150,149
10186,1,500,0,0,150,3,150,3,2.29871e+06,148,2244,150,149
10187,1,500,0,0,150,3,150,3,2.48438e+06,148,2429.67,150,149
10188,1,500,0,0,150,3,150,3,2.61438e+06,148,2559.67,150,149
10189,1,500,0,0,150,3,150,3,2.51838e+06,148,2463.67,150,149
10190,1,500,0,0,150,3,150,3,2.57171e+06,148,2517,150,149
10191,1,500,0,0,150,3,150,3,2.48604e+06,148,2431.33,150,149
10192,1,500,0,0,150,3,150,3,2.38604e+06,148,2331.33,150,149
10193,1,500,0,0,150,3,150,3,2.57871e+06,148,2524,150,149
10194,1,500,0,0,150,3,150,3,2.47238e+06,148,2417.67,150,149
10195,1,500,0,0,150,3,150,3,2.51638e+06,148,2461.67,150,149
10196,1,500,0,0,150,3,150,3,2.49438e+06,148,2439.67,150,149
10197,1,500,0,0,150,3,150,3,2.49338e+06,148,2438.67,150,149
10198,1,500,0,0,150,3,150,3,2.50071e+06,148,2446,150,149
10199,1,500,0,0,150,3,150,3,2.51638e+06,148,2461.67,150,149
10200,1,500,0,0,150,3,150,3,2.38538e+06,148,2330.67,150,149
10201,1,500,0,0,150,3,150,3,2.43604e+06,148,2381.33,150,149
10202,1,500,0,0,150,3,150,3,2.54338e+06,148,2488.67,150,149
10203,1,500,0,0,150,3,150,3,2.55171e+06,148,2497,150,149
10204,1,500,0,0,150,3,150,3,2.56004e+06,148,2505.33,150,149
10205,1,500,0,0,150,3,150,3,2.47404e+06,148,2419.33,150,149
10206,1,500,0,0,150,3,150,3,2.53771e+06,148,2483,150,149
10207,1,500,0,0,150,3,150,3,2.48004e+06,148,2425.33,150,149
10208,1,500,0,0,150,3,150,3,2.40671e+06,148,2352,150,149
10209,1,500,0,0,150,3,150,3,2.56404e+06,148,2509.33,150,149
10210,1,500,0,0,150,3,150,3,2.51738e+06,148,2462.67,150,149
10211,1,500,0,0,150,3,150,3,2.83071e+06,148,2776,150,149
10212,1,500,0,0,150,3,150,3,2.51438e+06,148,2459.67,150,149
10213,1,500,0,0,150,3,150,3,2.45071e+06,148,2396,150,149
10214,1,500,0,0,150,3,150,3,2.52504e+06,148,2470.33,150,149
10215,1,500,0,0,150,3,150,3,2.51671e+06,148,2462,150,149
10216,1,500,0,0,150,3,150,3,2.65471e+06,148,2600,150,149
10217,1,500,0,0,150,3,150,3,2.50671e+06,148,2452,150,149
10218,1,500,0,0,150,3,150,3,2.19004e+06,148,2135.33,150,149
10219,1,500,0,0,150,3,150,3,2.50904e+06,148,2454.33,150,149
10220,1,500,0,0,150,3,150,3,2.44271e+06,148,2388,150,149
10221,1,500,0,0,150,3,150,3,2.62938e+06,148,2574.67,150,149
10222,1,500,0,0,150,3,150,3,2.49971e+06,148,2445,150,149
10223,1,500,0,0,150,3,150,3,2.45271e+06,148,2398,150,149
10224,1,500,0,0,150,3,150,3,2.42538e+06,148,2370.67,150,149
10225,1,500,0,0,150,3,150,3,2.28771e+06,148,2233,150,149
10226,1,500,0,0,150,3,150,3,2.49638e+06,148,2441.67,150,149
10227,1,500,0,0,150,3,150,3,2.46604e+06,148,2411.33,150,149
10228,1,500,0,0,150,3,150,3,2.52871e+06,148,2474,150,149
10229,1,500,0,0,150,3,150,3,2.63904e+06,148,2584.33,150,149
10230,1,500,0,0,150,3,150,3,2.62838e+06,148,2573.67,150,149
10231,1,500,0,0,150,3,150,3,2.42371e+06,148,2369,150,149
10232,1,500,0,0,150,3,150,3,2.21171e+06,148,2157,150,149
10233,1,500,0,0,150,3,150,3,2.40604e+06,148,2351.33,150,149
10234,1,500,0,0,150,3,150,3,2.53838e+06,148,2483.67,150,149
10235,1,500,0,0,150,3,150,3,2.46404e+06,148,2409.33,150,149
10236,1,500,0,0,150,3,150,3,2.52038e+06,148,2465.67,150,149
10237,1,500,0,0,150,3,150,3,2.20771e+06,148,2153,150,149
10238,1,500,0,0,150,3,150,3,2.15538e+06,148,2100.67,150,149
10239,1,500,0,0,150,3,150,3,2.51104e+06,148,2456.33,150,149
10240,1,500,0,0,150,3,150,3,2.48371e+06,148,2429,150,149
10241,1,500,0,0,150,3,150,3,2.45671e+06,148,2402,150,149
10242,1,500,0,0,150,3,150,3,2.37904e+06,148,2324.33,150,149
10243,1,500,0,0,150,3,150,3,2.56104e+06,148,2506.33,150,149
10244,1,500,0,0,150,3,150,3,2.51738e+06,148,2462.67,150,149
10245,1,500,0,0,150,3,150,3,2.61471e+06,148,2560,150,149
10246,1,500,0,0,150,3,150,3,2.38138e+06,148,2326.67,150,149
10247,1,500,0,0,150,3,150,3,2.41171e+06,148,2357,150,149
10248,1,500,0,0,150,3,150,3,2.64438e+06,148,2589.67,150,149
10249,1,500,0,0,150,3,150,3,2.40104e+06,148,2346.33,150,149
10250,1,500,0,0,150,3,150,3,2.42238e+06,148,2367.67,150,149
10251,1,500,0,0,150,3,150,3,2.53904e+06,148,2484.33,150,149
10252,1,500,0,0,150,3,150,3,2.66138e+06,148,2606.67,150,149
10253,1,500,0,0,150,3,150,3,2.61738e+06,148,2562.67,150,149
10254,1,500,0,0,150,3,150,3,2.32938e+06,148,2274.67,150,149
10255,1,500,0,0,150,3,150,3,2.63171e+06,148,2577,150,149
10256,1,500,0,0,150,3,150,3,2.58538e+06,148,2530.67,150,149
10257,1,500,0,0,150,3,150,3,2.37138e+06,148,2316.67,150,149
10258,1,500,0,0,150,3,150,3,2.28871e+06,148,2234,150,149
10259,1,500,0,0,150,3,150,3,2.46871e+06,148,2414,150,149
10260,1,500,0,0,150,3,150,3,2.50238e+06,148,2447.67,150,149
10261,1,500,0,0,150,3,150,3,2.37038e+06,148,2315.67,150,149
10262,1,500,0,0,150,3,150,3,2.39104e+06,148,2336.33,150,149
10263,1,500,0,0,150,3,150,3,2.15238e+06,148,2097.67,150,149
10264,1,500,0,0,150,3,150,3,2.40138e+06,148,2346.67,150,149
10265,1,500,0,0,150,3,150,3,2.46638e+06,148,2411.67,150,149
10266,1,500,0,0,150,3,150,3,2.49038e+06,148,2435.67,150,149
10267,1,500,0,0,150,3,150,3,2.48904e+06,148,2434.33,150,149
10268,1,500,0,0,150,3,150,3,2.59771e+06,148,2543,150,149
10269,1,500,0,0,150,3,150,3,2.46371e+06,148,2409,150,149
10270,1,500,0,0,150,3,150,3,2.41838e+06,148,2363.67,150,149
10271,1,500,0,0,150,3,150,3,2.51071e+06,148,2456,150,149
10272,1,500,0,0,150,3,150,3,2.71671e+06,148,2662,150,149
10273,1,500,0,0,150,3,150,3,2.38671e+06,148,2332,150,149
10274,1,500,0,0,150,3,150,3,2.56204e+06,148,2507.33,150,149
10275,1,500,0,0,150,3,150,3,2.44638e+06,148,2391.67,150,149
10276,1,500,0,0,150,3,150,3,2.58704e+06,148,2532.33,150,149
10277,1,500,0,0,150,3,150,3,2.47271e+06,148,2418,150,149
10278,1,500,0,0,150,3,150,3,2.50271e+06,148,2448,150,149
10279,1,500,0,0,150,3,150,3,2.36304e+06,148,2308.33,150,149
10280,1,500,0,0,150,3,150,3,2.47471e+06,148,2420,150,149
10281,1,500,0,0,150,3,150,3,2.44471e+06,148,2390,150,149
10282,1,500,0,0,150,3,150,3,2.43071e+06,148,2376,150,149
10283,1,500,0,0,150,3,150,3,2.54104e+06,148,2486.33,150,149
10284,1,500,0,0,150,3,150,3,2.48771e+06,148,2433,150,149
10285,1,500,0,0,150,3,150,3,2.26504e+06,148,2210.33,150,149
10286,1,500,0,0,150,3,150,3,2.47138e+06,148,2416.67,150,149
10287,1,500,0,0,150,3,150,3,2.55404e+06,148,2499.33,150,149
10288,1,500,0,0,150,3,150,3,2.52404e+06,148,2469.33,150,149
10289,1,500,0,0,150,3,150,3,2.41771e+06,148,2363,150,149
10290,1,500,0,0,150,3,150,3,2.39271e+06,148,2338,150,149
10291,1,500,0,0,150,3,150,3,2.40138e+06,148,2346.67,150,149
10292,1,500,0,0,150,3,150,3,2.50504e+06,148,2450.33,150,149
10293,1,500,0,0,150,3,150,3,2.35771e+06,148,2303,150,149
10294,1,500,0,0,150,3,150,3,2.33438e+06,148,2279.67,150,149
10295,1,500,0,0,150,3,150,3,2.53338e+06,148,2478.67,150,149
10296,1,500,0,0,150,3,150,3,2.52738e+06,148,2472.67,150,149
10297,1,500,0,0,150,3,150,3,2.41438e+06,148,2359.67,150,149
10298,1,500,0,0,150,3,150,3,2.52638e+06,148,2471.67,150,149
10299,1,500,0,0,150,3,150,3,2.48138e+06,148,2426.67,150,149
10300,1,500,0,0,150,3,150,3,2.66971e+06,148,2615,150,149
10301,1,500,0,0,150,3,150,3,2.57004e+06,148,2515.33,150,149
10302,1,500,0,0,150,3,150,3,2.55671e+06,148,2502,150,149
10303,1,500,0,0,150,3,150,3,2.60338e+06,148,2548.67,150,149
10304,1,500,0,0,150,3,150,3,2.52171e+06,148,2467,150,149
10305,1,500,0,0,150,3,150,3,2.59504e+06,148,2540.33,150,149
10306,1,500,0,0,150,3,150,3,2.56771e+06,148,2513,150,149
10307,1,500,0,0,150,3,150,3,2.56271e+06,148,2508,150,149
10308,1,500,0,0,150,3,150,3,2.53604e+06,148,2481.33,150,149
10309,1,500,0,0,150,3,150,3,2.43171e+06,148,2377,150,149
10310,1,500,0,0,150,3,150,3,2.47271e+06,148,2418,150,149
10311,1,500,0,0,150,3,150,3,2.41838e+06,148,2363.67,150,149
10312,1,500,0,0,150,3,150,3,2.78138e+06,148,2726.67,150,149
10313,1,500,0,0,150,3,150,3,2.41004e+06,148,2355.33,150,149
10314,1,500,0,0,150,3,150,3,2.30371e+06,148,2249,150,149
10315,1,500,0,0,150,3,150,3,2.33571e+06,148,2281,150,149
10316,1,500,0,0,150,3,150,3,2.60138e+06,148,2546.67,150,149
10317,1,500,0,0,150,3,150,3,2.46871e+06,148,2414,150,149
10318,1,500,0,0,150,3,150,3,2.48338e+06,148,2428.67,150,149
10319,1,500,0,0,150,3,150,3,2.33404e+06,148,2279.33,150,149
10320,1,500,0,0,150,3,150,3,2.57238e+06,148,2517.67,150,149
10321,1,500,0,0,150,3,150,3,2.42371e+06,148,2369,150,149
10322,1,500,0,0,150,3,150,3,2.45571e+06,148,2401,150,149
10323,1,500,0,0,150,3,150,3,2.56338e+06,148,2508.67,150,149
10324,1,500,0,0,150,3,150,3,2.59738e+06,148,2542.67,150,149
10325,1,500,0,0,150,3,150,3,2.41904e+06,148,2364.33,150,149
10326,1,500,0,0,150,3,150,3,2.71738e+06,148,2662.67,150,149
10327,1,500,0,0,150,3,150,3,2.60604e+06,148,2551.33,150,149
10328,1,500,0,0,150,3,150,3,2.37238e+06,148,2317.67,150,149
10329,1,500,0,0,150,3,150,3,2.32971e+06,148,2275,150,149
10330,1,500,0,0,150,3,150,3,2.41171e+06,148,2357,150,149
10331,1,500,0,0,150,3,150,3,2.57404e+06,148,2519.33,150,149
10332,1,500,0,0,150,3,150,3,2.49071e+06,148,2436,150,149
10333,1,500,0,0,150,3,150,3,2.54571e+06,148,2491,150,149
10334,1,500,0,0,150,3,150,3,2.65904e+06,148,2604.33,150,149
10335,1,500,0,0,150,3,150,3,2.33304e+06,148,2278.33,150,149
10336,1,500,0,0,150,3,150,3,2.66571e+06,148,2611,150,149
10337,1,500,0,0,150,3,150,3,2.43404e+06,148,2379.33,150,149
10338,1,500,0,0,150,3,150,3,2.61604e+06,148,2561.33,150,149
10339,1,500,0,0,150,3,150,3,2.70238e+06,148,2647.67,150,149
10340,1,500,0,0,150,3,150,3,2.42938e+06,148,2374.67,150,149
10341,1,500,0,0,150,3,150,3,2.54304e+06,148,2488.33,150,149
10342,1,500,0,0,150,3,150,3,2.42938e+06,148,2374.67,150,149
10343,1,500,0,0,150,3,150,3,2.56538e+06,148,2510.67,150,149
10344,1,500,0,0,150,3,150,3,2.46538e+06,148,2410.67,150,149
10345,1,500,0,0,150,3,150,3,2.49204e+06,148,2437.33,150,149
10346,1,500,0,0,150,3,150,3,2.57471e+06,148,2520,150,149
10347,1,500,0,0,150,3,150,3,2.49571e+06,148,2441,150,149
10348,1,500,0,0,150,3,150,3,2.59538e+06,148,2540.67,150,149
10349,1,500,0,0,150,3,150,3,2.32738e+06,148,2272.67,150,149
10350,1,500,0,0,150,3,150,3,2.38271e+06,148,2328,150,149
10351,1,500,0,0,150,3,150,3,2.61038e+06,148,2555.67,150,149
10352,1,500,0,0,150,3,150,3,2.33271e+06,148,2278,150,149
10353,1,500,0,0,150,3,150,3,2.44071e+06,148,2386,150,149
10354,1,500,0,0,150,3,150,3,2.20738e+06,148,2152.67,150,149
10355,1,500,0,0,150,3,150,3,2.43838e+06,148,2383.67,150,149
10356,1,500,0,0,150,3,150,3,2.55938e+06,148,2504.67,150,149
10357,1,500,0,0,150,3,150,3,2.43038e+06,148,2375.67,150,149
10358,1,500,0,0,150,3,150,3,2.51204e+06,148,2457.33,150,149
10359,1,500,0,0,150,3,150,3,2.41371e+06,148,2359,150,149
10360,1,500,0,0,150,3,150,3,2.54271e+06,148,2488,150,149
10361,1,500,0,0,150,3,150,3,2.41971e+06,148,2365,150,149
10362,1,500,0,0,150,3,150,3,2.27104e+06,148,2216.33,150,149
10363,1,500,0,0,150,3,150,3,2.45004e+06,148,2395.33,150,149
10364,1,500,0,0,150,3,150,3,2.36971e+06,148,2315,150,149
10365,1,500,0,0,150,3,150,3,2.61138e+06,148,2556.67,150,149
10366,1,500,0,0,150,3,150,3,2.36871e+06,148,2314,150,149
10367,1,500,0,0,150,3,150,3,2.48171e+06,148,2427,150,149
10368,1,500,0,0,150,3,150,3,2.35538e+06,148,2300.67,150,149
10369,1,500,0,0,150,3,150,3,2.55971e+06,148,2505,150,149
10370,1,500,0,0,150,3,150,3,2.38704e+06,148,2332.33,150,149
10371,1,500,0,0,150,3,150,3,2.67104e+06,148,2616.33,150,149
10372,1,500,0,0,150,3,150,3,2.53704e+06,148,2482.33,150,149
10373,1,500,0,0,150,3,150,3,2.43504e+06,148,2380.33,150,149
10374,1,500,0,0,150,3,150,3,2.45971e+06,148,2405,150,149
10375,1,500,0,0,150,3,150,3,2.24138e+06,148,2186.67,150,149
10376,1,500,0,0,150,3,150,3,2.39038e+06,148,2335.67,150,149
10377,1,500,0,0,150,3,150,3,2.47671e+06,148,2422,150,149
10378,1,500,0,0,150,3,150,3,2.35204e+06,148,2297.33,150,149
10379,1,500,0,0,150,3,150,3,2.38738e+06,148,2332.67,150,149
10380,1,500,0,0,150,3,150,3,2.61504e+06,148,2560.33,150,149
10381,1,500,0,0,150,3,150,3,2.64771e+06,148,2593,150,149
10382,1,500,0,0,150,3,150,3,2.52238e+06,148,2467.67,150,149
10383,1,500,0,0,150,3,150,3,2.55238e+06,148,2497.67,150,149
10384,1,500,0,0,150,3,150,3,2.56538e+06,148,2510.67,150,149
10385,1,500,0,0,150,3,150,3,2.52271e+06,148,2468,150,149
10386,1,500,0,0,150,3,150,3,2.42104e+06,148,2366.33,150,149
10387,1,500,0,0,150,3,150,3,2.28971e+06,148,2235,150,149
10388,1,500,0,0,150,3,150,3,2.29438e+06,148,2239.67,150,149
10389,1,500,0,0,150,3,150,3,2.26204e+06,148,2207.33,150,149
10390,1,500,0,0,150,3,150,3,2.45438e+06,148,2399.67,150,149
10391,1,500,0,0,150,3,150,3,2.45404e+06,148,2399.33,150,149
10392,1,500,0,0,150,3,150,3,2.72538e+06,148,2670.67,150,149
10393,1,500,0,0,150,3,150,3,2.49704e+06,148,2442.33,150,149
10394,1,500,0,0,150,3,150,3,2.45804e+06,148,2403.33,150,149
10395,1,500,0,0,150,3,150,3,2.69271e+06,148,2638,150,149
10396,1,500,0,0,150,3,150,3,2.34871e+06,148,2294,150,149
10397,1,500,0,0,150,3,150,3,2.40171e+06,148,2347,150,149
10398,1,500,0,0,150,3,150,3,2.48238e+06,148,2427.67,150,149
10399,1,500,0,0,150,3,150,3,2.58704e+06,148,2532.33,150,149
10400,1,500,0,0,150,3,150,3,2.50571e+06,148,2451,150,149
10401,1,500,0,0,150,3,150,3,2.55238e+06,148,2497.67,150,149
10402,1,500,0,0,150,3,150,3,2.49104e+06,148,2436.33,150,149
10403,1,500,0,0,150,3,150,3,2.32838e+06,148,2273.67,150,149
10404,1,500,0,0,150,3,150,3,2.31238e+06,148,2257.67,150,149
10405,1,500,0,0,150,3,150,3,2.44104e+06,148,2386.33,150,149
10406,1,500,0,0,150,3,150,3,2.52838e+06,148,2473.67,150,149
10407,1,500,0,0,150,3,150,3,2.35804e+06,148,2303.33,150,149
10408,1,500,0,0,150,3,150,3,2.49904e+06,148,2444.33,150,149
10409,1,500,0,0,150,3,150,3,2.67138e+06,148,2616.67,150,149
10410,1,500,0,0,150,3,150,3,2.49571e+06,148,2441,150,149
10411,1,500,0,0,150,3,150,3,2.35004e+06,148,2295.33,150,149
10412,1,500,0,0,150,3,150,3,2.51004e+06,148,2455.33,150,149
10413,1,500,0,0,150,3,150,3,2.40438e+06,148,2349.67,150,149
10414,1,500,0,0,150,3,150,3,2.21571e+06,148,2161,150,149
10415,1,500,0,0,150,3,150,3,2.36471e+06,148,2310,150,149
10416,1,500,0,0,150,3,150,3,2.39271e+06,148,2338,150,149
10417,1,500,0,0,150,3,150,3,2.62204e+06,148,2567.33,150,149
10418,1,500,0,0,150,3,150,3,2.43871e+06,148,2384,150,149
10419,1,500,0,0,150,3,150,3,2.45638e+06,148,2401.67,150,149
10420,1,500,0,0,150,3,150,3,2.65604e+06,148,2601.33,150,149
10421,1,500,0,0,150,3,150,3,2.54638e+06,148,2491.67,150,149
10422,1,500,0,0,150,3,150,3,2.53904e+06,148,2484.33,150,149
10423,1,500,0,0,150,3,150,3,2.21271e+06,148,2158,150,149
10424,1,500,0,0,150,3,150,3,2.22038e+06,148,2165.67,150,149
10425,1,500,0,0,150,3,150,3,2.67938e+06,148,2624.67,150,149
10426,1,500,0,0,150,3,150,3,2.46871e+06,148,2414,150,149
10427,1,500,0,0,150,3,150,3,2.50871e+06,148,2454,150,149
10428,1,500,0,0,150,3,150,3,2.56904e+06,148,2514.33,150,149
10429,1,500,0,0,150,3,150,3,2.50604e+06,148,2451.33,150,149
10430,1,500,0,0,150,3,150,3,2.39304e+06,148,2338.33,150,149
10431,1,500,0,0,150,3,150,3,2.59138e+06,148,2536.67,150,149
10432,1,500,0,0,150,3,150,3,2.48571e+06,148,2431,150,149
10433,1,500,0,0,150,3,150,3,2.47238e+06,148,2417.67,150,149
10434,1,500,0,0,150,3,150,3,2.53138e+06,148,2476.67,150,149
10435,1,500,0,0,150,3,150,3,2.49671e+06,148,2442,150,149
10436,1,500,0,0,150,3,150,3,2.48971e+06,148,2435,150,149
10437,1,500,0,0,150,3,150,3,2.60071e+06,148,2546,150,149
10438,1,500,0,0,150,3,150,3,2.51971e+06,148,2465,150,149
10439,1,500,0,0,150,3,150,3,2.49571e+06,148,2441,150,149
10440,1,500,0,0,150,3,150,3,2.48538e+06,148,2430.67,150,149
10441,1,500,0,0,150,3,150,3,2.44138e+06,148,2386.67,150,149
10442,1,500,0,0,150,3,150,3,2.57038e+06,148,2515.67,150,149
10443,1,500,0,0,150,3,150,3,2.39904e+06,148,2344.33,150,149
10444,1,500,0,0,150,3,150,3,2.57938e+06,148,2524.67,150,149
10445,1,500,0,0,150,3,150,3,2.61438e+06,148,2559.67,150,149
10446,1,500,0,0,150,3,150,3,2.47438e+06,148,2419.67,150,149
10447,1,500,0,0,150,3,150,3,2.66604e+06,148,2611.33,150,149
10448,1,500,0,0,150,3,150,3,2.44038e+06,148,2385.67,150,149
10449,1,500,0,0,150,3,150,3,2.39971e+06,148,2345,150,149
10450,1,500,0,0,150,3,150,3,2.53504e+06,148,2480.33,150,149
10451,1,500,0,0,150,3,150,3,2.39271e+06,148,2338,150,149
10452,1,500,0,0,150,3,150,3,2.36471e+06,148,2310,150,149
10453,1,500,0,0,150,3,150,3,2.56571e+06,148,2511,150,149
10454,1,500,0,0,150,3,150,3,2.34804e+06,148,2293.33,150,149
10455,1,500,0,0,150,3,150,3,2.36271e+06,148,2308,150,149
10456,1,500,0,0,150,3,150,3,2.47571e+06,148,2421,150,149
10457,1,500,0,0,150,3,150,3,2.54204e+06,148,2487.33,150,149
10458,1,500,0,0,150,3,150,3,2.60938e+06,148,2554.67,150,149
10459,1,500,0,0,150,3,150,3,2.38571e+06,148,2331,150,149
10460,1,500,0,0,150,3,150,3,2.58938e+06,148,2534.67,150,149
10461,1,500,0,0,150,3,150,3,2.50804e+06,148,2453.33,150,149
10462,1,500,0,0,150,3,150,3,2.58804e+06,148,2533.33,150,149
10463,1,500,0,0,150,3,150,3,2.38838e+06,148,2333.67,150,149
10464,1,500,0,0,150,3,150,3,2.66138e+06,148,2606.67,150,149
10465,1,500,0,0,150,3,150,3,2.23904e+06,148,2184.33,150,149
10466,1,500,0,0,150,3,150,3,2.34838e+06,148,2293.67,150,149
10467,1,500,0,0,150,3,150,3,2.44638e+06,148,2391.67,150,149
10468,1,500,0,0,150,3,150,3,2.35071e+06,148,2296,150,149
10469,1,500,0,0,150,3,150,3,2.44371e+06,148,2389,150,149
10470,1,500,0,0,150,3,150,3,2.42038e+06,148,2365.67,150,149
10471,1,500,0,0,150,3,150,3,2.51938e+06,148,2464.67,150,149
10472,1,500,0,0,150,3,150,3,2.60704e+06,148,2552.33,150,149
10473,1,500,0,0,150,3,150,3,2.41804e+06,148,2363.33,150,149
10474,1,500,0,0,150,3,150,3,2.51804e+06,148,2463.33,150,149
10475,1,500,0,0,150,3,150,3,2.36704e+06,148,2312.33,150,149
10476,1,500,0,0,150,3,150,3,2.48104e+06,148,2426.33,150,149
10477,1,500,0,0,150,3,150,3,2.43771e+06,148,2383,150,149
10478,1,500,0,0,150,3,150,3,2.41938e+06,148,2364.67,150,149
10479,1,500,0,0,150,3,150,3,2.63438e+06,148,2579.67,150,149
10480,1,500,0,0,150,3,150,3,2.29404e+06,148,2239.33,150,149
10481,1,500,0,0,150,3,150,3,2.53438e+06,148,2479.67,150,149
10482,1,500,0,0,150,3,150,3,2.43004e+06,148,2375.33,150,149
10483,1,500,0,0,150,3,150,3,2.46238e+06,148,2407.67,150,149
10484,1,500,0,0,150,3,150,3,2.41838e+06,148,2363.67,150,149
10485,1,500,0,0,150,3,150,3,2.44571e+06,148,2391,150,149
10486,1,500,0,0,150,3,150,3,2.50104e+06,148,2446.33,150,149
10487,1,500,0,0,150,3,150,3,2.60871e+06,148,2554,150,149
10488,1,500,0,0,150,3,150,3,2.60404e+06,148,2549.33,150,149
10489,1,500,0,0,150,3,150,3,2.48971e+06,148,2435,150,149
10490,1,500,0,0,150,3,150,3,2.59771e+06,148,2543,150,149
10491,1,500,0,0,150,3,150,3,2.57338e+06,148,2518.67,150,149
10492,1,500,0,0,150,3,150,3,2.41338e+06,148,2358.67,150,149
10493,1,500,0,0,150,3,150,3,2.63638e+06,148,2581.67,150,149
10494,1,500,0,0,150,3,150,3,2.36138e+06,148,2306.67,150,149
10495,1,500,0,0,150,3,150,3,2.43438e+06,148,2379.67,150,149
10496,1,500,0,0,150,3,150,3,2.38404e+06,148,2329.33,150,149
10497,1,500,0,0,150,3,150,3,2.57271e+06,148,2518,150,149
10498,1,500,0,0,150,3,150,3,2.38004e+06,148,2325.33,150,149
10499,1,500,0,0,150,3,150,3,2.38104e+06,148,2326.33,150,149
10500,1,500,0,0,150,3,150,3,2.37871e+06,148,2324,150,149
10501,1,500,0,0,150,3,150,3,2.54371e+06,148,2489,150,149
10502,1,500,0,0,150,3,150,3,2.50404e+06,148,2449.33,150,149
10503,1,500,0,0,150,3,150,3,2.53104e+06,148,2476.33,150,149
10504,1,500,0,0,150,3,150,3,2.69938e+06,148,2644.67,150,149
10505,1,500,0,0,150,3,150,3,2.39804e+06,148,2343.33,150,149
10506,1,500,0,0,150,3,150,3,2.44438e+06,148,2389.67,150,149
10507,1,500,0,0,150,3,150,3,2.54571e+06,148,2491,150,149
10508,1,500,0,0,150,3,150,3,2.56204e+06,148,2507.33,150,149
10509,1,500,0,0,150,3,150,3,2.43471e+06,148,2380,150,149
10510,1,500,0,0,150,3,150,3,2.56471e+06,148,2510,150,149
10511,1,500,0,0,150,3,150,3,2.28938e+06,148,2234.67,150,149
10512,1,500,0,0,150,3,150,3,2.46238e+06,148,2407.67,150,149
10513,1,500,0,0,150,3,150,3,2.40204e+06,148,2347.33,150,149
10514,1,500,0,0,150,3,150,3,2.39304e+06,148,2338.33,150,149
10515,1,500,0,0,150,3,150,3,2.54471e+06,148,2490,150,149
10516,1,500,0,0,150,3,150,3,2.35304e+06,148,2298.33,150,149
10517,1,500,0,0,150,3,150,3,2.40571e+06,148,2351,150,149
10518,1,500,0,0,150,3,150,3,2.53571e+06,148,2481,150,149
10519,1,500,0,0,150,3,150,3,2.48304e+06,148,2428.33,150,149
10520,1,500,0,0,150,3,150,3,2.48071e+06,148,2426,150,149
10521,1,500,0,0,150,3,150,3,2.50204e+06,148,2447.33,150,149
10522,1,500,0,0,150,3,150,3,2.57971e+06,148,2525,150,149
10523,1,500,0,0,150,3,150,3,2.37138e+06,148,2316.67,150,149
10524,1,500,0,0,150,3,150,3,2.40371e+06,148,2349,150,149
10525,1,500,0,0,150,3,150,3,2.49138e+06,148,2436.67,150,149
10526,1,500,0,0,150,3,150,3,2.42471e+06,148,2370,150,149
10527,1,500,0,0,150,3,150,3,2.59238e+06,148,2537.67,150,149
10528,1,500,0,0,150,3,150,3,2.52804e+06,148,2473.33,150,149
10529,1,500,0,0,150,3,150,3,2.50204e+06,148,2447.33,150,149
10530,1,500,0,0,150,3,150,3,2.39571e+06,148,2341,150,149
10531,1,500,0,0,150,3,150,3,2.37638e+06,148,2321.67,150,149
10532,1,500,0,0,150,3,150,3,2.28904e+06,148,2234.33,150,149
10533,1,500,0,0,150,3,150,3,2.34871e+06,148,2294,150,149
10534,1,500,0,0,150,3,150,3,2.36704e+06,148,2312.33,150,149
10535,1,500,0,0,150,3,150,3,2.33304e+06,148,2278.33,150,149
10536,1,500,0,0,150,3,150,3,2.62138e+06,148,2566.67,150,149
10537,1,500,0,0,150,3,150,3,2.23671e+06,148,2182,150,149
10538,1,500,0,0,150,3,150,3,2.65104e+06,148,2596.33,150,149
10539,1,500,0,0,150,3,150,3,2.51671e+06,148,2462,150,149
10540,1,500,0,0,150,3,150,3,2.42904e+06,148,2374.33,150,149
10541,1,500,0,0,150,3,150,3,2.59271e+06,148,2538,150,149
10542,1,500,0,0,150,3,150,3,2.61871e+06,148,2564,150,149
10543,1,500,0,0,150,3,150,3,2.56938e+06,148,2514.67,150,149
10544,1,500,0,0,150,3,150,3,2.45204e+06,148,2397.33,150,149
10545,1,500,0,0,150,3,150,3,2.45138e+06,148,2396.67,150,149
10546,1,500,0,0,150,3,150,3,2.43404e+06,148,2379.33,150,149
10547,1,500,0,0,150,3,150,3,2.51804e+06,148,2463.33,150,149
10548,1,500,0,0,150,3,150,3,2.41071e+06,148,2356,150,149
10549,1,500,0,0,150,3,150,3,2.34838e+06,148,2293.67,150,149
10550,1,500,0,0,150,3,150,3,2.53771e+06,148,2483,150,149
10551,1,500,0,0,150,3,150,3,2.43804e+06,148,2383.33,150,149
10552,1,500,0,0,150,3,150,3,2.43371e+06,148,2379,150,149
10553,1,500,0,0,150,3,150,3,2.46404e+06,148,2409.33,150,149
10554,1,500,0,0,150,3,150,3,2.42071e+06,148,2366,150,149
10555,1,500,0,0,150,3,150,3,2.32071e+06,148,2266,150,149
10556,1,500,0,0,150,3,150,3,2.68871e+06,148,2634,150,149
10557,1,500,0,0,150,3,150,3,2.32771e+06,148,2273,150,149
10558,1,500,0,0,150,3,150,3,2.53038e+06,148,2475.67,150,149
10559,1,500,0,0,150,3,150,3,2.44638e+06,148,2391.67,150,149
10560,1,500,0,0,150,3,150,3,2.42938e+06,148,2374.67,150,149
10561,1,500,0,0,150,3,150,3,2.59471e+06,148,2540,150,149
10562,1,500,0,0,150,3,150,3,2.40138e+06,148,2346.67,150,149
10563,1,500,0,0,150,3,150,3,2.54438e+06,148,2489.67,150,149
10564,1,500,0,0,150,3,150,3,2.46071e+06,148,2406,150,149
10565,1,500,0,0,150,3,150,3,2.59704e+06,148,2542.33,150,149
10566,1,500,0,0,150,3,150,3,2.48771e+06,148,2433,150,149
10567,1,500,0,0,150,3,150,3,2.55738e+06,148,2502.67,150,149
10568,1,500,0,0,150,3,150,3,2.41771e+06,148,2363,150,149
10569,1,500,0,0,150,3,150,3,2.61638e+06,148,2561.67,150,149
10570,1,500,0,0,150,3,150,3,2.33738e+06,148,2282.67,150,149
10571,1,500,0,0,150,3,150,3,2.38238e+06,148,2327.67,150,149
10572,1,500,0,0,150,3,150,3,2.54438e+06,148,2489.67,150,149
10573,1,500,0,0,150,3,150,3,2.23871e+06,148,2184,150,149
10574,1,500,0,0,150,3,150,3,2.36504e+06,148,2310.33,150,149
10575,1,500,0,0,150,3,150,3,2.48804e+06,148,2433.33,150,149
10576,1,500,0,0,150,3,150,3,2.31971e+06,148,2265,150,149
10577,1,500,0,0,150,3,150,3,2.49704e+06,148,2442.33,150,149
10578,1,500,0,0,150,3,150,3,2.40371e+06,148,2349,150,149
10579,1,500,0,0,150,3,150,3,2.45804e+06,148,2403.33,150,149
10580,1,500,0,0,150,3,150,3,2.29938e+06,148,2244.67,150,149
10581,1,500,0,0,150,3,150,3,2.45038e+06,148,2395.67,150,149
10582,1,500,0,0,150,3,150,3,2.42904e+06,148,2374.33,150,149
10583,1,500,0,0,150,3,150,3,2.52371e+06,148,2469,150,149
10584,1,500,0,0,150,3,150,3,2.28871e+06,148,2234,150,149
10585,1,500,0,0,150,3,150,3,2.53404e+06,148,2479.33,150,149
10586,1,500,0,0,150,3,150,3,2.40271e+06,148,2348,150,149
10587,1,500,0,0,150,3,150,3,2.42871e+06,148,2374,150,149
10588,1,500,0,0,150,3,150,3,2.60138e+06,148,2546.67,150,149
10589,1,500,0,0,150,3,150,3,2.47738e+06,148,2422.67,150,149
10590,1,500,0,0,150,3,150,3,2.46138e+06,148,2406.67,150,149
10591,1,500,0,0,150,3,150,3,2.42371e+06,148,2369,150,149
10592,1,500,0,0,150,3,150,3,2.50038e+06,148,2445.67,150,149
10593,1,500,0,0,150,3,150,3,2.58604e+06,148,2531.33,150,149
10594,1,500,0,0,150,3,150,3,2.51871e+06,148,2464,150,149
10595,1,500,0,0,150,3,150,3,2.24071e+06,148,2186,150,149
10596,1,500,0,0,150,3,150,3,2.42638e+06,148,2371.67,150,149
10597,1,500,0,0,150,3,150,3,2.62804e+06,148,2573.33,150,149
10598,1,500,0,0,150,3,150,3,2.55138e+06,148,2496.67,150,149
10599,1,500,0,0,150,3,150,3,2.49604e+06,148,2441.33,150,149
10600,1,500,0,0,150,3,150,3,2.43271e+06,148,2378,150,149
10601,1,500,0,0,150,3,150,3,2.63038e+06,148,2575.67,150,149
10602,1,500,0,0,150,3,150,3,2.55304e+06,148,2498.33,150,149
10603,1,500,0,0,150,3,150,3,2.34371e+06,148,2289,150,149
10604,1,500,0,0,150,3,150,3,2.53171e+06,148,2477,150,149
10605,1,500,0,0,150,3,150,3,2.40971e+06,148,2355,150,149
10606,1,500,0,0,150,3,150,3,2.60038e+06,148,2545.67,150,149
10607,1,500,0,0,150,3,150,3,2.58038e+06,148,2525.67,150,149
10608,1,500,0,0,150,3,150,3,2.48704e+06,148,2432.33,150,149
10609,1,500,0,0,150,3,150,3,2.52704e+06,148,2472.33,150,149
10610,1,500,0,0,150,3,150,3,2.45638e+06,148,2401.67,150,149
10611,1,500,0,0,150,3,150,3,2.48471e+06,148,2430,150,149
10612,1,500,0,0,150,3,150,3,2.21004e+06,148,2155.33,150,149
10613,1,500,0,0,150,3,150,3,2.50371e+06,148,2449,150,149
10614,1,500,0,0,150,3,150,3,2.48071e+06,148,2426,150,149
10615,1,500,0,0,150,3,150,3,2.46038e+06,148,2405.67,150,149
10616,1,500,0,0,150,3,150,3,2.42371e+06,148,2369,150,149
10617,1,500,0,0,150,3,150,3,2.42671e+06,148,2372,150,149
10618,1,500,0,0,150,3,150,3,2.32238e+06,148,2267.67,150,149
10619,1,500,0,0,150,3,150,3,2.33038e+06,148,2275.67,150,149
10620,1,500,0,0,150,3,150,3,2.44504e+06,148,2390.33,150,149
10621,1,500,0,0,150,3,150,3,2.35804e+06,148,2303.33,150,149
10622,1,500,0,0,150,3,150,3,2.55804e+06,148,2503.33,150,149
10623,1,500,0,0,150,3,150,3,2.42604e+06,148,2371.33,150,149
10624,1,500,0,0,150,3,150,3,2.38471e+06,148,2330,150,149
10625,1,500,0,0,150,3,150,3,2.45404e+06,148,2399.33,150,149
10626,1,500,0,0,150,3,150,3,2.57738e+06,148,2522.67,150,149
10627,1,500,0,0,150,3,150,3,2.35538e+06,148,2300.67,150,149
10628,1,500,0,0,150,3,150,3,2.58338e+06,148,2528.67,150,149
10629,1,500,0,0,150,3,150,3,2.44538e+06,148,2390.67,150,149
10630,1,500,0,0,150,3,150,3,2.44571e+06,148,2391,150,149
10631,1,500,0,0,150,3,150,3,2.33471e+06,148,2280,150,149
10632,1,500,0,0,150,3,150,3,2.58104e+06,148,2526.33,150,149
10633,1,500,0,0,150,3,150,3,2.50738e+06,148,2452.67,150,149
10634,1,500,0,0,150,3,150,3,2.86204e+06,148,2807.33,150,149
10635,1,500,0,0,150,3,150,3,2.44238e+06,148,2387.67,150,149
10636,1,500,0,0,150,3,150,3,2.67604e+06,148,2621.33,150,149
10637,1,500,0,0,150,3,150,3,2.42271e+06,148,2368,150,149
10638,1,500,0,0,150,3,150,3,2.53571e+06,148,2481,150,149
10639,1,500,0,0,150,3,150,3,2.55604e+06,148,2501.33,150,149
10640,1,500,0,0,150,3,150,3,2.41404e+06,148,2359.33,150,149
10641,1,500,0,0,150,3,150,3,2.49838e+06,148,2443.67,150,149
10642,1,500,0,0,150,3,150,3,2.61238e+06,148,2557.67,150,149
10643,1,500,0,0,150,3,150,3,2.42071e+06,148,2366,150,149
10644,1,500,0,0,150,3,150,3,2.60038e+06,148,2545.67,150,149
10645,1,500,0,0,150,3,150,3,2.51904e+06,148,2464.33,150,149
10646,1,500,0,0,150,3,150,3,2.46838e+06,148,2413.67,150,149
10647,1,500,0,0,150,3,150,3,2.39038e+06,148,2335.67,150,149
10648,1,500,0,0,150,3,150,3,2.44971e+06,148,2395,150,149
10649,1,500,0,0,150,3,150,3,2.61771e+06,148,2563,150,149
10650,1,500,0,0,150,3,150,3,2.46938e+06,148,2414.67,150,149
10651,1,500,0,0,150,3,150,3,2.35671e+06,148,2302,150,149
10652,1,500,0,0,150,3,150,3,2.51571e+06,148,2461,150,149
10653,1,500,0,0,150,3,150,3,2.37704e+06,148,2322.33,150,149
10654,1,500,0,0,150,3,150,3,2.53071e+06,148,2476,150,149
10655,1,500,0,0,150,3,150,3,2.30071e+06,148,2246,150,149
10656,1,500,0,0,150,3,150,3,2.43371e+06,148,2379,150,149
10657,1,500,0,0,150,3,150,3,2.45804e+06,148,2403.33,150,149
10658,1,500,0,0,150,3,150,3,2.50704e+06,148,2452.33,150,149
10659,1,500,0,0,150,3,150,3,2.49904e+06,148,2444.33,150,149
10660,1,500,0,0,150,3,150,3,2.42304e+06,148,2368.33,150,149
10661,1,500,0,0,150,3,150,3,2.46704e+06,148,2412.33,150,149
10662,1,500,0,0,150,3,150,3,2.56538e+06,148,2510.67,150,149
10663,1,500,0,0,150,3,150,3,2.35338e+06,148,2298.67,150,149
10664,1,500,0,0,150,3,150,3,2.38671e+06,148,2332,150,149
10665,1,500,0,0,150,3,150,3,2.52171e+06,148,2467,150,149
10666,1,500,0,0,150,3,150,3,2.54471e+06,148,2490,150,149
10667,1,500,0,0,150,3,150,3,2.37071e+06,148,2316,150,149
10668,1,500,0,0,150,3,150,3,2.54404e+06,148,2489.33,150,149
10669,1,500,0,0,150,3,150,3,2.38038e+06,148,2325.67,150,149
10670,1,500,0,0,150,3,150,3,2.69738e+06,148,2642.67,150,149
10671,1,500,0,0,150,3,150,3,2.33804e+06,148,2283.33,150,149
10672,1,500,0,0,150,3,150,3,2.32538e+06,148,2270.67,150,149
10673,1,500,0,0,150,3,150,3,2.34671e+06,148,2292,150,149
10674,1,500,0,0,150,3,150,3,2.45538e+06,148,2400.67,150,149
10675,1,500,0,0,150,3,150,3,2.44538e+06,148,2390.67,150,149
10676,1,500,0,0,150,3,150,3,2.47438e+06,148,2419.67,150,149
10677,1,500,0,0,150,3,150,3,2.37571e+06,148,2321,150,149
10678,1,500,0,0,150,3,150,3,2.61604e+06,148,2561.33,150,149
10679,1,500,0,0,150,3,150,3,2.35471e+06,148,2300,150,149
10680,1,500,0,0,150,3,150,3,2.44404e+06,148,2389.33,150,149
10681,1,500,0,0,150,3,150,3,2.35871e+06,148,2304,150,149
10682,1,500,0,0,150,3,150,3,2.43704e+06,148,2382.33,150,149
10683,1,500,0,0,150,3,150,3,2.59304e+06,148,2538.33,150,149
10684,1,500,0,0,150,3,150,3,2.64104e+06,148,2586.33,150,149
10685,1,500,0,0,150,3,150,3,2.44004e+06,148,2385.33,150,149
10686,1,500,0,0,150,3,150,3,2.62638e+06,148,2571.67,150,149
10687,1,500,0,0,150,3,150,3,2.43038e+06,148,2375.67,150,149
10688,1,500,0,0,150,3,150,3,2.43871e+06,148,2384,150,149
10689,1,500,0,0,150,3,150,3,2.35038e+06,148,2295.67,150,149
10690,1,500,0,0,150,3,150,3,2.50004e+06,148,2445.33,150,149
10691,1,500,0,0,150,3,150,3,2.44638e+06,148,2391.67,150,149
10692,1,500,0,0,150,3,150,3,2.43171e+06,148,2377,150,149
10693,1,500,0,0,150,3,150,3,2.48838e+06,148,2433.67,150,149
10694,1,500,0,0,150,3,150,3,2.51338e+06,148,2458.67,150,149
10695,1,500,0,0,150,3,150,3,2.54204e+06,148,2487.33,150,149
10696,1,500,0,0,150,3,150,3,2.53004e+06,148,2475.33,150,149
10697,1,500,0,0,150,3,150,3,2.52171e+06,148,2467,150,149
10698,1,500,0,0,150,3,150,3,2.57238e+06,148,2517.67,150,149
10699,1,500,0,0,150,3,150,3,2.43971e+06,148,2385,150,149
10700,1,500,0,0,150,3,150,3,2.52504e+06,148,2470.33,150,149
10701,1,500,0,0,150,3,150,3,2.61504e+06,148,2560.33,150,149
10702,1,500,0,0,150,3,150,3,2.46804e+06,148,2413.33,150,149
10703,1,500,0,0,150,3,150,3,2.30671e+06,148,2252,150,149
10704,1,500,0,0,150,3,150,3,2.58771e+06,148,2533,150,149
10705,1,500,0,0,150,3,150,3,2.50938e+06,148,2454.67,150,149
10706,1,500,0,0,150,3,150,3,2.46038e+06,148,2405.67,150,149
10707,1,500,0,0,150,3,150,3,2.35304e+06,148,2298.33,150,149
10708,1,500,0,0,150,3,150,3,2.36238e+06,148,2307.67,150,149
10709,1,500,0,0,150,3,150,3,2.49704e+06,148,2442.33,150,149
10710,1,500,0,0,150,3,150,3,2.62371e+06,148,2569,150,149
10711,1,500,0,0,150,3,150,3,2.45738e+06,148,2402.67,150,149
10712,1,500,0,0,150,3,150,3,2.51604e+06,148,2461.33,150,149
10713,1,500,0,0,150,3,150,3,2.58038e+06,148,2525.67,150,149
10714,1,500,0,0,150,3,150,3,2.45771e+06,148,2403,150,149
10715,1,500,0,0,150,3,150,3,2.39904e+06,148,2344.33,150,149
10716,1,500,0,0,150,3,150,3,2.42271e+06,148,2368,150,149
10717,1,500,0,0,150,3,150,3,2.56538e+06,148,2510.67,150,149
10718,1,500,0,0,150,3,150,3,2.43704e+06,148,2382.33,150,149
10719,1,500,0,0,150,3,150,3,2.54238e+06,148,2487.67,150,149
10720,1,500,0,0,150,3,150,3,2.45938e+06,148,2404.67,150,149
10721,1,500,0,0,150,3,150,3,2.42771e+06,148,2373,150,149
10722,1,500,0,0,150,3,150,3,2.56738e+06,148,2512.67,150,149
10723,1,500,0,0,150,3,150,3,2.46704e+06,148,2412.33,150,149
10724,1,500,0,0,150,3,150,3,2.54571e+06,148,2491,150,149
10725,1,500,0,0,150,3,150,3,2.52771e+06,148,2473,150,149
10726,1,500,0,0,150,3,150,3,2.31904e+06,148,2264.33,150,149
10727,1,500,0,0,150,3,150,3,2.68738e+06,148,2632.67,150,149
10728,1,500,0,0,150,3,150,3,2.53271e+06,148,2478,150,149
10729,1,500,0,0,150,3,150,3,2.42504e+06,148,2370.33,150,149
10730,1,500,0,0,150,3,150,3,2.41171e+06,148,2357,150,149
10731,1,500,0,0,150,3,150,3,2.64704e+06,148,2592.33,150,149
10732,1,500,0,0,150,3,150,3,2.38204e+06,148,2327.33,150,149
10733,1,500,0,0,150,3,150,3,2.58104e+06,148,2526.33,150,149
10734,1,500,0,0,150,3,150,3,2.57771e+06,148,2523,150,149
10735,1,500,0,0,150,3,150,3,2.39504e+06,148,2340.33,150,149
10736,1,500,0,0,150,3,150,3,2.42538e+06,148,2370.67,150,149
10737,1,500,0,0,150,3,150,3,2.39371e+06,148,2339,150,149
10738,1,500,0,0,150,3,150,3,2.29904e+06,148,2244.33,150,149
10739,1,500,0,0,150,3,150,3,2.45138e+06,148,2396.67,150,149
10740,1,500,0,0,150,3,150,3,2.43538e+06,148,2380.67,150,149
10741,1,500,0,0,150,3,150,3,2.49004e+06,148,2435.33,150,149
10742,1,500,0,0,150,3,150,3,2.55138e+06,148,2496.67,150,149
10743,1,500,0,0,150,3,150,3,2.38671e+06,148,2332,150,149
10744,1,500,0,0,150,3,150,3,2.29671e+06,148,2242,150,149
10745,1,500,0,0,150,3,150,3,2.45271e+06,148,2398,150,149
10746,1,500,0,0,150,3,150,3,2.37238e+06,148,2317.67,150,149
10747,1,500,0,0,150,3,150,3,2.24338e+06,148,2188.67,150,149
10748,1,500,0,0,150,3,150,3,2.37504e+06,148,2320.33,150,149
10749,1,500,0,0,150,3,150,3,2.77504e+06,148,2720.33,150,149
10750,1,500,0,0,150,3,150,3,2.52171e+06,148,2467,150,149
10751,1,500,0,0,150,3,150,3,2.52271e+06,148,2468,150,149
10752,1,500,0,0,150,3,150,3,2.53238e+06,148,2477.67,150,149
10753,1,500,0,0,150,3,150,3,2.46804e+06,148,2413.33,150,149
10754,1,500,0,0,150,3,150,3,2.54671e+06,148,2492,150,149
10755,1,500,0,0,150,3,150,3,2.46038e+06,148,2405.67,150,149
10756,1,500,0,0,150,3,150,3,2.47438e+06,148,2419.67,150,149
10757,1,500,0,0,150,3,150,3,2.43138e+06,148,2376.67,150,149
10758,1,500,0,0,150,3,150,3,2.55404e+06,148,2499.33,150,149
10759,1,500,0,0,150,3,150,3,2.48871e+06,148,2434,150,149
10760,1,500,0,0,150,3,150,3,2.34538e+06,148,2290.67,150,149
10761,1,500,0,0,150,3,150,3,2.38104e+06,148,2326.33,150,149
10762,1,500,0,0,150,3,150,3,2.39338e+06,148,2338.67,150,149
10763,1,500,0,0,150,3,150,3,2.37238e+06,148,2317.67,150,149
10764,1,500,0,0,150,3,150,3,2.56804e+06,148,2513.33,150,149
10765,1,500,0,0,150,3,150,3,2.52971e+06,148,2475,150,149
10766,1,500,0,0,150,3,150,3,2.71504e+06,148,2660.33,150,149
10767,1,500,0,0,150,3,150,3,2.43638e+06,148,2381.67,150,149
10768,1,500,0,0,150,3,150,3,2.56771e+06,148,2513,150,149
10769,1,500,0,0,150,3,150,3,2.47304e+06,148,2418.33,150,149
10770,1,500,0,0,150,3,150,3,2.37671e+06,148,2322,150,149
10771,1,500,0,0,150,3,150,3,2.46638e+06,148,2411.67,150,149
10772,1,500,0,0,150,3,150,3,2.47371e+06,148,2419,150,149
10773,1,500,0,0,150,3,150,3,2.45971e+06,148,2405,150,149
10774,1,500,0,0,150,3,150,3,2.43104e+06,148,2376.33,150,149
10775,1,500,0,0,150,3,150,3,2.63238e+06,148,2577.67,150,149
10776,1,500,0,0,150,3,150,3,2.74904e+06,148,2694.33,150,149
10777,1,500,0,0,150,3,150,3,2.62204e+06,148,2567.33,150,149
10778,1,500,0,0,150,3,150,3,2.63604e+06,148,2581.33,150,149
10779,1,500,0,0,150,3,150,3,2.52238e+06,148,2467.67,150,149
10780,1,500,0,0,150,3,150,3,2.49838e+06,148,2443.67,150,149
10781,1,500,0,0,150,3,150,3,2.58771e+06,148,2533,150,149
10782,1,500,0,0,150,3,150,3,2.45271e+06,148,2398,150,149
10783,1,500,0,0,150,3,150,3,2.63571e+06,148,2581,150,149
10784,1,500,0,0,150,3,150,3,2.49971e+06,148,2445,150,149
10785,1,500,0,0,150,3,150,3,2.52438e+06,148,2469.67,150,149
10786,1,500,0,0,150,3,150,3,2.35538e+06,148,2300.67,150,149
10787,1,500,0,0,150,3,150,3,2.44071e+06,148,2386,150,149
10788,1,500,0,0,150,3,150,3,2.35371e+06,148,2299,150,149
10789,1,500,0,0,150,3,150,3,2.48171e+06,148,2427,150,149
10790,1,500,0,0,150,3,150,3,2.58204e+06,148,2527.33,150,149
10791,1,500,0,0,150,3,150,3,2.62971e+06,148,2575,150,149
10792,1,500,0,0,150,3,150,3,2.36004e+06,148,2305.33,150,149
10793,1,500,0,0,150,3,150,3,2.44671e+06,148,2392,150,149
10794,1,500,0,0,150,3,150,3,2.57571e+06,148,2521,150,149
10795,1,500,0,0,150,3,150,3,2.45571e+06,148,2401,150,149
10796,1,500,0,0,150,3,150,3,2.58571e+06,148,2531,150,149
10797,1,500,0,0,150,3,150,3,2.48604e+06,148,2431.33,150,149
10798,1,500,0,0,150,3,150,3,2.57271e+06,148,2518,150,149
10799,1,500,0,0,150,3,150,3,2.66971e+06,148,2615,150,149
10800,1,500,0,0,150,3,150,3,2.58738e+06,148,2532.67,150,149
10801,1,500,0,0,150,3,150,3,2.40104e+06,148,2346.33,150,149
10802,1,500,0,0,150,3,150,3,2.40404e+06,148,2349.33,150,149
10803,1,500,0,0,150,3,150,3,2.53071e+06,148,2476,150,149
10804,1,500,0,0,150,3,150,3,2.47504e+06,148,2420.33,150,149
10805,1,500,0,0,150,3,150,3,2.40938e+06,148,2354.67,150,149
10806,1,500,0,0,150,3,150,3,2.64571e+06,148,2591,150,149
10807,1,500,0,0,150,3,150,3,2.36171e+06,148,2307,150,149
10808,1,500,0,0,150,3,150,3,2.57338e+06,148,2518.67,150,149
10809,1,500,0,0,150,3,150,3,2.34171e+06,148,2287,150,149
10810,1,500,0,0,150,3,150,3,2.24538e+06,148,2190.67,150,149
10811,1,500,0,0,150,3,150,3,2.59338e+06,148,2538.67,150,149
10812,1,500,0,0,150,3,150,3,2.42171e+06,148,2367,150,149
10813,1,500,0,0,150,3,150,3,2.43138e+06,148,2376.67,150,149
10814,1,500,0,0,150,3,150,3,2.61971e+06,148,2565,150,149
10815,1,500,0,0,150,3,150,3,2.52971e+06,148,2475,150,149
10816,1,500,0,0,150,3,150,3,2.63704e+06,148,2582.33,150,149
10817,1,500,0,0,150,3,150,3,2.45838e+06,148,2403.67,150,149
10818,1,500,0,0,150,3,150,3,2.45371e+06,148,2399,150,149
10819,1,500,0,0,150,3,150,3,2.65304e+06,148,2598.33,150,149
10820,1,500,0,0,150,3,150,3,2.39171e+06,148,2337,150,149
10821,1,500,0,0,150,3,150,3,2.48304e+06,148,2428.33,150,149
10822,1,500,0,0,150,3,150,3,2.41871e+06,148,2364,150,149
10823,1,500,0,0,150,3,150,3,2.54438e+06,148,2489.67,150,149
10824,1,500,0,0,150,3,150,3,2.46904e+06,148,2414.33,150,149
10825,1,500,0,0,150,3,150,3,2.54938e+06,148,2494.67,150,149
10826,1,500,0,0,150,3,150,3,2.39404e+06,148,2339.33,150,149
10827,1,500,0,0,150,3,150,3,2.56771e+06,148,2513,150,149
10828,1,500,0,0,150,3,150,3,2.49104e+06,148,2436.33,150,149
10829,1,500,0,0,150,3,150,3,2.45438e+06,148,2399.67,150,149
10830,1,500,0,0,150,3,150,3,2.44471e+06,148,2390,150,149
10831,1,500,0,0,150,3,150,3,2.37338e+06,148,2318.67,150,149
10832,1,500,0,0,150,3,150,3,2.48071e+06,148,2426,150,149
10833,1,500,0,0,150,3,150,3,2.47304e+06,148,2418.33,150,149
10834,1,500,0,0,150,3,150,3,2.57071e+06,148,2516,150,149
10835,1,500,0,0,150,3,150,3,2.65538e+06,148,2600.67,150,149
10836,1,500,0,0,150,3,150,3,2.50438e+06,148,2449.67,150,149
10837,1,500,0,0,150,3,150,3,2.35838e+06,148,2303.67,150,149
10838,1,500,0,0,150,3,150,3,2.48804e+06,148,2433.33,150,149
10839,1,500,0,0,150,3,150,3,2.66971e+06,148,2615,150,149
10840,1,500,0,0,150,3,150,3,2.47938e+06,148,2424.67,150,149
10841,1,500,0,0,150,3,150,3,2.57304e+06,148,2518.33,150,149
10842,1,500,0,0,150,3,150,3,2.44938e+06,148,2394.67,150,149
10843,1,500,0,0,150,3,150,3,2.55071e+06,148,2496,150,149
10844,1,500,0,0,150,3,150,3,2.28238e+06,148,2227.67,150,149
10845,1,500,0,0,150,3,150,3,2.42571e+06,148,2371,150,149
10846,1,500,0,0,150,3,150,3,2.55138e+06,148,2496.67,150,149
10847,1,500,0,0,150,3,150,3,2.56171e+06,148,2507,150,149
10848,1,500,0,0,150,3,150,3,2.53204e+06,148,2477.33,150,149
10849,1,500,0,0,150,3,150,3,2.28804e+06,148,2233.33,150,149
10850,1,500,0,0,150,3,150,3,2.54271e+06,148,2488,150,149
10851,1,500,0,0,150,3,150,3,2.56438e+06,148,2509.67,150,149
10852,1,500,0,0,150,3,150,3,2.55304e+06,148,2498.33,150,149
10853,1,500,0,0,150,3,150,3,2.69838e+06,148,2643.67,150,149
10854,1,500,0,0,150,3,150,3,2.29104e+06,148,2236.33,150,149
10855,1,500,0,0,150,3,150,3,2.61571e+06,148,2561,150,149
10856,1,500,0,0,150,3,150,3,2.41671e+06,148,2362,150,149
10857,1,500,0,0,150,3,150,3,2.48671e+06,148,2432,150,149
10858,1,500,0,0,150,3,150,3,2.50304e+06,148,2448.33,150,149
10859,1,500,0,0,150,3,150,3,2.52404e+06,148,2469.33,150,149
10860,1,500,0,0,150,3,150,3,2.61071e+06,148,2556,150,149
10861,1,500,0,0,150,3,150,3,2.48071e+06,148,2426,150,149
10862,1,500,0,0,150,3,150,3,2.51604e+06,148,2461.33,150,149
10863,1,500,0,0,150,3,150,3,2.55638e+06,148,2501.67,150,149
10864,1,500,0,0,150,3,150,3,2.49004e+06,148,2435.33,150,149
10865,1,500,0,0,150,3,150,3,2.34704e+06,148,2292.33,150,149
10866,1,500,0,0,150,3,150,3,2.43971e+06,148,2385,150,149
10867,1,500,0,0,150,3,150,3,2.51971e+06,148,2465,150,149
10868,1,500,0,0,150,3,150,3,2.50438e+06,148,2449.67,150,149
10869,1,500,0,0,150,3,150,3,2.46238e+06,148,2407.67,150,149
10870,1,500,0,0,150,3,150,3,2.46704e+06,148,2412.33,150,149
10871,1,500,0,0,150,3,150,3,2.46204e+06,148,2407.33,150,149
10872,1,500,0,0,150,3,150,3,2.39704e+06,148,2342.33,150,149
10873,1,500,0,0,150,3,150,3,2.50504e+06,148,2450.33,150,149
10874,1,500,0,0,150,3,150,3,2.24238e+06,148,2187.67,150,149
10875,1,500,0,0,150,3,150,3,2.56938e+06,148,2514.67,150,149
10876,1,500,0,0,150,3,150,3,2.45304e+06,148,2398.33,150,149
10877,1,500,0,0,150,3,150,3,2.50338e+06,148,2448.67,150,149
10878,1,500,0,0,150,3,150,3,2.26904e+06,148,2214.33,150,149
10879,1,500,0,0,150,3,150,3,2.37904e+06,148,2324.33,150,149
10880,1,500,0,0,150,3,150,3,2.34304e+06,148,2288.33,150,149
10881,1,500,0,0,150,3,150,3,2.53871e+06,148,2484,150,149
10882,1,500,0,0,150,3,150,3,2.32904e+06,148,2274.33,150,149
10883,1,500,0,0,150,3,150,3,2.59871e+06,148,2544,150,149
10884,1,500,0,0,150,3,150,3,2.51838e+06,148,2463.67,150,149
10885,1,500,0,0,150,3,150,3,2.43904e+06,148,2384.33,150,149
10886,1,500,0,0,150,3,150,3,2.56471e+06,148,2510,150,149
10887,1,500,0,0,150,3,150,3,2.59804e+06,148,2543.33,150,149
10888,1,500,0,0,150,3,150,3,2.21371e+06,148,2159,150,149
10889,1,500,0,0,150,3,150,3,2.52904e+06,148,2474.33,150,149
10890,1,500,0,0,150,3,150,3,2.38104e+06,148,2326.33,150,149
10891,1,500,0,0,150,3,150,3,2.46204e+06,148,2407.33,150,149
10892,1,500,0,0,150,3,150,3,2.34738e+06,148,2292.67,150,149
10893,1,500,0,0,150,3,150,3,2.45871e+06,148,2404,150,149
10894,1,500,0,0,150,3,150,3,2.47804e+06,148,2423.33,150,149
10895,1,500,0,0,150,3,150,3,2.43971e+06,148,2385,150,149
10896,1,500,0,0,150,3,150,3,2.60304e+06,148,2548.33,150,149
10897,1,500,0,0,150,3,150,3,2.44438e+06,148,2389.67,150,149
10898,1,500,0,0,150,3,150,3,2.53738e+06,148,2482.67,150,149
10899,1,500,0,0,150,3,150,3,2.47971e+06,148,2425,150,149
10900,1,500,0,0,150,3,150,3,2.46571e+06,148,2411,150,149
10901,1,500,0,0,150,3,150,3,2.50404e+06,148,2449.33,150,149
10902,1,500,0,0,150,3,150,3,2.47871e+06,148,2424,150,149
10903,1,500,0,0,150,3,150,3,2.58371e+06,148,2529,150,149
10904,1,500,0,0,150,3,150,3,2.55004e+06,148,2495.33,150,149
10905,1,500,0,0,150,3,150,3,2.37638e+06,148,2321.67,150,149
10906,1,500,0,0,150,3,150,3,2.41271e+06,148,2358,150,149
10907,1,500,0,0,150,3,150,3,2.52904e+06,148,2474.33,150,149
10908,1,500,0,0,150,3,150,3,2.56171e+06,148,2507,150,149
10909,1,500,0,0,150,3,150,3,2.47538e+06,148,2420.67,150,149
10910,1,500,0,0,150,3,150,3,2.48204e+06,148,2427.33,150,149
10911,1,500,0,0,150,3,150,3,2.31171e+06,148,2257,150,149
10912,1,500,0,0,150,3,150,3,2.37838e+06,148,2323.67,150,149
10913,1,500,0,0,150,3,150,3,2.53638e+06,148,2481.67,150,149
10914,1,500,0,0,150,3,150,3,2.45804e+06,148,2403.33,150,149
10915,1,500,0,0,150,3,150,3,2.42971e+06,148,2375,150,149
10916,1,500,0,0,150,3,150,3,2.51438e+06,148,2459.67,150,149
10917,1,500,0,0,150,3,150,3,2.63204e+06,148,2577.33,150,149
10918,1,500,0,0,150,3,150,3,2.34271e+06,148,2288,150,149
10919,1,500,0,0,150,3,150,3,2.46538e+06,148,2410.67,150,149
10920,1,500,0,0,150,3,150,3,2.47971e+06,148,2425,150,149
10921,1,500,0,0,150,3,150,3,2.65504e+06,148,2600.33,150,149
10922,1,500,0,0,150,3,150,3,2.68904e+06,148,2634.33,150,149
10923,1,500,0,0,150,3,150,3,2.48304e+06,148,2428.33,150,149
10924,1,500,0,0,150,3,150,3,2.47871e+06,148,2424,150,149
10925,1,500,0,0,150,3,150,3,2.48404e+06,148,2429.33,150,149
10926,1,500,0,0,150,3,150,3,2.29338e+06,148,2238.67,150,149
10927,1,500,0,0,150,3,150,3,2.40238e+06,148,2347.67,150,149
10928,1,500,0,0,150,3,150,3,2.57138e+06,148,2516.67,150,149
10929,1,500,0,0,150,3,150,3,2.39271e+06,148,2338,150,149
10930,1,500,0,0,150,3,150,3,2.52904e+06,148,2474.33,150,149
10931,1,500,0,0,150,3,150,3,2.53604e+06,148,2481.33,150,149
10932,1,500,0,0,150,3,150,3,2.41804e+06,148,2363.33,150,149
10933,1,500,0,0,150,3,150,3,2.27504e+06,148,2220.33,150,149
10934,1,500,0,0,150,3,150,3,2.51538e+06,148,2460.67,150,149
10935,1,500,0,0,150,3,150,3,2.60004e+06,148,2545.33,150,149
10936,1,500,0,0,150,3,150,3,2.62171e+06,148,2567,150,149
10937,1,500,0,0,150,3,150,3,2.50438e+06,148,2449.67,150,149
10938,1,500,0,0,150,3,150,3,2.69538e+06,148,2640.67,150,149
10939,1,500,0,0,150,3,150,3,2.31004e+06,148,2255.33,150,149
10940,1,500,0,0,150,3,150,3,2.42838e+06,148,2373.67,150,149
10941,1,500,0,0,150,3,150,3,2.24104e+06,148,2186.33,150,149
10942,1,500,0,0,150,3,150,3,2.34704e+06,148,2292.33,150,149
10943,1,500,0,0,150,3,150,3,2.58304e+06,148,2528.33,150,149
10944,1,500,0,0,150,3,150,3,2.57404e+06,148,2519.33,150,149
10945,1,500,0,0,150,3,150,3,2.36704e+06,148,2312.33,150,149
10946,1,500,0,0,150,3,150,3,2.30704e+06,148,2252.33,150,149
10947,1,500,0,0,150,3,150,3,2.38838e+06,148,2333.67,150,149
10948,1,500,0,0,150,3,150,3,2.69404e+06,148,2639.33,150,149
10949,1,500,0,0,150,3,150,3,2.24338e+06,148,2188.67,150,149
10950,1,500,0,0,150,3,150,3,2.50538e+06,148,2450.67,150,149
10951,1,500,0,0,150,3,150,3,2.49304e+06,148,2438.33,150,149
10952,1,500,0,0,150,3,150,3,2.28371e+06,148,2229,150,149
10953,1,500,0,0,150,3,150,3,2.24871e+06,148,2194,150,149
10954,1,500,0,0,150,3,150,3,2.67471e+06,148,2620,150,149
10955,1,500,0,0,150,3,150,3,2.32438e+06,148,2269.67,150,149
10956,1,500,0,0,150,3,150,3,2.43004e+06,148,2375.33,150,149
10957,1,500,0,0,150,3,150,3,2.45738e+06,148,2402.67,150,149
10958,1,500,0,0,150,3,150,3,2.33838e+06,148,2283.67,150,149
10959,1,500,0,0,150,3,150,3,2.27004e+06,148,2215.33,150,149
10960,1,500,0,0,150,3,150,3,2.39171e+06,148,2337,150,149
10961,1,500,0,0,150,3,150,3,2.60538e+06,148,2550.67,150,149
10962,1,500,0,0,150,3,150,3,2.37171e+06,148,2317,150,149
10963,1,500,0,0,150,3,150,3,2.70604e+06,148,2651.33,150,149
10964,1,500,0,0,150,3,150,3,2.49738e+06,148,2442.67,150,149
10965,1,500,0,0,150,3,150,3,2.33171e+06,148,2277,150,149
10966,1,500,0,0,150,3,150,3,2.54904e+06,148,2494.33,150,149
10967,1,500,0,0,150,3,150,3,2.45104e+06,148,2396.33,150,149
10968,1,500,0,0,150,3,150,3,2.64404e+06,148,2589.33,150,149
10969,1,500,0,0,150,3,150,3,2.50371e+06,148,2449,150,149
10970,1,500,0,0,150,3,150,3,2.45971e+06,148,2405,150,149
10971,1,500,0,0,150,3,150,3,2.46038e+06,148,2405.67,150,149
10972,1,500,0,0,150,3,150,3,2.40438e+06,148,2349.67,150,149
10973,1,500,0,0,150,3,150,3,2.43804e+06,148,2383.33,150,149
10974,1,500,0,0,150,3,150,3,2.57204e+06,148,2517.33,150,149
10975,1,500,0,0,150,3,150,3,2.57404e+06,148,2519.33,150,149
10976,1,500,0,0,150,3,150,3,2.33471e+06,148,2280,150,149
10977,1,500,0,0,150,3,150,3,2.84404e+06,148,2789.33,150,149
10978,1,500,0,0,150,3,150,3,2.38938e+06,148,2334.67,150,149
10979,1,500,0,0,150,3,150,3,2.31838e+06,148,2263.67,150,149
10980,1,500,0,0,150,3,150,3,2.44471e+06,148,2390,150,149
10981,1,500,0,0,150,3,150,3,2.49271e+06,148,2438,150,149
10982,1,500,0,0,150,3,150,3,2.37104e+06,148,2316.33,150,149
10983,1,500,0,0,150,3,150,3,2.40804e+06,148,2353.33,150,149
10984,1,500,0,0,150,3,150,3,2.52071e+06,148,2466,150,149
10985,1,500,0,0,150,3,150,3,2.42438e+06,148,2369.67,150,149
10986,1,500,0,0,150,3,150,3,2.31504e+06,148,2260.33,150,149
10987,1,500,0,0,150,3,150,3,2.46371e+06,148,2409,150,149
10988,1,500,0,0,150,3,150,3,2.49371e+06,148,2439,150,149
10989,1,500,0,0,150,3,150,3,2.64604e+06,148,2591.33,150,149
10990,1,500,0,0,150,3,150,3,2.61338e+06,148,2558.67,150,149
10991,1,500,0,0,150,3,150,3,2.43571e+06,148,2381,150,149
10992,1,500,0,0,150,3,150,3,2.55171e+06,148,2497,150,149
10993,1,500,0,0,150,3,150,3,2.35871e+06,148,2304,150,149
10994,1,500,0,0,150,3,150,3,2.49071e+06,148,2436,150,149
10995,1,500,0,0,150,3,150,3,2.52104e+06,148,2466.33,150,149
10996,1,500,0,0,150,3,150,3,2.32238e+06,148,2267.67,150,149
10997,1,500,0,0,150,3,150,3,2.47838e+06,148,2423.67,150,149
10998,1,500,0,0,150,3,150,3,2.50504e+06,148,2450.33,150,149
10999,1,500,0,0,150,3,150,3,2.59438e+06,148,2539.67,150,149
11000,1,500,0,0,150,3,150,3,2.47038e+06,148,2415.67,150,149
11001,1,500,0,0,150,3,150,3,2.62471e+06,148,2570,150,149
11002,1,500,0,0,150,3,150,3,2.28438e+06,148,2229.67,150,149
11003,1,500,0,0,150,3,150,3,2.62104e+06,148,2566.33,150,149
11004,1,500,0,0,150,3,150,3,2.50638e+06,148,2451.67,150,149
11005,1,500,0,0,150,3,150,3,2.69038e+06,148,2635.67,150,149
11006,1,500,0,0,150,3,150,3,2.31138e+06,148,2256.67,150,149
11007,1,500,0,0,150,3,150,3,2.33204e+06,148,2277.33,150,149
11008,1,500,0,0,150,3,150,3,2.19838e+06,148,2143.67,150,149
11009,1,500,0,0,150,3,150,3,2.49738e+06,148,2442.67,150,149
11010,1,500,0,0,150,3,150,3,2.54804e+06,148,2493.33,150,149
11011,1,500,0,0,150,3,150,3,2.63838e+06,148,2583.67,150,149
11012,1,500,0,0,150,3,150,3,2.44971e+06,148,2395,150,149
11013,1,500,0,0,150,3,150,3,2.51971e+06,148,2465,150,149
11014,1,500,0,0,150,3,150,3,2.28104e+06,148,2226.33,150,149
11015,1,500,0,0,150,3,150,3,2.53338e+06,148,2478.67,150,149
11016,1,500,0,0,150,3,150,3,2.40638e+06,148,2351.67,150,149
11017,1,500,0,0,150,3,150,3,2.40138e+06,148,2346.67,150,149
11018,1,500,0,0,150,3,150,3,2.37038e+06,148,2315.67,150,149
11019,1,500,0,0,150,3,150,3,2.66771e+06,148,2613,150,149
11020,1,500,0,0,150,3,150,3,2.44404e+06,148,2389.33,150,149
11021,1,500,0,0,150,3,150,3,2.60438e+06,148,2549.67,150,149
11022,1,500,0,0,150,3,150,3,2.46271e+06,148,2408,150,149
11023,1,500,0,0,150,3,150,3,2.45471e+06,148,2400,150,149
11024,1,500,0,0,150,3,150,3,2.52938e+06,148,2474.67,150,149
11025,1,500,0,0,150,3,150,3,2.45771e+06,148,2403,150,149
11026,1,500,0,0,150,3,150,3,2.34704e+06,148,2292.33,150,149
11027,1,500,0,0,150,3,150,3,2.43404e+06,148,2379.33,150,149
11028,1,500,0,0,150,3,150,3,2.48371e+06,148,2429,150,149
11029,1,500,0,0,150,3,150,3,2.36071e+06,148,2306,150,149
11030,1,500,0,0,150,3,150,3,2.42738e+06,148,2372.67,150,149
11031,1,500,0,0,150,3,150,3,2.39338e+06,148,2338.67,150,149
11032,1,500,0,0,150,3,150,3,2.61638e+06,148,2561.67,150,149
11033,1,500,0,0,150,3,150,3,2.46004e+06,148,2405.33,150,149
11034,1,500,0,0,150,3,150,3,2.49171e+06,148,2437,150,149
11035,1,500,0,0,150,3,150,3,2.37204e+06,148,2317.33,150,149
11036,1,500,0,0,150,3,150,3,2.65071e+06,148,2596,150,149
11037,1,500,0,0,150,3,150,3,2.29638e+06,148,2241.67,150,149
11038,1,500,0,0,150,3,150,3,2.54871e+06,148,2494,150,149
11039,1,500,0,0,150,3,150,3,2.35638e+06,148,2301.67,150,149
11040,1,500,0,0,150,3,150,3,2.30471e+06,148,2250,150,149
11041,1,500,0,0,150,3,150,3,2.49938e+06,148,2444.67,150,149
11042,1,500,0,0,150,3,150,3,2.73638e+06,148,2681.67,150,149
11043,1,500,0,0,150,3,150,3,2.47638e+06,148,2421.67,150,149
11044,1,500,0,0,150,3,150,3,2.48504e+06,148,2430.33,150,149
11045,1,500,0,0,150,3,150,3,2.35538e+06,148,2300.67,150,149
11046,1,500,0,0,150,3,150,3,2.36171e+06,148,2307,150,149
11047,1,500,0,0,150,3,150,3,2.55538e+06,148,2500.67,150,149
11048,1,500,0,0,150,3,150,3,2.44838e+06,148,2393.67,150,149
11049,1,500,0,0,150,3,150,3,2.26838e+06,148,2213.67,150,149
11050,1,500,0,0,150,3,150,3,2.66338e+06,148,2608.67,150,149
11051,1,500,0,0,150,3,150,3,2.67971e+06,148,2625,150,149
11052,1,500,0,0,150,3,150,3,2.34904e+06,148,2294.33,150,149
11053,1,500,0,0,150,3,150,3,2.44104e+06,148,2386.33,150,149
11054,1,500,0,0,150,3,150,3,2.39871e+06,148,2344,150,149
11055,1,500,0,0,150,3,150,3,2.35904e+06,148,2304.33,150,149
11056,1,500,0,0,150,3,150,3,2.38271e+06,148,2328,150,149
11057,1,500,0,0,150,3,150,3,2.69471e+06,148,2640,150,149
11058,1,500,0,0,150,3,150,3,2.69371e+06,148,2639,150,149
11059,1,500,0,0,150,3,150,3,2.47271e+06,148,2418,150,149
11060,1,500,0,0,150,3,150,3,2.41304e+06,148,2358.33,150,149
11061,1,500,0,0,150,3,150,3,2.66104e+06,148,2606.33,150,149
11062,1,500,0,0,150,3,150,3,2.33738e+06,148,2282.67,150,149
11063,1,500,0,0,150,3,150,3,2.75004e+06,148,2695.33,150,149
11064,1,500,0,0,150,3,150,3,2.36238e+06,148,2307.67,150,149
11065,1,500,0,0,150,3,150,3,2.55704e+06,148,2502.33,150,149
11066,1,500,0,0,150,3,150,3,2.39138e+06,148,2336.67,150,149
11067,1,500,0,0,150,3,150,3,2.43871e+06,148,2384,150,149
11068,1,500,0,0,150,3,150,3,2.35904e+06,148,2304.33,150,149
11069,1,500,0,0,150,3,150,3,2.74971e+06,148,2695,150,149
11070,1,500,0,0,150,3,150,3,2.34171e+06,148,2287,150,149
11071,1,500,0,0,150,3,150,3,2.49938e+06,148,2444.67,150,149
11072,1,500,0,0,150,3,150,3,2.44404e+06,148,2389.33,150,149
11073,1,500,0,0,150,3,150,3,2.33938e+06,148,2284.67,150,149
11074,1,500,0,0,150,3,150,3,2.26504e+06,148,2210.33,150,149
11075,1,500,0,0,150,3,150,3,2.51071e+06,148,2456,150,149
11076,1,500,0,0,150,3,150,3,2.23638e+06,148,2181.67,150,149
11077,1,500,0,0,150,3,150,3,2.56038e+06,148,2505.67,150,149
11078,1,500,0,0,150,3,150,3,2.41238e+06,148,2357.67,150,149
11079,1,500,0,0,150,3,150,3,2.54971e+06,148,2495,150,149
11080,1,500,0,0,150,3,150,3,2.34204e+06,148,2287.33,150,149
11081,1,500,0,0,150,3,150,3,2.62371e+06,148,2569,150,149
11082,1,500,0,0,150,3,150,3,2.60538e+06,148,2550.67,150,149
11083,1,500,0,0,150,3,150,3,2.56171e+06,148,2507,150,149
11084,1,500,0,0,150,3,150,3,2.42404e+06,148,2369.33,150,149
11085,1,500,0,0,150,3,150,3,2.57704e+06,148,2522.33,150,149
11086,1,500,0,0,150,3,150,3,2.30238e+06,148,2247.67,150,149
11087,1,500,0,0,150,3,150,3,2.44038e+06,148,2385.67,150,149
11088,1,500,0,0,150,3,150,3,2.44338e+06,148,2388.67,150,149
11089,1,500,0,0,150,3,150,3,2.61071e+06,148,2556,150,149
11090,1,500,0,0,150,3,150,3,2.61938e+06,148,2564.67,150,149
11091,1,500,0,0,150,3,150,3,2.40971e+06,148,2355,150,149
11092,1,500,0,0,150,3,150,3,2.50138e+06,148,2446.67,150,149
11093,1,500,0,0,150,3,150,3,2.38438e+06,148,2329.67,150,149
11094,1,500,0,0,150,3,150,3,2.54504e+06,148,2490.33,150,149
11095,1,500,0,0,150,3,150,3,2.57338e+06,148,2518.67,150,149
11096,1,500,0,0,150,3,150,3,2.65404e+06,148,2599.33,150,149
11097,1,500,0,0,150,3,150,3,2.35304e+06,148,2298.33,150,149
11098,1,500,0,0,150,3,150,3,2.38171e+06,148,2327,150,149
11099,1,500,0,0,150,3,150,3,2.52204e+06,148,2467.33,150,149
11100,1,500,0,0,150,3,150,3,2.44338e+06,148,2388.67,150,149
11101,1,500,0,0,150,3,150,3,2.41938e+06,148,2364.67,150,149
11102,1,500,0,0,150,3,150,3,2.33671e+06,148,2282,150,149
11103,1,500,0,0,150,3,150,3,2.39371e+06,148,2339,150,149
11104,1,500,0,0,150,3,150,3,2.60071e+06,148,2546,150,149
11105,1,500,0,0,150,3,150,3,2.39371e+06,148,2339,150,149
11106,1,500,0,0,150,3,150,3,2.69004e+06,148,2635.33,150,149
11107,1,500,0,0,150,3,150,3,2.51138e+06,148,2456.67,150,149
11108,1,500,0,0,150,3,150,3,2.58204e+06,148,2527.33,150,149
11109,1,500,0,0,150,3,150,3,2.63604e+06,148,2581.33,150,149
11110,1,500,0,0,150,3,150,3,2.39471e+06,148,2340,150,149
11111,1,500,0,0,150,3,150,3,2.61538e+06,148,2560.67,150,149
11112,1,500,0,0,150,3,150,3,2.64804e+06,148,2593.33,150,149
11113,1,500,0,0,150,3,150,3,2.58371e+06,148,2529,150,149
11114,1,500,0,0,150,3,150,3,2.52138e+06,148,2466.67,150,149
11115,1,500,0,0,150,3,150,3,2.54671e+06,148,2492,150,149
11116,1,500,0,0,150,3,150,3,2.57371e+06,148,2519,150,149
11117,1,500,0,0,150,3,150,3,2.36438e+06,148,2309.67,150,149
11118,1,500,0,0,150,3,150,3,2.38604e+06,148,2331.33,150,149
11119,1,500,0,0,150,3,150,3,2.49138e+06,148,2436.67,150,149
11120,1,500,0,0,150,3,150,3,2.53204e+06,148,2477.33,150,149
11121,1,500,0,0,150,3,150,3,2.37904e+06,148,2324.33,150,149
11122,1,500,0,0,150,3,150,3,2.48571e+06,148,2431,150,149
11123,1,500,0,0,150,3,150,3,2.46271e+06,148,2408,150,149
11124,1,500,0,0,150,3,150,3,2.22104e+06,148,2166.33,150,149
11125,1,500,0,0,150,3,150,3,2.70171e+06,148,2647,150,149
11126,1,500,0,0,150,3,150,3,2.48771e+06,148,2433,150,149
11127,1,500,0,0,150,3,150,3,2.58271e+06,148,2528,150,149
11128,1,500,0,0,150,3,150,3,2.41504e+06,148,2360.33,150,149
11129,1,500,0,0,150,3,150,3,2.33838e+06,148,2283.67,150,149
11130,1,500,0,0,150,3,150,3,2.52971e+06,148,2475,150,149
11131,1,500,0,0,150,3,150,3,2.58371e+06,148,2529,150,149
11132,1,500,0,0,150,3,150,3,2.40138e+06,148,2346.67,150,149
11133,1,500,0,0,150,3,150,3,2.57604e+06,148,2521.33,150,149
11134,1,500,0,0,150,3,150,3,2.51038e+06,148,2455.67,150,149
11135,1,500,0,0,150,3,150,3,2.56704e+06,148,2512.33,150,149
11136,1,500,0,0,150,3,150,3,2.67204e+06,148,2617.33,150,149
11137,1,500,0,0,150,3,150,3,2.52604e+06,148,2471.33,150,149
11138,1,500,0,0,150,3,150,3,2.40971e+06,148,2355,150,149
11139,1,500,0,0,150,3,150,3,2.50938e+06,148,2454.67,150,149
11140,1,500,0,0,150,3,150,3,2.41104e+06,148,2356.33,150,149
11141,1,500,0,0,150,3,150,3,2.45871e+06,148,2404,150,149
11142,1,500,0,0,150,3,150,3,2.44638e+06,148,2391.67,150,149
11143,1,500,0,0,150,3,150,3,2.58271e+06,148,2528,150,149
11144,1,500,0,0,150,3,150,3,2.69638e+06,148,2641.67,150,149
11145,1,500,0,0,150,3,150,3,2.55004e+06,148,2495.33,150,149
11146,1,500,0,0,150,3,150,3,2.65038e+06,148,2595.67,150,149
11147,1,500,0,0,150,3,150,3,2.49071e+06,148,2436,150,149
11148,1,500,0,0,150,3,150,3,2.42971e+06,148,2375,150,149
11149,1,500,0,0,150,3,150,3,2.29571e+06,148,2241,150,149
11150,1,500,0,0,150,3,150,3,2.49471e+06,148,2440,150,149
11151,1,500,0,0,150,3,150,3,2.49738e+06,148,2442.67,150,149
11152,1,500,0,0,150,3,150,3,2.50004e+06,148,2445.33,150,149
11153,1,500,0,0,150,3,150,3,2.51971e+06,148,2465,150,149
11154,1,500,0,0,150,3,150,3,2.50138e+06,148,2446.67,150,149
11155,1,500,0,0,150,3,150,3,2.28604e+06,148,2231.33,150,149
11156,1,500,0,0,150,3,150,3,2.52904e+06,148,2474.33,150,149
11157,1,500,0,0,150,3,150,3,2.36871e+06,148,2314,150,149
11158,1,500,0,0,150,3,150,3,2.30438e+06,148,2249.67,150,149
11159,1,500,0,0,150,3,150,3,2.26471e+06,148,2210,150,149
11160,1,500,0,0,150,3,150,3,2.42504e+06,148,2370.33,150,149
11161,1,500,0,0,150,3,150,3,2.49938e+06,148,2444.67,150,149
11162,1,500,0,0,150,3,150,3,2.45104e+06,148,2396.33,150,149
11163,1,500,0,0,150,3,150,3,2.65538e+06,148,2600.67,150,149
11164,1,500,0,0,150,3,150,3,2.54871e+06,148,2494,150,149
11165,1,500,0,0,150,3,150,3,2.59504e+06,148,2540.33,150,149
11166,1,500,0,0,150,3,150,3,2.43838e+06,148,2383.67,150,149
11167,1,500,0,0,150,3,150,3,2.31471e+06,148,2260,150,149
11168,1,500,0,0,150,3,150,3,2.31271e+06,148,2258,150,149
11169,1,500,0,0,150,3,150,3,2.58404e+06,148,2529.33,150,149
11170,1,500,0,0,150,3,150,3,2.47104e+06,148,2416.33,150,149
11171,1,500,0,0,150,3,150,3,2.55371e+06,148,2499,150,149
11172,1,500,0,0,150,3,150,3,2.44104e+06,148,2386.33,150,149
11173,1,500,0,0,150,3,150,3,2.67504e+06,148,2620.33,150,149
11174,1,500,0,0,150,3,150,3,2.46138e+06,148,2406.67,150,149
11175,1,500,0,0,150,3,150,3,2.50538e+06,148,2450.67,150,149
11176,1,500,0,0,150,3,150,3,2.57804e+06,148,2523.33,150,149
11177,1,500,0,0,150,3,150,3,2.58771e+06,148,2533,150,149
11178,1,500,0,0,150,3,150,3,2.58938e+06,148,2534.67,150,149
11179,1,500,0,0,150,3,150,3,2.53538e+06,148,2480.67,150,149
11180,1,500,0,0,150,3,150,3,2.39504e+06,148,2340.33,150,149
11181,1,500,0,0,150,3,150,3,2.69404e+06,148,2639.33,150,149
11182,1,500,0,0,150,3,150,3,2.44471e+06,148,2390,150,149
11183,1,500,0,0,150,3,150,3,2.50104e+06,148,2446.33,150,149
11184,1,500,0,0,150,3,150,3,2.36838e+06,148,2313.67,150,149
11185,1,500,0,0,150,3,150,3,2.56771e+06,148,2513,150,149
11186,1,500,0,0,150,3,150,3,2.32671e+06,148,2272,150,149
11187,1,500,0,0,150,3,150,3,2.63538e+06,148,2580.67,150,149
11188,1,500,0,0,150,3,150,3,2.54004e+06,148,2485.33,150,149
11189,1,500,0,0,150,3,150,3,2.48504e+06,148,2430.33,150,149
11190,1,500,0,0,150,3,150,3,2.54838e+06,148,2493.67,150,149
11191,1,500,0,0,150,3,150,3,2.80338e+06,148,2748.67,150,149
11192,1,500,0,0,150,3,150,3,2.51838e+06,148,2463.67,150,149
11193,1,500,0,0,150,3,150,3,2.47938e+06,148,2424.67,150,149
11194,1,500,0,0,150,3,150,3,2.45304e+06,148,2398.33,150,149
11195,1,500,0,0,150,3,150,3,2.52171e+06,148,2467,150,149
11196,1,500,0,0,150,3,150,3,2.45271e+06,148,2398,150,149
11197,1,500,0,0,150,3,150,3,2.67838e+06,148,2623.67,150,149
11198,1,500,0,0,150,3,150,3,2.49938e+06,148,2444.67,150,149
11199,1,500,0,0,150,3,150,3,2.67138e+06,148,2616.67,150,149
11200,1,500,0,0,150,3,150,3,2.64571e+06,148,2591,150,149
11201,1,500,0,0,150,3,150,3,2.38238e+06,148,2327.67,150,149
11202,1,500,0,0,150,3,150,3,2.31738e+06,148,2262.67,150,149
11203,1,500,0,0,150,3,150,3,2.35538e+06,148,2300.67,150,149
11204,1,500,0,0,150,3,150,3,2.60638e+06,148,2551.67,150,149
11205,1,500,0,0,150,3,150,3,2.42104e+06,148,2366.33,150,149
11206,1,500,0,0,150,3,150,3,2.54238e+06,148,2487.67,150,149
11207,1,500,0,0,150,3,150,3,2.44804e+06,148,2393.33,150,149
11208,1,500,0,0,150,3,150,3,2.49338e+06,148,2438.67,150,149
11209,1,500,0,0,150,3,150,3,2.53171e+06,148,2477,150,149
11210,1,500,0,0,150,3,150,3,2.47638e+06,148,2421.67,150,149
11211,1,500,0,0,150,3,150,3,2.41704e+06,148,2362.33,150,149
11212,1,500,0,0,150,3,150,3,2.41104e+06,148,2356.33,150,149
11213,1,500,0,0,150,3,150,3,2.34304e+06,148,2288.33,150,149
11214,1,500,0,0,150,3,150,3,2.64471e+06,148,2590,150,149
11215,1,500,0,0,150,3,150,3,2.46104e+06,148,2406.33,150,149
11216,1,500,0,0,150,3,150,3,2.52971e+06,148,2475,150,149
11217,1,500,0,0,150,3,150,3,2.58104e+06,148,2526.33,150,149
11218,1,500,0,0,150,3,150,3,2.37171e+06,148,2317,150,149
11219,1,500,0,0,150,3,150,3,2.42238e+06,148,2367.67,150,149
11220,1,500,0,0,150,3,150,3,2.58471e+06,148,2530,150,149
11221,1,500,0,0,150,3,150,3,2.59504e+06,148,2540.33,150,149
11222,1,500,0,0,150,3,150,3,2.39238e+06,148,2337.67,150,149
11223,1,500,0,0,150,3,150,3,2.47804e+06,148,2423.33,150,149
11224,1,500,0,0,150,3,150,3,2.46338e+06,148,2408.67,150,149
11225,1,500,0,0,150,3,150,3,2.30304e+06,148,2248.33,150,149
11226,1,500,0,0,150,3,150,3,2.68871e+06,148,2634,150,149
11227,1,500,0,0,150,3,150,3,2.32338e+06,148,2268.67,150,149
11228,1,500,0,0,150,3,150,3,2.41438e+06,148,2359.67,150,149
11229,1,500,0,0,150,3,150,3,2.42871e+06,148,2374,150,149
11230,1,500,0,0,150,3,150,3,2.51871e+06,148,2464,150,149
11231,1,500,0,0,150,3,150,3,2.55104e+06,148,2496.33,150,149
11232,1,500,0,0,150,3,150,3,2.62204e+06,148,2567.33,150,149
11233,1,500,0,0,150,3,150,3,2.62338e+06,148,2568.67,150,149
11234,1,500,0,0,150,3,150,3,2.45204e+06,148,2397.33,150,149
11235,1,500,0,0,150,3,150,3,2.54504e+06,148,2490.33,150,149
11236,1,500,0,0,150,3,150,3,2.45104e+06,148,2396.33,150,149
11237,1,500,0,0,150,3,150,3,2.48838e+06,148,2433.67,150,149
11238,1,500,0,0,150,3,150,3,2.43604e+06,148,2381.33,150,149
11239,1,500,0,0,150,3,150,3,2.48604e+06,148,2431.33,150,149
11240,1,500,0,0,150,3,150,3,2.41204e+06,148,2357.33,150,149
11241,1,500,0,0,150,3,150,3,2.52571e+06,148,2471,150,149
11242,1,500,0,0,150,3,150,3,2.50304e+06,148,2448.33,150,149
11243,1,500,0,0,150,3,150,3,2.41504e+06,148,2360.33,150,149
11244,1,500,0,0,150,3,150,3,2.36038e+06,148,2305.67,150,149
11245,1,500,0,0,150,3,150,3,2.70404e+06,148,2649.33,150,149
11246,1,500,0,0,150,3,150,3,2.63704e+06,148,2582.33,150,149
11247,1,500,0,0,150,3,150,3,2.49804e+06,148,2443.33,150,149
11248,1,500,0,0,150,3,150,3,2.56671e+06,148,2512,150,149
11249,1,500,0,0,150,3,150,3,2.49838e+06,148,2443.67,150,149
11250,1,500,0,0,150,3,150,3,2.60804e+06,148,2553.33,150,149
11251,1,500,0,0,150,3,150,3,2.45704e+06,148,2402.33,150,149
11252,1,500,0,0,150,3,150,3,2.43404e+06,148,2379.33,150,149
11253,1,500,0,0,150,3,150,3,2.63471e+06,148,2580,150,149
11254,1,500,0,0,150,3,150,3,2.61038e+06,148,2555.67,150,149
11255,1,500,0,0,150,3,150,3,2.44838e+06,148,2393.67,150,149
11256,1,500,0,0,150,3,150,3,2.45738e+06,148,2402.67,150,149
11257,1,500,0,0,150,3,150,3,2.44404e+06,148,2389.33,150,149
11258,1,500,0,0,150,3,150,3,2.34771e+06,148,2293,150,149
11259,1,500,0,0,150,3,150,3,2.47671e+06,148,2422,150,149
11260,1,500,0,0,150,3,150,3,2.57238e+06,148,2517.67,150,149
11261,1,500,0,0,150,3,150,3,2.56204e+06,148,2507.33,150,149
11262,1,500,0,0,150,3,150,3,2.45838e+06,148,2403.67,150,149
11263,1,500,0,0,150,3,150,3,2.39571e+06,148,2341,150,149
11264,1,500,0,0,150,3,150,3,2.45471e+06,148,2400,150,149
11265,1,500,0,0,150,3,150,3,2.41638e+06,148,2361.67,150,149
11266,1,500,0,0,150,3,150,3,2.43571e+06,148,2381,150,149
11267,1,500,0,0,150,3,150,3,2.35804e+06,148,2303.33,150,149
11268,1,500,0,0,150,3,150,3,2.41938e+06,148,2364.67,150,149
11269,1,500,0,0,150,3,150,3,2.60304e+06,148,2548.33,150,149
11270,1,500,0,0,150,3,150,3,2.60604e+06,148,2551.33,150,149
11271,1,500,0,0,150,3,150,3,2.34804e+06,148,2293.33,150,149
11272,1,500,0,0,150,3,150,3,2.53938e+06,148,2484.67,150,149
11273,1,500,0,0,150,3,150,3,2.39371e+06,148,2339,150,149
11274,1,500,0,0,150,3,150,3,2.37704e+06,148,2322.33,150,149
11275,1,500,0,0,150,3,150,3,2.56504e+06,148,2510.33,150,149
11276,1,500,0,0,150,3,150,3,2.52204e+06,148,2467.33,150,149
11277,1,500,0,0,150,3,150,3,2.52071e+06,148,2466,150,149
11278,1,500,0,0,150,3,150,3,2.34604e+06,148,2291.33,150,149
11279,1,500,0,0,150,3,150,3,2.38838e+06,148,2333.67,150,149
11280,1,500,0,0,150,3,150,3,2.42238e+06,148,2367.67,150,149
11281,1,500,0,0,150,3,150,3,2.54804e+06,148,2493.33,150,149
11282,1,500,0,0,150,3,150,3,2.64604e+06,148,2591.33,150,149
11283,1,500,0,0,150,3,150,3,2.55371e+06,148,2499,150,149
11284,1,500,0,0,150,3,150,3,2.56004e+06,148,2505.33,150,149
11285,1,500,0,0,150,3,150,3,2.49604e+06,148,2441.33,150,149
11286,1,500,0,0,150,3,150,3,2.46804e+06,148,2413.33,150,149
11287,1,500,0,0,150,3,150,3,2.51538e+06,148,2460.67,150,149
11288,1,500,0,0,150,3,150,3,2.70538e+06,148,2650.67,150,149
11289,1,500,0,0,150,3,150,3,2.65304e+06,148,2598.33,150,149
11290,1,500,0,0,150,3,150,3,2.44104e+06,148,2386.33,150,149
11291,1,500,0,0,150,3,150,3,2.47738e+06,148,2422.67,150,149
11292,1,500,0,0,150,3,150,3,2.43838e+06,148,2383.67,150,149
11293,1,500,0,0,150,3,150,3,2.42438e+06,148,2369.67,150,149
11294,1,500,0,0,150,3,150,3,2.43804e+06,148,2383.33,150,149
11295,1,500,0,0,150,3,150,3,2.65004e+06,148,2595.33,150,149
11296,1,500,0,0,150,3,150,3,2.40304e+06,148,2348.33,150,149
11297,1,500,0,0,150,3,150,3,2.54971e+06,148,2495,150,149
11298,1,500,0,0,150,3,150,3,2.60404e+06,148,2549.33,150,149
11299,1,500,0,0,150,3,150,3,2.60504e+06,148,2550.33,150,149
11300,1,500,0,0,150,3,150,3,2.35971e+06,148,2305,150,149
11301,1,500,0,0,150,3,150,3,2.48738e+06,148,2432.67,150,149
11302,1,500,0,0,150,3,150,3,2.45738e+06,148,2402.67,150,149
11303,1,500,0,0,150,3,150,3,2.42571e+06,148,2371,150,149
11304,1,500,0,0,150,3,150,3,2.59071e+06,148,2536,150,149
11305,1,500,0,0,150,3,150,3,2.52971e+06,148,2475,150,149
11306,1,500,0,0,150,3,150,3,2.55771e+06,148,2503,150,149
11307,1,500,0,0,150,3,150,3,2.41438e+06,148,2359.67,150,149
11308,1,500,0,0,150,3,150,3,2.41971e+06,148,2365,150,149
11309,1,500,0,0,150,3,150,3,2.50871e+06,148,2454,150,149
11310,1,500,0,0,150,3,150,3,2.51471e+06,148,2460,150,149
11311,1,500,0,0,150,3,150,3,2.48304e+06,148,2428.33,150,149
11312,1,500,0,0,150,3,150,3,2.56104e+06,148,2506.33,150,149
11313,1,500,0,0,150,3,150,3,2.46238e+06,148,2407.67,150,149
11314,1,500,0,0,150,3,150,3,2.46038e+06,148,2405.67,150,149
11315,1,500,0,0,150,3,150,3,2.52004e+06,148,2465.33,150,149
11316,1,500,0,0,150,3,150,3,2.52338e+06,148,2468.67,150,149
11317,1,500,0,0,150,3,150,3,2.41438e+06,148,2359.67,150,149
11318,1,500,0,0,150,3,150,3,2.46071e+06,148,2406,150,149
11319,1,500,0,0,150,3,150,3,2.59338e+06,148,2538.67,150,149
11320,1,500,0,0,150,3,150,3,2.39204e+06,148,2337.33,150,149
11321,1,500,0,0,150,3,150,3,2.32971e+06,148,2275,150,149
11322,1,500,0,0,150,3,150,3,2.30638e+06,148,2251.67,150,149
11323,1,500,0,0,150,3,150,3,2.46004e+06,148,2405.33,150,149
11324,1,500,0,0,150,3,150,3,2.63904e+06,148,2584.33,150,149
11325,1,500,0,0,150,3,150,3,2.47371e+06,148,2419,150,149
11326,1,500,0,0,150,3,150,3,2.62904e+06,148,2574.33,150,149
11327,1,500,0,0,150,3,150,3,2.48671e+06,148,2432,150,149
11328,1,500,0,0,150,3,150,3,2.39671e+06,148,2342,150,149
11329,1,500,0,0,150,3,150,3,2.47038e+06,148,2415.67,150,149
11330,1,500,0,0,150,3,150,3,2.51638e+06,148,2461.67,150,149
11331,1,500,0,0,150,3,150,3,2.40904e+06,148,2354.33,150,149
11332,1,500,0,0,150,3,150,3,2.52838e+06,148,2473.67,150,149
11333,1,500,0,0,150,3,150,3,2.76604e+06,148,2711.33,150,149
11334,1,500,0,0,150,3,150,3,2.42404e+06,148,2369.33,150,149
11335,1,500,0,0,150,3,150,3,2.38238e+06,148,2327.67,150,149
11336,1,500,0,0,150,3,150,3,2.50338e+06,148,2448.67,150,149
11337,1,500,0,0,150,3,150,3,2.69071e+06,148,2636,150,149
11338,1,500,0,0,150,3,150,3,2.26438e+06,148,2209.67,150,149
11339,1,500,0,0,150,3,150,3,2.53838e+06,148,2483.67,150,149
11340,1,500,0,0,150,3,150,3,2.60371e+06,148,2549,150,149
11341,1,500,0,0,150,3,150,3,2.50771e+06,148,2453,150,149
11342,1,500,0,0,150,3,150,3,2.42638e+06,148,2371.67,150,149
11343,1,500,0,0,150,3,150,3,2.58038e+06,148,2525.67,150,149
11344,1,500,0,0,150,3,150,3,2.51171e+06,148,2457,150,149
11345,1,500,0,0,150,3,150,3,2.55271e+06,148,2498,150,149
11346,1,500,0,0,150,3,150,3,2.50571e+06,148,2451,150,149
11347,1,500,0,0,150,3,150,3,2.43838e+06,148,2383.67,150,149
11348,1,500,0,0,150,3,150,3,2.57871e+06,148,2524,150,149
11349,1,500,0,0,150,3,150,3,2.51438e+06,148,2459.67,150,149
11350,1,500,0,0,150,3,150,3,2.45738e+06,148,2402.67,150,149
11351,1,500,0,0,150,3,150,3,2.45338e+06,148,2398.67,150,149
11352,1,500,0,0,150,3,150,3,2.46204e+06,148,2407.33,150,149
11353,1,500,0,0,150,3,150,3,2.20338e+06,148,2148.67,150,149
11354,1,500,0,0,150,3,150,3,2.31571e+06,148,2261,150,149
11355,1,500,0,0,150,3,150,3,2.52671e+06,148,2472,150,149
11356,1,500,0,0,150,3,150,3,2.45038e+06,148,2395.67,150,149
11357,1,500,0,0,150,3,150,3,2.26171e+06,148,2207,150,149
11358,1,500,0,0,150,3,150,3,2.45104e+06,148,2396.33,150,149
11359,1,500,0,0,150,3,150,3,2.43804e+06,148,2383.33,150,149
11360,1,500,0,0,150,3,150,3,2.37804e+06,148,2323.33,150,149
11361,1,500,0,0,150,3,150,3,2.60538e+06,148,2550.67,150,149
11362,1,500,0,0,150,3,150,3,2.40371e+06,148,2349,150,149
11363,1,500,0,0,150,3,150,3,2.57104e+06,148,2516.33,150,149
11364,1,500,0,0,150,3,150,3,2.60504e+06,148,2550.33,150,149
11365,1,500,0,0,150,3,150,3,2.50104e+06,148,2446.33,150,149
11366,1,500,0,0,150,3,150,3,2.62104e+06,148,2566.33,150,149
11367,1,500,0,0,150,3,150,3,2.49338e+06,148,2438.67,150,149
11368,1,500,0,0,150,3,150,3,2.53871e+06,148,2484,150,149
11369,1,500,0,0,150,3,150,3,2.72904e+06,148,2674.33,150,149
11370,1,500,0,0,150,3,150,3,2.43838e+06,148,2383.67,150,149
11371,1,500,0,0,150,3,150,3,2.44404e+06,148,2389.33,150,149
11372,1,500,0,0,150,3,150,3,2.54804e+06,148,2493.33,150,149
11373,1,500,0,0,150,3,150,3,2.28571e+06,148,2231,150,149
11374,1,500,0,0,150,3,150,3,2.30671e+06,148,2252,150,149
11375,1,500,0,0,150,3,150,3,2.37738e+06,148,2322.67,150,149
11376,1,500,0,0,150,3,150,3,2.44004e+06,148,2385.33,150,149
11377,1,500,0,0,150,3,150,3,2.40138e+06,148,2346.67,150,149
11378,1,500,0,0,150,3,150,3,2.60804e+06,148,2553.33,150,149
11379,1,500,0,0,150,3,150,3,2.63971e+06,148,2585,150,149
11380,1,500,0,0,150,3,150,3,2.69038e+06,148,2635.67,150,149
11381,1,500,0,0,150,3,150,3,2.39971e+06,148,2345,150,149
11382,1,500,0,0,150,3,150,3,2.48038e+06,148,2425.67,150,149
11383,1,500,0,0,150,3,150,3,2.55238e+06,148,2497.67,150,149
11384,1,500,0,0,150,3,150,3,2.53871e+06,148,2484,150,149
11385,1,500,0,0,150,3,150,3,2.67238e+06,148,2617.67,150,149
11386,1,500,0,0,150,3,150,3,2.53638e+06,148,2481.67,150,149
11387,1,500,0,0,150,3,150,3,2.59338e+06,148,2538.67,150,149
11388,1,500,0,0,150,3,150,3,2.30738e+06,148,2252.67,150,149
11389,1,500,0,0,150,3,150,3,2.57771e+06,148,2523,150,149
11390,1,500,0,0,150,3,150,3,2.32271e+06,148,2268,150,149
11391,1,500,0,0,150,3,150,3,2.42938e+06,148,2374.67,150,149
11392,1,500,0,0,150,3,150,3,2.55338e+06,148,2498.67,150,149
11393,1,500,0,0,150,3,150,3,2.47538e+06,148,2420.67,150,149
11394,1,500,0,0,150,3,150,3,2.60704e+06,148,2552.33,150,149
11395,1,500,0,0,150,3,150,3,2.46838e+06,148,2413.67,150,149
11396,1,500,0,0,150,3,150,3,2.41938e+06,148,2364.67,150,149
11397,1,500,0,0,150,3,150,3,2.50638e+06,148,2451.67,150,149
11398,1,500,0,0,150,3,150,3,2.29871e+06,148,2244,150,149
11399,1,500,0,0,150,3,150,3,2.37238e+06,148,2317.67,150,149
11400,1,500,0,0,150,3,150,3,2.67138e+06,148,2616.67,150,149
11401,1,500,0,0,150,3,150,3,2.49238e+06,148,2437.67,150,149
11402,1,500,0,0,150,3,150,3,2.43938e+06,148,2384.67,150,149
11403,1,500,0,0,150,3,150,3,2.50071e+06,148,2446,150,149
11404,1,500,0,0,150,3,150,3,2.55438e+06,148,2499.67,150,149
11405,1,500,0,0,150,3,150,3,2.58904e+06,148,2534.33,150,149
11406,1,500,0,0,150,3,150,3,2.52238e+06,148,2467.67,150,149
11407,1,500,0,0,150,3,150,3,2.63871e+06,148,2584,150,149
11408,1,500,0,0,150,3,150,3,2.56704e+06,148,2512.33,150,149
11409,1,500,0,0,150,3,150,3,2.35538e+06,148,2300.67,150,149
11410,1,500,0,0,150,3,150,3,2.48104e+06,148,2426.33,150,149
11411,1,500,0,0,150,3,150,3,2.46471e+06,148,2410,150,149
11412,1,500,0,0,150,3,150,3,2.63638e+06,148,2581.67,150,149
11413,1,500,0,0,150,3,150,3,2.50238e+06,148,2447.67,150,149
11414,1,500,0,0,150,3,150,3,2.54504e+06,148,2490.33,150,149
11415,1,500,0,0,150,3,150,3,2.41971e+06,148,2365,150,149
11416,1,500,0,0,150,3,150,3,2.53638e+06,148,2481.67,150,149
11417,1,500,0,0,150,3,150,3,2.34904e+06,148,2294.33,150,149
11418,1,500,0,0,150,3,150,3,2.57971e+06,148,2525,150,149
11419,1,500,0,0,150,3,150,3,2.46938e+06,148,2414.67,150,149
11420,1,500,0,0,150,3,150,3,2.50504e+06,148,2450.33,150,149
11421,1,500,0,0,150,3,150,3,2.43171e+06,148,2377,150,149
11422,1,500,0,0,150,3,150,3,2.45571e+06,148,2401,150,149
11423,1,500,0,0,150,3,150,3,2.48271e+06,148,2428,150,149
11424,1,500,0,0,150,3,150,3,2.65104e+06,148,2596.33,150,149
11425,1,500,0,0,150,3,150,3,2.52171e+06,148,2467,150,149
11426,1,500,0,0,150,3,150,3,2.24404e+06,148,2189.33,150,149
11427,1,500,0,0,150,3,150,3,2.54071e+06,148,2486,150,149
11428,1,500,0,0,150,3,150,3,2.38471e+06,148,2330,150,149
11429,1,500,0,0,150,3,150,3,2.58371e+06,148,2529,150,149
11430,1,500,0,0,150,3,150,3,2.58438e+06,148,2529.67,150,149
11431,1,500,0,0,150,3,150,3,2.49471e+06,148,2440,150,149
11432,1,500,0,0,150,3,150,3,2.41971e+06,148,2365,150,149
11433,1,500,0,0,150,3,150,3,2.33238e+06,148,2277.67,150,149
11434,1,500,0,0,150,3,150,3,2.54838e+06,148,2493.67,150,149
11435,1,500,0,0,150,3,150,3,2.52704e+06,148,2472.33,150,149
11436,1,500,0,0,150,3,150,3,2.52871e+06,148,2474,150,149
11437,1,500,0,0,150,3,150,3,2.56371e+06,148,2509,150,149
11438,1,500,0,0,150,3,150,3,2.66004e+06,148,2605.33,150,149
11439,1,500,0,0,150,3,150,3,2.50938e+06,148,2454.67,150,149
11440,1,500,0,0,150,3,150,3,2.33438e+06,148,2279.67,150,149
11441,1,500,0,0,150,3,150,3,2.61604e+06,148,2561.33,150,149
11442,1,500,0,0,150,3,150,3,2.42471e+06,148,2370,150,149
11443,1,500,0,0,150,3,150,3,2.54438e+06,148,2489.67,150,149
11444,1,500,0,0,150,3,150,3,2.50738e+06,148,2452.67,150,149
11445,1,500,0,0,150,3,150,3,2.57138e+06,148,2516.67,150,149
11446,1,500,0,0,150,3,150,3,2.34938e+06,148,2294.67,150,149
11447,1,500,0,0,150,3,150,3,2.32638e+06,148,2271.67,150,149
11448,1,500,0,0,150,3,150,3,2.52338e+06,148,2468.67,150,149
11449,1,500,0,0,150,3,150,3,2.45638e+06,148,2401.67,150,149
11450,1,500,0,0,150,3,150,3,2.55571e+06,148,2501,150,149
11451,1,500,0,0,150,3,150,3,2.64304e+06,148,2588.33,150,149
11452,1,500,0,0,150,3,150,3,2.53804e+06,148,2483.33,150,149
11453,1,500,0,0,150,3,150,3,2.37138e+06,148,2316.67,150,149
11454,1,500,0,0,150,3,150,3,2.43004e+06,148,2375.33,150,149
11455,1,500,0,0,150,3,150,3,2.44804e+06,148,2393.33,150,149
11456,1,500,0,0,150,3,150,3,2.45038e+06,148,2395.67,150,149
11457,1,500,0,0,150,3,150,3,2.49671e+06,148,2442,150,149
11458,1,500,0,0,150,3,150,3,2.34804e+06,148,2293.33,150,149
11459,1,500,0,0,150,3,150,3,2.26904e+06,148,2214.33,150,149
11460,1,500,0,0,150,3,150,3,2.52404e+06,148,2469.33,150,149
11461,1,500,0,0,150,3,150,3,2.46971e+06,148,2415,150,149
11462,1,500,0,0,150,3,150,3,2.41038e+06,148,2355.67,150,149
11463,1,500,0,0,150,3,150,3,2.57138e+06,148,2516.67,150,149
11464,1,500,0,0,150,3,150,3,2.65571e+06,148,2601,150,149
11465,1,500,0,0,150,3,150,3,2.38271e+06,148,2328,150,149
11466,1,500,0,0,150,3,150,3,2.53604e+06,148,2481.33,150,149
11467,1,500,0,0,150,3,150,3,2.70104e+06,148,2646.33,150,149
11468,1,500,0,0,150,3,150,3,2.37171e+06,148,2317,150,149
11469,1,500,0,0,150,3,150,3,2.42271e+06,148,2368,150,149
11470,1,500,0,0,150,3,150,3,2.40004e+06,148,2345.33,150,149
11471,1,500,0,0,150,3,150,3,2.51871e+06,148,2464,150,149
11472,1,500,0,0,150,3,150,3,2.53871e+06,148,2484,150,149
11473,1,500,0,0,150,3,150,3,2.33738e+06,148,2282.67,150,149
11474,1,500,0,0,150,3,150,3,2.38771e+06,148,2333,150,149
11475,1,500,0,0,150,3,150,3,2.57438e+06,148,2519.67,150,149
11476,1,500,0,0,150,3,150,3,2.58304e+06,148,2528.33,150,149
11477,1,500,0,0,150,3,150,3,2.39438e+06,148,2339.67,150,149
11478,1,500,0,0,150,3,150,3,2.62571e+06,148,2571,150,149
11479,1,500,0,0,150,3,150,3,2.52904e+06,148,2474.33,150,149
11480,1,500,0,0,150,3,150,3,2.38804e+06,148,2333.33,150,149
11481,1,500,0,0,150,3,150,3,2.60904e+06,148,2554.33,150,149
11482,1,500,0,0,150,3,150,3,2.47904e+06,148,2424.33,150,149
11483,1,500,0,0,150,3,150,3,2.59004e+06,148,2535.33,150,149
11484,1,500,0,0,150,3,150,3,2.47604e+06,148,2421.33,150,149
11485,1,500,0,0,150,3,150,3,2.57504e+06,148,2520.33,150,149
11486,1,500,0,0,150,3,150,3,2.48738e+06,148,2432.67,150,149
11487,1,500,0,0,150,3,150,3,2.33104e+06,148,2276.33,150,149
11488,1,500,0,0,150,3,150,3,2.40804e+06,148,2353.33,150,149
11489,1,500,0,0,150,3,150,3,2.37271e+06,148,2318,150,149
11490,1,500,0,0,150,3,150,3,2.65871e+06,148,2604,150,149
11491,1,500,0,0,150,3,150,3,2.59138e+06,148,2536.67,150,149
11492,1,500,0,0,150,3,150,3,2.63571e+06,148,2581,150,149
11493,1,500,0,0,150,3,150,3,2.45938e+06,148,2404.67,150,149
11494,1,500,0,0,150,3,150,3,2.63004e+06,148,2575.33,150,149
11495,1,500,0,0,150,3,150,3,2.49371e+06,148,2439,150,149
11496,1,500,0,0,150,3,150,3,2.55404e+06,148,2499.33,150,149
11497,1,500,0,0,150,3,150,3,2.52404e+06,148,2469.33,150,149
11498,1,500,0,0,150,3,150,3,2.66271e+06,148,2608,150,149
11499,1,500,0,0,150,3,150,3,2.45604e+06,148,2401.33,150,149
11500,1,500,0,0,150,3,150,3,2.48204e+06,148,2427.33,150,149
11501,1,500,0,0,150,3,150,3,2.57038e+06,148,2515.67,150,149
11502,1,500,0,0,150,3,150,3,2.37638e+06,148,2321.67,150,149
11503,1,500,0,0,150,3,150,3,2.71338e+06,148,2658.67,150,149
11504,1,500,0,0,150,3,150,3,2.57571e+06,148,2521,150,149
11505,1,500,0,0,150,3,150,3,2.60871e+06,148,2554,150,149
11506,1,500,0,0,150,3,150,3,2.32438e+06,148,2269.67,150,149
11507,1,500,0,0,150,3,150,3,2.61404e+06,148,2559.33,150,149
11508,1,500,0,0,150,3,150,3,2.56371e+06,148,2509,150,149
11509,1,500,0,0,150,3,150,3,2.34471e+06,148,2290,150,149
11510,1,500,0,0,150,3,150,3,2.34804e+06,148,2293.33,150,149
11511,1,500,0,0,150,3,150,3,2.51504e+06,148,2460.33,150,149
11512,1,500,0,0,150,3,150,3,2.56671e+06,148,2512,150,149
11513,1,500,0,0,150,3,150,3,2.48171e+06,148,2427,150,149
11514,1,500,0,0,150,3,150,3,2.59804e+06,148,2543.33,150,149
11515,1,500,0,0,150,3,150,3,2.62771e+06,148,2573,150,149
11516,1,500,0,0,150,3,150,3,2.65438e+06,148,2599.67,150,149
11517,1,500,0,0,150,3,150,3,2.42638e+06,148,2371.67,150,149
11518,1,500,0,0,150,3,150,3,2.44704e+06,148,2392.33,150,149
11519,1,500,0,0,150,3,150,3,2.40304e+06,148,2348.33,150,149
11520,1,500,0,0,150,3,150,3,2.57538e+06,148,2520.67,150,149
11521,1,500,0,0,150,3,150,3,2.30338e+06,148,2248.67,150,149
11522,1,500,0,0,150,3,150,3,2.59538e+06,148,2540.67,150,149
11523,1,500,0,0,150,3,150,3,2.56804e+06,148,2513.33,150,149
11524,1,500,0,0,150,3,150,3,2.31671e+06,148,2262,150,149
11525,1,500,0,0,150,3,150,3,2.24971e+06,148,2195,150,149
11526,1,500,0,0,150,3,150,3,2.33671e+06,148,2282,150,149
11527,1,500,0,0,150,3,150,3,2.57438e+06,148,2519.67,150,149
11528,1,500,0,0,150,3,150,3,2.47171e+06,148,2417,150,149
11529,1,500,0,0,150,3,150,3,2.79638e+06,148,2741.67,150,149
11530,1,500,0,0,150,3,150,3,2.44404e+06,148,2389.33,150,149
11531,1,500,0,0,150,3,150,3,2.65071e+06,148,2596,150,149
11532,1,500,0,0,150,3,150,3,2.51771e+06,148,2463,150,149
11533,1,500,0,0,150,3,150,3,2.51238e+06,148,2457.67,150,149
11534,1,500,0,0,150,3,150,3,2.52738e+06,148,2472.67,150,149
11535,1,500,0,0,150,3,150,3,2.41038e+06,148,2355.67,150,149
11536,1,500,0,0,150,3,150,3,2.54171e+06,148,2487,150,149
11537,1,500,0,0,150,3,150,3,2.64838e+06,148,2593.67,150,149
11538,1,500,0,0,150,3,150,3,2.38938e+06,148,2334.67,150,149
11539,1,500,0,0,150,3,150,3,2.54938e+06,148,2494.67,150,149
11540,1,500,0,0,150,3,150,3,2.40371e+06,148,2349,150,149
11541,1,500,0,0,150,3,150,3,2.76138e+06,148,2706.67,150,149
11542,1,500,0,0,150,3,150,3,2.36738e+06,148,2312.67,150,149
11543,1,500,0,0,150,3,150,3,2.67304e+06,148,2618.33,150,149
11544,1,500,0,0,150,3,150,3,2.42104e+06,148,2366.33,150,149
11545,1,500,0,0,150,3,150,3,2.55871e+06,148,2504,150,149
11546,1,500,0,0,150,3,150,3,2.43238e+06,148,2377.67,150,149
11547,1,500,0,0,150,3,150,3,2.58304e+06,148,2528.33,150,149
11548,1,500,0,0,150,3,150,3,2.56671e+06,148,2512,150,149
11549,1,500,0,0,150,3,150,3,2.47404e+06,148,2419.33,150,149
11550,1,500,0,0,150,3,150,3,2.21771e+06,148,2163,150,149
11551,1,500,0,0,150,3,150,3,2.56604e+06,148,2511.33,150,149
11552,1,500,0,0,150,3,150,3,2.56638e+06,148,2511.67,150,149
11553,1,500,0,0,150,3,150,3,2.32304e+06,148,2268.33,150,149
11554,1,500,0,0,150,3,150,3,2.45738e+06,148,2402.67,150,149
11555,1,500,0,0,150,3,150,3,2.55938e+06,148,2504.67,150,149
11556,1,500,0,0,150,3,150,3,2.36904e+06,148,2314.33,150,149
11557,1,500,0,0,150,3,150,3,2.66204e+06,148,2607.33,150,149
11558,1,500,0,0,150,3,150,3,2.38804e+06,148,2333.33,150,149
11559,1,500,0,0,150,3,150,3,2.37304e+06,148,2318.33,150,149
11560,1,500,0,0,150,3,150,3,2.60638e+06,148,2551.67,150,149
11561,1,500,0,0,150,3,150,3,2.57638e+06,148,2521.67,150,149
11562,1,500,0,0,150,3,150,3,2.63571e+06,148,2581,150,149
11563,1,500,0,0,150,3,150,3,2.67638e+06,148,2621.67,150,149
11564,1,500,0,0,150,3,150,3,2.67471e+06,148,2620,150,149
11565,1,500,0,0,150,3,150,3,2.43638e+06,148,2381.67,150,149
11566,1,500,0,0,150,3,150,3,2.57504e+06,148,2520.33,150,149
11567,1,500,0,0,150,3,150,3,2.55471e+06,148,2500,150,149
11568,1,500,0,0,150,3,150,3,2.65204e+06,148,2597.33,150,149
11569,1,500,0,0,150,3,150,3,2.61138e+06,148,2556.67,150,149
11570,1,500,0,0,150,3,150,3,2.56538e+06,148,2510.67,150,149
11571,1,500,0,0,150,3,150,3,2.50804e+06,148,2453.33,150,149
11572,1,500,0,0,150,3,150,3,2.36938e+06,148,2314.67,150,149
11573,1,500,0,0,150,3,150,3,2.61938e+06,148,2564.67,150,149
11574,1,500,0,0,150,3,150,3,2.47171e+06,148,2417,150,149
11575,1,500,0,0,150,3,150,3,2.58971e+06,148,2535,150,149
11576,1,500,0,0,150,3,150,3,2.44138e+06,148,2386.67,150,149
11577,1,500,0,0,150,3,150,3,2.35338e+06,148,2298.67,150,149
11578,1,500,0,0,150,3,150,3,2.35204e+06,148,2297.33,150,149
11579,1,500,0,0,150,3,150,3,2.43571e+06,148,2381,150,149
11580,1,500,0,0,150,3,150,3,2.43571e+06,148,2381,150,149
11581,1,500,0,0,150,3,150,3,2.54638e+06,148,2491.67,150,149
11582,1,500,0,0,150,3,150,3,2.52938e+06,148,2474.67,150,149
11583,1,500,0,0,150,3,150,3,2.25838e+06,148,2203.67,150,149
11584,1,500,0,0,150,3,150,3,2.36004e+06,148,2305.33,150,149
11585,1,500,0,0,150,3,150,3,2.50938e+06,148,2454.67,150,149
11586,1,500,0,0,150,3,150,3,2.53138e+06,148,2476.67,150,149
11587,1,500,0,0,150,3,150,3,2.47271e+06,148,2418,150,149
11588,1,500,0,0,150,3,150,3,2.61438e+06,148,2559.67,150,149
11589,1,500,0,0,150,3,150,3,2.56738e+06,148,2512.67,150,149
11590,1,500,0,0,150,3,150,3,2.47371e+06,148,2419,150,149
11591,1,500,0,0,150,3,150,3,2.54171e+06,148,2487,150,149
11592,1,500,0,0,150,3,150,3,2.48838e+06,148,2433.67,150,149
11593,1,500,0,0,150,3,150,3,2.50404e+06,148,2449.33,150,149
11594,1,500,0,0,150,3,150,3,2.60638e+06,148,2551.67,150,149
11595,1,500,0,0,150,3,150,3,2.29271e+06,148,2238,150,149
11596,1,500,0,0,150,3,150,3,2.40571e+06,148,2351,150,149
11597,1,500,0,0,150,3,150,3,2.31171e+06,148,2257,150,149
11598,1,500,0,0,150,3,150,3,2.44704e+06,148,2392.33,150,149
11599,1,500,0,0,150,3,150,3,2.53704e+06,148,2482.33,150,149
11600,1,500,0,0,150,3,150,3,2.61204e+06,148,2557.33,150,149
11601,1,500,0,0,150,3,150,3,2.45071e+06,148,2396,150,149
11602,1,500,0,0,150,3,150,3,2.33871e+06,148,2284,150,149
11603,1,500,0,0,150,3,150,3,2.42738e+06,148,2372.67,150,149
11604,1,500,0,0,150,3,150,3,2.34338e+06,148,2288.67,150,149
11605,1,500,0,0,150,3,150,3,2.56804e+06,148,2513.33,150,149
11606,1,500,0,0,150,3,150,3,2.39204e+06,148,2337.33,150,149
11607,1,500,0,0,150,3,150,3,2.30971e+06,148,2255,150,149
11608,1,500,0,0,150,3,150,3,2.19504e+06,148,2140.33,150,149
11609,1,500,0,0,150,3,150,3,2.36271e+06,148,2308,150,149
11610,1,500,0,0,150,3,150,3,2.65738e+06,148,2602.67,150,149
11611,1,500,0,0,150,3,150,3,2.44771e+06,148,2393,150,149
11612,1,500,0,0,150,3,150,3,2.45971e+06,148,2405,150,149
11613,1,500,0,0,150,3,150,3,2.35838e+06,148,2303.67,150,149
11614,1,500,0,0,150,3,150,3,2.54504e+06,148,2490.33,150,149
11615,1,500,0,0,150,3,150,3,2.59304e+06,148,2538.33,150,149
11616,1,500,0,0,150,3,150,3,2.52638e+06,148,2471.67,150,149
11617,1,500,0,0,150,3,150,3,2.50638e+06,148,2451.67,150,149
11618,1,500,0,0,150,3,150,3,2.40138e+06,148,2346.67,150,149
11619,1,500,0,0,150,3,150,3,2.58871e+06,148,2534,150,149
11620,1,500,0,0,150,3,150,3,2.33971e+06,148,2285,150,149
11621,1,500,0,0,150,3,150,3,2.65604e+06,148,2601.33,150,149
11622,1,500,0,0,150,3,150,3,2.63204e+06,148,2577.33,150,149
11623,1,500,0,0,150,3,150,3,2.59871e+06,148,2544,150,149
11624,1,500,0,0,150,3,150,3,2.34771e+06,148,2293,150,149
11625,1,500,0,0,150,3,150,3,2.52538e+06,148,2470.67,150,149
11626,1,500,0,0,150,3,150,3,2.54138e+06,148,2486.67,150,149
11627,1,500,0,0,150,3,150,3,2.51371e+06,148,2459,150,149
11628,1,500,0,0,150,3,150,3,2.34604e+06,148,2291.33,150,149
11629,1,500,0,0,150,3,150,3,2.33904e+06,148,2284.33,150,149
11630,1,500,0,0,150,3,150,3,2.40071e+06,148,2346,150,149
11631,1,500,0,0,150,3,150,3,2.49271e+06,148,2438,150,149
11632,1,500,0,0,150,3,150,3,2.40771e+06,148,2353,150,149
11633,1,500,0,0,150,3,150,3,2.39604e+06,148,2341.33,150,149
11634,1,500,0,0,150,3,150,3,2.49504e+06,148,2440.33,150,149
11635,1,500,0,0,150,3,150,3,2.55738e+06,148,2502.67,150,149
11636,1,500,0,0,150,3,150,3,2.54571e+06,148,2491,150,149
11637,1,500,0,0,150,3,150,3,2.45971e+06,148,2405,150,149
11638,1,500,0,0,150,3,150,3,2.45171e+06,148,2397,150,149
11639,1,500,0,0,150,3,150,3,2.34938e+06,148,2294.67,150,149
11640,1,500,0,0,150,3,150,3,2.54504e+06,148,2490.33,150,149
11641,1,500,0,0,150,3,150,3,2.35804e+06,148,2303.33,150,149
11642,1,500,0,0,150,3,150,3,2.38538e+06,148,2330.67,150,149
11643,1,500,0,0,150,3,150,3,2.57404e+06,148,2519.33,150,149
11644,1,500,0,0,150,3,150,3,2.50771e+06,148,2453,150,149
11645,1,500,0,0,150,3,150,3,2.49338e+06,148,2438.67,150,149
11646,1,500,0,0,150,3,150,3,2.38771e+06,148,2333,150,149
11647,1,500,0,0,150,3,150,3,2.55204e+06,148,2497.33,150,149
11648,1,500,0,0,150,3,150,3,2.61338e+06,148,2558.67,150,149
11649,1,500,0,0,150,3,150,3,2.45338e+06,148,2398.67,150,149
11650,1,500,0,0,150,3,150,3,2.55538e+06,148,2500.67,150,149
11651,1,500,0,0,150,3,150,3,2.40671e+06,148,2352,150,149
11652,1,500,0,0,150,3,150,3,2.49204e+06,148,2437.33,150,149
11653,1,500,0,0,150,3,150,3,2.42971e+06,148,2375,150,149
11654,1,500,0,0,150,3,150,3,2.48771e+06,148,2433,150,149
11655,1,500,0,0,150,3,150,3,2.57771e+06,148,2523,150,149
11656,1,500,0,0,150,3,150,3,2.31904e+06,148,2264.33,150,149
11657,1,500,0,0,150,3,150,3,2.41071e+06,148,2356,150,149
11658,1,500,0,0,150,3,150,3,2.40538e+06,148,2350.67,150,149
11659,1,500,0,0,150,3,150,3,2.57638e+06,148,2521.67,150,149
11660,1,500,0,0,150,3,150,3,2.52238e+06,148,2467.67,150,149
11661,1,500,0,0,150,3,150,3,2.53604e+06,148,2481.33,150,149
11662,1,500,0,0,150,3,150,3,2.29971e+06,148,2245,150,149
11663,1,500,0,0,150,3,150,3,2.35738e+06,148,2302.67,150,149
11664,1,500,0,0,150,3,150,3,2.57271e+06,148,2518,150,149
11665,1,500,0,0,150,3,150,3,2.45238e+06,148,2397.67,150,149
11666,1,500,0,0,150,3,150,3,2.60871e+06,148,2554,150,149
11667,1,500,0,0,150,3,150,3,2.41504e+06,148,2360.33,150,149
11668,1,500,0,0,150,3,150,3,2.53071e+06,148,2476,150,149
11669,1,500,0,0,150,3,150,3,2.51538e+06,148,2460.67,150,149
11670,1,500,0,0,150,3,150,3,2.63838e+06,148,2583.67,150,149
11671,1,500,0,0,150,3,150,3,2.74871e+06,148,2694,150,149
11672,1,500,0,0,150,3,150,3,2.25404e+06,148,2199.33,150,149
11673,1,500,0,0,150,3,150,3,2.41671e+06,148,2362,150,149
11674,1,500,0,0,150,3,150,3,2.52538e+06,148,2470.67,150,149
11675,1,500,0,0,150,3,150,3,2.57704e+06,148,2522.33,150,149
11676,1,500,0,0,150,3,150,3,2.41971e+06,148,2365,150,149
11677,1,500,0,0,150,3,150,3,2.46671e+06,148,2412,150,149
11678,1,500,0,0,150,3,150,3,2.62771e+06,148,2573,150,149
11679,1,500,0,0,150,3,150,3,2.55438e+06,148,2499.67,150,149
11680,1,500,0,0,150,3,150,3,2.46371e+06,148,2409,150,149
11681,1,500,0,0,150,3,150,3,2.44204e+06,148,2387.33,150,149
11682,1,500,0,0,150,3,150,3,2.52638e+06,148,2471.67,150,149
11683,1,500,0,0,150,3,150,3,2.36571e+06,148,2311,150,149
11684,1,500,0,0,150,3,150,3,2.35204e+06,148,2297.33,150,149
11685,1,500,0,0,150,3,150,3,2.57004e+06,148,2515.33,150,149
11686,1,500,0,0,150,3,150,3,2.58638e+06,148,2531.67,150,149
11687,1,500,0,0,150,3,150,3,2.49538e+06,148,2440.67,150,149
11688,1,500,0,0,150,3,150,3,2.51271e+06,148,2458,150,149
11689,1,500,0,0,150,3,150,3,2.30938e+06,148,2254.67,150,149
11690,1,500,0,0,150,3,150,3,2.40671e+06,148,2352,150,149
11691,1,500,0,0,150,3,150,3,2.40404e+06,148,2349.33,150,149
11692,1,500,0,0,150,3,150,3,2.63604e+06,148,2581.33,150,149
11693,1,500,0,0,150,3,150,3,2.48804e+06,148,2433.33,150,149
11694,1,500,0,0,150,3,150,3,2.44038e+06,148,2385.67,150,149
11695,1,500,0,0,150,3,150,3,2.32171e+06,148,2267,150,149
11696,1,500,0,0,150,3,150,3,2.62904e+06,148,2574.33,150,149
11697,1,500,0,0,150,3,150,3,2.40638e+06,148,2351.67,150,149
11698,1,500,0,0,150,3,150,3,2.53538e+06,148,2480.67,150,149
11699,1,500,0,0,150,3,150,3,2.24204e+06,148,2187.33,150,149
11700,1,500,0,0,150,3,150,3,2.47004e+06,148,2415.33,150,149
11701,1,500,0,0,150,3,150,3,2.33471e+06,148,2280,150,149
11702,1,500,0,0,150,3,150,3,2.72804e+06,148,2673.33,150,149
11703,1,500,0,0,150,3,150,3,2.43404e+06,148,2379.33,150,149
11704,1,500,0,0,150,3,150,3,2.58738e+06,148,2532.67,150,149
11705,1,500,0,0,150,3,150,3,2.57438e+06,148,2519.67,150,149
11706,1,500,0,0,150,3,150,3,2.22538e+06,148,2170.67,150,149
11707,1,500,0,0,150,3,150,3,2.62204e+06,148,2567.33,150,149
11708,1,500,0,0,150,3,150,3,2.47304e+06,148,2418.33,150,149
11709,1,500,0,0,150,3,150,3,2.66071e+06,148,2606,150,149
11710,1,500,0,0,150,3,150,3,2.55971e+06,148,2505,150,149
11711,1,500,0,0,150,3,150,3,2.55438e+06,148,2499.67,150,149
11712,1,500,0,0,150,3,150,3,2.50671e+06,148,2452,150,149
11713,1,500,0,0,150,3,150,3,2.43338e+06,148,2378.67,150,149
11714,1,500,0,0,150,3,150,3,2.41204e+06,148,2357.33,150,149
11715,1,500,0,0,150,3,150,3,2.46471e+06,148,2410,150,149
11716,1,500,0,0,150,3,150,3,2.65871e+06,148,2604,150,149
11717,1,500,0,0,150,3,150,3,2.52571e+06,148,2471,150,149
11718,1,500,0,0,150,3,150,3,2.65638e+06,148,2601.67,150,149
11719,1,500,0,0,150,3,150,3,2.54104e+06,148,2486.33,150,149
11720,1,500,0,0,150,3,150,3,2.66904e+06,148,2614.33,150,149
11721,1,500,0,0,150,3,150,3,2.63838e+06,148,2583.67,150,149
11722,1,500,0,0,150,3,150,3,2.43604e+06,148,2381.33,150,149
11723,1,500,0,0,150,3,150,3,2.35504e+06,148,2300.33,150,149
11724,1,500,0,0,150,3,150,3,2.53371e+06,148,2479,150,149
11725,1,500,0,0,150,3,150,3,2.55938e+06,148,2504.67,150,149
11726,1,500,0,0,150,3,150,3,2.40771e+06,148,2353,150,149
11727,1,500,0,0,150,3,150,3,2.71838e+06,148,2663.67,150,149
11728,1,500,0,0,150,3,150,3,2.61638e+06,148,2561.67,150,149
11729,1,500,0,0,150,3,150,3,2.51404e+06,148,2459.33,150,149
11730,1,500,0,0,150,3,150,3,2.47238e+06,148,2417.67,150,149
11731,1,500,0,0,150,3,150,3,2.39371e+06,148,2339,150,149
11732,1,500,0,0,150,3,150,3,2.51604e+06,148,2461.33,150,149
11733,1,500,0,0,150,3,150,3,2.39171e+06,148,2337,150,149
11734,1,500,0,0,150,3,150,3,2.54204e+06,148,2487.33,150,149
11735,1,500,0,0,150,3,150,3,2.35071e+06,148,2296,150,149
11736,1,500,0,0,150,3,150,3,2.63571e+06,148,2581,150,149
11737,1,500,0,0,150,3,150,3,2.61038e+06,148,2555.67,150,149
11738,1,500,0,0,150,3,150,3,2.46671e+06,148,2412,150,149
11739,1,500,0,0,150,3,150,3,2.60971e+06,148,2555,150,149
11740,1,500,0,0,150,3,150,3,2.43438e+06,148,2379.67,150,149
11741,1,500,0,0,150,3,150,3,2.38338e+06,148,2328.67,150,149
11742,1,500,0,0,150,3,150,3,2.52104e+06,148,2466.33,150,149
11743,1,500,0,0,150,3,150,3,2.35438e+06,148,2299.67,150,149
11744,1,500,0,0,150,3,150,3,2.52138e+06,148,2466.67,150,149
11745,1,500,0,0,150,3,150,3,2.26438e+06,148,2209.67,150,149
11746,1,500,0,0,150,3,150,3,2.56071e+06,148,2506,150,149
11747,1,500,0,0,150,3,150,3,2.47671e+06,148,2422,150,149
11748,1,500,0,0,150,3,150,3,2.35138e+06,148,2296.67,150,149
11749,1,500,0,0,150,3,150,3,2.47504e+06,148,2420.33,150,149
11750,1,500,0,0,150,3,150,3,2.53804e+06,148,2483.33,150,149
11751,1,500,0,0,150,3,150,3,2.46138e+06,148,2406.67,150,149
11752,1,500,0,0,150,3,150,3,2.42538e+06,148,2370.67,150,149
11753,1,500,0,0,150,3,150,3,2.55371e+06,148,2499,150,149
11754,1,500,0,0,150,3,150,3,2.52071e+06,148,2466,150,149
11755,1,500,0,0,150,3,150,3,2.48504e+06,148,2430.33,150,149
11756,1,500,0,0,150,3,150,3,2.43571e+06,148,2381,150,149
11757,1,500,0,0,150,3,150,3,2.30304e+06,148,2248.33,150,149
11758,1,500,0,0,150,3,150,3,2.49571e+06,148,2441,150,149
11759,1,500,0,0,150,3,150,3,2.33471e+06,148,2280,150,149
11760,1,500,0,0,150,3,150,3,2.54304e+06,148,2488.33,150,149
11761,1,500,0,0,150,3,150,3,2.35004e+06,148,2295.33,150,149
11762,1,500,0,0,150,3,150,3,2.45871e+06,148,2404,150,149
11763,1,500,0,0,150,3,150,3,2.48971e+06,148,2435,150,149
11764,1,500,0,0,150,3,150,3,2.41671e+06,148,2362,150,149
11765,1,500,0,0,150,3,150,3,2.52238e+06,148,2467.67,150,149
11766,1,500,0,0,150,3,150,3,2.44038e+06,148,2385.67,150,149
11767,1,500,0,0,150,3,150,3,2.50571e+06,148,2451,150,149
11768,1,500,0,0,150,3,150,3,2.66704e+06,148,2612.33,150,149
11769,1,500,0,0,150,3,150,3,2.32171e+06,148,2267,150,149
11770,1,500,0,0,150,3,150,3,2.58038e+06,148,2525.67,150,149
11771,1,500,0,0,150,3,150,3,2.45871e+06,148,2404,150,149
11772,1,500,0,0,150,3,150,3,2.38671e+06,148,2332,150,149
11773,1,500,0,0,150,3,150,3,2.45771e+06,148,2403,150,149
11774,1,500,0,0,150,3,150,3,2.38871e+06,148,2334,150,149
11775,1,500,0,0,150,3,150,3,2.44604e+06,148,2391.33,150,149
11776,1,500,0,0,150,3,150,3,2.28971e+06,148,2235,150,149
11777,1,500,0,0,150,3,150,3,2.41504e+06,148,2360.33,150,149
11778,1,500,0,0,150,3,150,3,2.34271e+06,148,2288,150,149
11779,1,500,0,0,150,3,150,3,2.40971e+06,148,2355,150,149
11780,1,500,0,0,150,3,150,3,2.38738e+06,148,2332.67,150,149
11781,1,500,0,0,150,3,150,3,2.51004e+06,148,2455.33,150,149
11782,1,500,0,0,150,3,150,3,2.64404e+06,148,2589.33,150,149
11783,1,500,0,0,150,3,150,3,2.53504e+06,148,2480.33,150,149
11784,1,500,0,0,150,3,150,3,2.66138e+06,148,2606.67,150,149
11785,1,500,0,0,150,3,150,3,2.18038e+06,148,2125.67,150,149
11786,1,500,0,0,150,3,150,3,2.62671e+06,148,2572,150,149
11787,1,500,0,0,150,3,150,3,2.48738e+06,148,2432.67,150,149
11788,1,500,0,0,150,3,150,3,2.55471e+06,148,2500,150,149
11789,1,500,0,0,150,3,150,3,2.49871e+06,148,2444,150,149
11790,1,500,0,0,150,3,150,3,2.55071e+06,148,2496,150,149
11791,1,500,0,0,150,3,150,3,2.53904e+06,148,2484.33,150,149
11792,1,500,0,0,150,3,150,3,2.59338e+06,148,2538.67,150,149
11793,1,500,0,0,150,3,150,3,2.31738e+06,148,2262.67,150,149
11794,1,500,0,0,150,3,150,3,2.49104e+06,148,2436.33,150,149
11795,1,500,0,0,150,3,150,3,2.64238e+06,148,2587.67,150,149
11796,1,500,0,0,150,3,150,3,2.55538e+06,148,2500.67,150,149
11797,1,500,0,0,150,3,150,3,2.52438e+06,148,2469.67,150,149
11798,1,500,0,0,150,3,150,3,2.36904e+06,148,2314.33,150,149
11799,1,500,0,0,150,3,150,3,2.58038e+06,148,2525.67,150,149
11800,1,500,0,0,150,3,150,3,2.52338e+06,148,2468.67,150,149
11801,1,500,0,0,150,3,150,3,2.49838e+06,148,2443.67,150,149
11802,1,500,0,0,150,3,150,3,2.41438e+06,148,2359.67,150,149
11803,1,500,0,0,150,3,150,3,2.36738e+06,148,2312.67,150,149
11804,1,500,0,0,150,3,150,3,2.23638e+06,148,2181.67,150,149
11805,1,500,0,0,150,3,150,3,2.55404e+06,148,2499.33,150,149
11806,1,500,0,0,150,3,150,3,2.41738e+06,148,2362.67,150,149
11807,1,500,0,0,150,3,150,3,2.62871e+06,148,2574,150,149
11808,1,500,0,0,150,3,150,3,2.44138e+06,148,2386.67,150,149
11809,1,500,0,0,150,3,150,3,2.34504e+06,148,2290.33,150,149
11810,1,500,0,0,150,3,150,3,2.25671e+06,148,2202,150,149
11811,1,500,0,0,150,3,150,3,2.47571e+06,148,2421,150,149
11812,1,500,0,0,150,3,150,3,2.46404e+06,148,2409.33,150,149
11813,1,500,0,0,150,3,150,3,2.39071e+06,148,2336,150,149
11814,1,500,0,0,150,3,150,3,2.41338e+06,148,2358.67,150,149
11815,1,500,0,0,150,3,150,3,2.60438e+06,148,2549.67,150,149
11816,1,500,0,0,150,3,150,3,2.41904e+06,148,2364.33,150,149
11817,1,500,0,0,150,3,150,3,2.27104e+06,148,2216.33,150,149
11818,1,500,0,0,150,3,150,3,2.54571e+06,148,2491,150,149
11819,1,500,0,0,150,3,150,3,2.73938e+06,148,2684.67,150,149
11820,1,500,0,0,150,3,150,3,2.47338e+06,148,2418.67,150,149
11821,1,500,0,0,150,3,150,3,2.53371e+06,148,2479,150,149
11822,1,500,0,0,150,3,150,3,2.71671e+06,148,2662,150,149
11823,1,500,0,0,150,3,150,3,2.35838e+06,148,2303.67,150,149
11824,1,500,0,0,150,3,150,3,2.42104e+06,148,2366.33,150,149
11825,1,500,0,0,150,3,150,3,2.52838e+06,148,2473.67,150,149
11826,1,500,0,0,150,3,150,3,2.57971e+06,148,2525,150,149
11827,1,500,0,0,150,3,150,3,2.55938e+06,148,2504.67,150,149
11828,1,500,0,0,150,3,150,3,2.52004e+06,148,2465.33,150,149
11829,1,500,0,0,150,3,150,3,2.47971e+06,148,2425,150,149
11830,1,500,0,0,150,3,150,3,2.42071e+06,148,2366,150,149
11831,1,500,0,0,150,3,150,3,2.51138e+06,148,2456.67,150,149
11832,1,500,0,0,150,3,150,3,2.43938e+06,148,2384.67,150,149
11833,1,500,0,0,150,3,150,3,2.36471e+06,148,2310,150,149
11834,1,500,0,0,150,3,150,3,2.37938e+06,148,2324.67,150,149
11835,1,500,0,0,150,3,150,3,2.42038e+06,148,2365.67,150,149
11836,1,500,0,0,150,3,150,3,2.44504e+06,148,2390.33,150,149
11837,1,500,0,0,150,3,150,3,2.48204e+06,148,2427.33,150,149
11838,1,500,0,0,150,3,150,3,2.53904e+06,148,2484.33,150,149
11839,1,500,0,0,150,3,150,3,2.33171e+06,148,2277,150,149
11840,1,500,0,0,150,3,150,3,2.45704e+06,148,2402.33,150,149
11841,1,500,0,0,150,3,150,3,2.53204e+06,148,2477.33,150,149
11842,1,500,0,0,150,3,150,3,2.55671e+06,148,2502,150,149
11843,1,500,0,0,150,3,150,3,2.34738e+06,148,2292.67,150,149
11844,1,500,0,0,150,3,150,3,2.26238e+06,148,2207.67,150,149
11845,1,500,0,0,150,3,150,3,2.46604e+06,148,2411.33,150,149
11846,1,500,0,0,150,3,150,3,2.30338e+06,148,2248.67,150,149
11847,1,500,0,0,150,3,150,3,2.41738e+06,148,2362.67,150,149
11848,1,500,0,0,150,3,150,3,2.76704e+06,148,2712.33,150,149
11849,1,500,0,0,150,3,150,3,2.48338e+06,148,2428.67,150,149
11850,1,500,0,0,150,3,150,3,2.45238e+06,148,2397.67,150,149
11851,1,500,0,0,150,3,150,3,2.40471e+06,148,2350,150,149
11852,1,500,0,0,150,3,150,3,2.37671e+06,148,2322,150,149
11853,1,500,0,0,150,3,150,3,2.37371e+06,148,2319,150,149
11854,1,500,0,0,150,3,150,3,2.65971e+06,148,2605,150,149
11855,1,500,0,0,150,3,150,3,2.40804e+06,148,2353.33,150,149
11856,1,500,0,0,150,3,150,3,2.43104e+06,148,2376.33,150,149
11857,1,500,0,0,150,3,150,3,2.53238e+06,148,2477.67,150,149
11858,1,500,0,0,150,3,150,3,2.45871e+06,148,2404,150,149
11859,1,500,0,0,150,3,150,3,2.63604e+06,148,2581.33,150,149
11860,1,500,0,0,150,3,150,3,2.42571e+06,148,2371,150,149
11861,1,500,0,0,150,3,150,3,2.40471e+06,148,2350,150,149
11862,1,500,0,0,150,3,150,3,2.48804e+06,148,2433.33,150,149
11863,1,500,0,0,150,3,150,3,2.47671e+06,148,2422,150,149
11864,1,500,0,0,150,3,150,3,2.61604e+06,148,2561.33,150,149
11865,1,500,0,0,150,3,150,3,2.47171e+06,148,2417,150,149
11866,1,500,0,0,150,3,150,3,2.43504e+06,148,2380.33,150,149
11867,1,500,0,0,150,3,150,3,2.26871e+06,148,2214,150,149
11868,1,500,0,0,150,3,150,3,2.43004e+06,148,2375.33,150,149
11869,1,500,0,0,150,3,150,3,2.35971e+06,148,2305,150,149
11870,1,500,0,0,150,3,150,3,2.57104e+06,148,2516.33,150,149
11871,1,500,0,0,150,3,150,3,2.46838e+06,148,2413.67,150,149
11872,1,500,0,0,150,3,150,3,2.47638e+06,148,2421.67,150,149
11873,1,500,0,0,150,3,150,3,2.44638e+06,148,2391.67,150,149
11874,1,500,0,0,150,3,150,3,2.49038e+06,148,2435.67,150,149
11875,1,500,0,0,150,3,150,3,2.33238e+06,148,2277.67,150,149
11876,1,500,0,0,150,3,150,3,2.56504e+06,148,2510.33,150,149
11877,1,500,0,0,150,3,150,3,2.58971e+06,148,2535,150,149
11878,1,500,0,0,150,3,150,3,2.60804e+06,148,2553.33,150,149
11879,1,500,0,0,150,3,150,3,2.47938e+06,148,2424.67,150,149
11880,1,500,0,0,150,3,150,3,2.48871e+06,148,2434,150,149
11881,1,500,0,0,150,3,150,3,2.46704e+06,148,2412.33,150,149
11882,1,500,0,0,150,3,150,3,2.42671e+06,148,2372,150,149
11883,1,500,0,0,150,3,150,3,2.38671e+06,148,2332,150,149
11884,1,500,0,0,150,3,150,3,2.37704e+06,148,2322.33,150,149
11885,1,500,0,0,150,3,150,3,2.66671e+06,148,2612,150,149
11886,1,500,0,0,150,3,150,3,2.57438e+06,148,2519.67,150,149
11887,1,500,0,0,150,3,150,3,2.47238e+06,148,2417.67,150,149
11888,1,500,0,0,150,3,150,3,2.46771e+06,148,2413,150,149
11889,1,500,0,0,150,3,150,3,2.44204e+06,148,2387.33,150,149
11890,1,500,0,0,150,3,150,3,2.47671e+06,148,2422,150,149
11891,1,500,0,0,150,3,150,3,2.55571e+06,148,2501,150,149
11892,1,500,0,0,150,3,150,3,2.41038e+06,148,2355.67,150,149
11893,1,500,0,0,150,3,150,3,2.49238e+06,148,2437.67,150,149
11894,1,500,0,0,150,3,150,3,2.37571e+06,148,2321,150,149
11895,1,500,0,0,150,3,150,3,2.48904e+06,148,2434.33,150,149
11896,1,500,0,0,150,3,150,3,2.61671e+06,148,2562,150,149
11897,1,500,0,0,150,3,150,3,2.51538e+06,148,2460.67,150,149
11898,1,500,0,0,150,3,150,3,2.44838e+06,148,2393.67,150,149
11899,1,500,0,0,150,3,150,3,2.60404e+06,148,2549.33,150,149
11900,1,500,0,0,150,3,150,3,2.47038e+06,148,2415.67,150,149
11901,1,500,0,0,150,3,150,3,2.30804e+06,148,2253.33,150,149
11902,1,500,0,0,150,3,150,3,2.52104e+06,148,2466.33,150,149
11903,1,500,0,0,150,3,150,3,2.38338e+06,148,2328.67,150,149
11904,1,500,0,0,150,3,150,3,2.58571e+06,148,2531,150,149
11905,1,500,0,0,150,3,150,3,2.53871e+06,148,2484,150,149
11906,1,500,0,0,150,3,150,3,2.51871e+06,148,2464,150,149
11907,1,500,0,0,150,3,150,3,2.66638e+06,148,2611.67,150,149
11908,1,500,0,0,150,3,150,3,2.37104e+06,148,2316.33,150,149
11909,1,500,0,0,150,3,150,3,2.65771e+06,148,2603,150,149
11910,1,500,0,0,150,3,150,3,2.58138e+06,148,2526.67,150,149
11911,1,500,0,0,150,3,150,3,2.47504e+06,148,2420.33,150,149
11912,1,500,0,0,150,3,150,3,2.53371e+06,148,2479,150,149
11913,1,500,0,0,150,3,150,3,2.58771e+06,148,2533,150,149
11914,1,500,0,0,150,3,150,3,2.57571e+06,148,2521,150,149
11915,1,500,0,0,150,3,150,3,2.43538e+06,148,2380.67,150,149
11916,1,500,0,0,150,3,150,3,2.40471e+06,148,2350,150,149
11917,1,500,0,0,150,3,150,3,2.46604e+06,148,2411.33,150,149
11918,1,500,0,0,150,3,150,3,2.40804e+06,148,2353.33,150,149
11919,1,500,0,0,150,3,150,3,2.57171e+06,148,2517,150,149
11920,1,500,0,0,150,3,150,3,2.45571e+06,148,2401,150,149
11921,1,500,0,0,150,3,150,3,2.43338e+06,148,2378.67,150,149
11922,1,500,0,0,150,3,150,3,2.20471e+06,148,2150,150,149
11923,1,500,0,0,150,3,150,3,2.49371e+06,148,2439,150,149
11924,1,500,0,0,150,3,150,3,2.48038e+06,148,2425.67,150,149
11925,1,500,0,0,150,3,150,3,2.54371e+06,148,2489,150,149
11926,1,500,0,0,150,3,150,3,2.63471e+06,148,2580,150,149
11927,1,500,0,0,150,3,150,3,2.39671e+06,148,2342,150,149
11928,1,500,0,0,150,3,150,3,2.55238e+06,148,2497.67,150,149
11929,1,500,0,0,150,3,150,3,2.47438e+06,148,2419.67,150,149
11930,1,500,0,0,150,3,150,3,2.58204e+06,148,2527.33,150,149
11931,1,500,0,0,150,3,150,3,2.33704e+06,148,2282.33,150,149
11932,1,500,0,0,150,3,150,3,2.32238e+06,148,2267.67,150,149
11933,1,500,0,0,150,3,150,3,2.40471e+06,148,2350,150,149
11934,1,500,0,0,150,3,150,3,2.51704e+06,148,2462.33,150,149
11935,1,500,0,0,150,3,150,3,2.47271e+06,148,2418,150,149
11936,1,500,0,0,150,3,150,3,2.36471e+06,148,2310,150,149
11937,1,500,0,0,150,3,150,3,2.48704e+06,148,2432.33,150,149
11938,1,500,0,0,150,3,150,3,2.45104e+06,148,2396.33,150,149
11939,1,500,0,0,150,3,150,3,2.66038e+06,148,2605.67,150,149
11940,1,500,0,0,150,3,150,3,2.47938e+06,148,2424.67,150,149
11941,1,500,0,0,150,3,150,3,2.68104e+06,148,2626.33,150,149
11942,1,500,0,0,150,3,150,3,2.44971e+06,148,2395,150,149
11943,1,500,0,0,150,3,150,3,2.45204e+06,148,2397.33,150,149
11944,1,500,0,0,150,3,150,3,2.56471e+06,148,2510,150,149
11945,1,500,0,0,150,3,150,3,2.40271e+06,148,2348,150,149
11946,1,500,0,0,150,3,150,3,2.51071e+06,148,2456,150,149
11947,1,500,0,0,150,3,150,3,2.60104e+06,148,2546.33,150,149
11948,1,500,0,0,150,3,150,3,2.66004e+06,148,2605.33,150,149
11949,1,500,0,0,150,3,150,3,2.27571e+06,148,2221,150,149
11950,1,500,0,0,150,3,150,3,2.50438e+06,148,2449.67,150,149
11951,1,500,0,0,150,3,150,3,2.51704e+06,148,2462.33,150,149
11952,1,500,0,0,150,3,150,3,2.43404e+06,148,2379.33,150,149
11953,1,500,0,0,150,3,150,3,2.43971e+06,148,2385,150,149
11954,1,500,0,0,150,3,150,3,2.59571e+06,148,2541,150,149
11955,1,500,0,0,150,3,150,3,2.46071e+06,148,2406,150,149
11956,1,500,0,0,150,3,150,3,2.59804e+06,148,2543.33,150,149
11957,1,500,0,0,150,3,150,3,2.22304e+06,148,2168.33,150,149
11958,1,500,0,0,150,3,150,3,2.48171e+06,148,2427,150,149
11959,1,500,0,0,150,3,150,3,2.45604e+06,148,2401.33,150,149
11960,1,500,0,0,150,3,150,3,2.55271e+06,148,2498,150,149
11961,1,500,0,0,150,3,150,3,2.41838e+06,148,2363.67,150,149
11962,1,500,0,0,150,3,150,3,2.70671e+06,148,2652,150,149
11963,1,500,0,0,150,3,150,3,2.60804e+06,148,2553.33,150,149
11964,1,500,0,0,150,3,150,3,2.42204e+06,148,2367.33,150,149
11965,1,500,0,0,150,3,150,3,2.40938e+06,148,2354.67,150,149
11966,1,500,0,0,150,3,150,3,2.45504e+06,148,2400.33,150,149
11967,1,500,0,0,150,3,150,3,2.31504e+06,148,2260.33,150,149
11968,1,500,0,0,150,3,150,3,2.41004e+06,148,2355.33,150,149
11969,1,500,0,0,150,3,150,3,2.34071e+06,148,2286,150,149
11970,1,500,0,0,150,3,150,3,2.48971e+06,148,2435,150,149
11971,1,500,0,0,150,3,150,3,2.63471e+06,148,2580,150,149
11972,1,500,0,0,150,3,150,3,2.73904e+06,148,2684.33,150,149
11973,1,500,0,0,150,3,150,3,2.66204e+06,148,2607.33,150,149
11974,1,500,0,0,150,3,150,3,2.37004e+06,148,2315.33,150,149
11975,1,500,0,0,150,3,150,3,2.52204e+06,148,2467.33,150,149
11976,1,500,0,0,150,3,150,3,2.49404e+06,148,2439.33,150,149
11977,1,500,0,0,150,3,150,3,2.56138e+06,148,2506.67,150,149
11978,1,500,0,0,150,3,150,3,2.48271e+06,148,2428,150,149
11979,1,500,0,0,150,3,150,3,2.39738e+06,148,2342.67,150,149
11980,1,500,0,0,150,3,150,3,2.60571e+06,148,2551,150,149
11981,1,500,0,0,150,3,150,3,2.46038e+06,148,2405.67,150,149
11982,1,500,0,0,150,3,150,3,2.67238e+06,148,2617.67,150,149
11983,1,500,0,0,150,3,150,3,2.47138e+06,148,2416.67,150,149
11984,1,500,0,0,150,3,150,3,2.58804e+06,148,2533.33,150,149
11985,1,500,0,0,150,3,150,3,2.52538e+06,148,2470.67,150,149
11986,1,500,0,0,150,3,150,3,2.32238e+06,148,2267.67,150,149
11987,1,500,0,0,150,3,150,3,2.63338e+06,148,2578.67,150,149
11988,1,500,0,0,150,3,150,3,2.45771e+06,148,2403,150,149
11989,1,500,0,0,150,3,150,3,2.35604e+06,148,2301.33,150,149
11990,1,500,0,0,150,3,150,3,2.45438e+06,148,2399.67,150,149
11991,1,500,0,0,150,3,150,3,2.54671e+06,148,2492,150,149
11992,1,500,0,0,150,3,150,3,2.50538e+06,148,2450.67,150,149
11993,1,500,0,0,150,3,150,3,2.43471e+06,148,2380,150,149
11994,1,500,0,0,150,3,150,3,2.48004e+06,148,2425.33,150,149
11995,1,500,0,0,150,3,150,3,2.44938e+06,148,2394.67,150,149
11996,1,500,0,0,150,3,150,3,2.50771e+06,148,2453,150,149
11997,1,500,0,0,150,3,150,3,2.22771e+06,148,2173,150,149
11998,1,500,0,0,150,3,150,3,2.57104e+06,148,2516.33,150,149
11999,1,500,0,0,150,3,150,3,2.59771e+06,148,2543,150,149
12000,1,500,0,0,150,3,150,3,2.42704e+06,148,2372.33,150,149
12001,1,500,0,0,150,3,150,3,2.34904e+06,148,2294.33,150,149
12002,1,500,0,0,150,3,150,3,2.60804e+06,148,2553.33,150,149
12003,1,500,0,0,150,3,150,3,2.43671e+06,148,2382,150,149
12004,1,500,0,0,150,3,150,3,2.55071e+06,148,2496,150,149
12005,1,500,0,0,150,3,150,3,2.56571e+06,148,2511,150,149
12006,1,500,0,0,150,3,150,3,2.70438e+06,148,2649.67,150,149
12007,1,500,0,0,150,3,150,3,2.51438e+06,148,2459.67,150,149
12008,1,500,0,0,150,3,150,3,2.60004e+06,148,2545.33,150,149
12009,1,500,0,0,150,3,150,3,2.69971e+06,148,2645,150,149
12010,1,500,0,0,150,3,150,3,2.51871e+06,148,2464,150,149
12011,1,500,0,0,150,3,150,3,2.62604e+06,148,2571.33,150,149
12012,1,500,0,0,150,3,150,3,2.55338e+06,148,2498.67,150,149
12013,1,500,0,0,150,3,150,3,2.32404e+06,148,2269.33,150,149
12014,1,500,0,0,150,3,150,3,2.67871e+06,148,2624,150,149
12015,1,500,0,0,150,3,150,3,2.39671e+06,148,2342,150,149
12016,1,500,0,0,150,3,150,3,2.54404e+06,148,2489.33,150,149
12017,1,500,0,0,150,3,150,3,2.42204e+06,148,2367.33,150,149
12018,1,500,0,0,150,3,150,3,2.36338e+06,148,2308.67,150,149
12019,1,500,0,0,150,3,150,3,2.34104e+06,148,2286.33,150,149
12020,1,500,0,0,150,3,150,3,2.37671e+06,148,2322,150,149
12021,1,500,0,0,150,3,150,3,2.53438e+06,148,2479.67,150,149
12022,1,500,0,0,150,3,150,3,2.26338e+06,148,2208.67,150,149
12023,1,500,0,0,150,3,150,3,2.58638e+06,148,2531.67,150,149
12024,1,500,0,0,150,3,150,3,2.34171e+06,148,2287,150,149
12025,1,500,0,0,150,3,150,3,2.34571e+06,148,2291,150,149
12026,1,500,0,0,150,3,150,3,2.45871e+06,148,2404,150,149
12027,1,500,0,0,150,3,150,3,2.65138e+06,148,2596.67,150,149
12028,1,500,0,0,150,3,150,3,2.67738e+06,148,2622.67,150,149
12029,1,500,0,0,150,3,150,3,2.59438e+06,148,2539.67,150,149
12030,1,500,0,0,150,3,150,3,2.62604e+06,148,2571.33,150,149
12031,1,500,0,0,150,3,150,3,2.54904e+06,148,2494.33,150,149
12032,1,500,0,0,150,3,150,3,2.55171e+06,148,2497,150,149
12033,1,500,0,0,150,3,150,3,2.50138e+06,148,2446.67,150,149
12034,1,500,0,0,150,3,150,3,2.53004e+06,148,2475.33,150,149
12035,1,500,0,0,150,3,150,3,2.60538e+06,148,2550.67,150,149
12036,1,500,0,0,150,3,150,3,2.57604e+06,148,2521.33,150,149
12037,1,500,0,0,150,3,150,3,2.43071e+06,148,2376,150,149
12038,1,500,0,0,150,3,150,3,2.38138e+06,148,2326.67,150,149
12039,1,500,0,0,150,3,150,3,2.47604e+06,148,2421.33,150,149
12040,1,500,0,0,150,3,150,3,2.40938e+06,148,2354.67,150,149
12041,1,500,0,0,150,3,150,3,2.82871e+06,148,2774,150,149
12042,1,500,0,0,150,3,150,3,2.46804e+06,148,2413.33,150,149
12043,1,500,0,0,150,3,150,3,2.56204e+06,148,2507.33,150,149
12044,1,500,0,0,150,3,150,3,2.28071e+06,148,2226,150,149
12045,1,500,0,0,150,3,150,3,2.29738e+06,148,2242.67,150,149
12046,1,500,0,0,150,3,150,3,2.51504e+06,148,2460.33,150,149
12047,1,500,0,0,150,3,150,3,2.37704e+06,148,2322.33,150,149
12048,1,500,0,0,150,3,150,3,2.30638e+06,148,2251.67,150,149
12049,1,500,0,0,150,3,150,3,2.31004e+06,148,2255.33,150,149
12050,1,500,0,0,150,3,150,3,2.39104e+06,148,2336.33,150,149
12051,1,500,0,0,150,3,150,3,2.35771e+06,148,2303,150,149
12052,1,500,0,0,150,3,150,3,2.55871e+06,148,2504,150,149
12053,1,500,0,0,150,3,150,3,2.57171e+06,148,2517,150,149
12054,1,500,0,0,150,3,150,3,2.52804e+06,148,2473.33,150,149
12055,1,500,0,0,150,3,150,3,2.43638e+06,148,2381.67,150,149
12056,1,500,0,0,150,3,150,3,2.68004e+06,148,2625.33,150,149
12057,1,500,0,0,150,3,150,3,2.51504e+06,148,2460.33,150,149
12058,1,500,0,0,150,3,150,3,2.28571e+06,148,2231,150,149
12059,1,500,0,0,150,3,150,3,2.65838e+06,148,2603.67,150,149
12060,1,500,0,0,150,3,150,3,2.37038e+06,148,2315.67,150,149
12061,1,500,0,0,150,3,150,3,2.32504e+06,148,2270.33,150,149
12062,1,500,0,0,150,3,150,3,2.35204e+06,148,2297.33,150,149
12063,1,500,0,0,150,3,150,3,2.45538e+06,148,2400.67,150,149
12064,1,500,0,0,150,3,150,3,2.54671e+06,148,2492,150,149
12065,1,500,0,0,150,3,150,3,2.40438e+06,148,2349.67,150,149
12066,1,500,0,0,150,3,150,3,2.30638e+06,148,2251.67,150,149
12067,1,500,0,0,150,3,150,3,2.65804e+06,148,2603.33,150,149
12068,1,500,0,0,150,3,150,3,2.55971e+06,148,2505,150,149
12069,1,500,0,0,150,3,150,3,2.57471e+06,148,2520,150,149
12070,1,500,0,0,150,3,150,3,2.46238e+06,148,2407.67,150,149
12071,1,500,0,0,150,3,150,3,2.56471e+06,148,2510,150,149
12072,1,500,0,0,150,3,150,3,2.64171e+06,148,2587,150,149
12073,1,500,0,0,150,3,150,3,2.53104e+06,148,2476.33,150,149
12074,1,500,0,0,150,3,150,3,2.51104e+06,148,2456.33,150,149
12075,1,500,0,0,150,3,150,3,2.41638e+06,148,2361.67,150,149
12076,1,500,0,0,150,3,150,3,2.44704e+06,148,2392.33,150,149
12077,1,500,0,0,150,3,150,3,2.50304e+06,148,2448.33,150,149
12078,1,500,0,0,150,3,150,3,2.50971e+06,148,2455,150,149
12079,1,500,0,0,150,3,150,3,2.25071e+06,148,2196,150,149
12080,1,500,0,0,150,3,150,3,2.51671e+06,148,2462,150,149
12081,1,500,0,0,150,3,150,3,2.28104e+06,148,2226.33,150,149
12082,1,500,0,0,150,3,150,3,2.45238e+06,148,2397.67,150,149
12083,1,500,0,0,150,3,150,3,2.44238e+06,148,2387.67,150,149
12084,1,500,0,0,150,3,150,3,2.54938e+06,148,2494.67,150,149
12085,1,500,0,0,150,3,150,3,2.59438e+06,148,2539.67,150,149
12086,1,500,0,0,150,3,150,3,2.26704e+06,148,2212.33,150,149
12087,1,500,0,0,150,3,150,3,2.57538e+06,148,2520.67,150,149
12088,1,500,0,0,150,3,150,3,2.50671e+06,148,2452,150,149
12089,1,500,0,0,150,3,150,3,2.37704e+06,148,2322.33,150,149
12090,1,500,0,0,150,3,150,3,2.64904e+06,148,2594.33,150,149
12091,1,500,0,0,150,3,150,3,2.40204e+06,148,2347.33,150,149
12092,1,500,0,0,150,3,150,3,2.43438e+06,148,2379.67,150,149
12093,1,500,0,0,150,3,150,3,2.29338e+06,148,2238.67,150,149
12094,1,500,0,0,150,3,150,3,2.46971e+06,148,2415,150,149
12095,1,500,0,0,150,3,150,3,2.53504e+06,148,2480.33,150,149
12096,1,500,0,0,150,3,150,3,2.65471e+06,148,2600,150,149
12097,1,500,0,0,150,3,150,3,2.43804e+06,148,2383.33,150,149
12098,1,500,0,0,150,3,150,3,2.68104e+06,148,2626.33,150,149
12099,1,500,0,0,150,3,150,3,2.59338e+06,148,2538.67,150,149
12100,1,500,0,0,150,3,150,3,2.56938e+06,148,2514.67,150,149
12101,1,500,0,0,150,3,150,3,2.50304e+06,148,2448.33,150,149
12102,1,500,0,0,150,3,150,3,2.60538e+06,148,2550.67,150,149
12103,1,500,0,0,150,3,150,3,2.51138e+06,148,2456.67,150,149
12104,1,500,0,0,150,3,150,3,2.49638e+06,148,2441.67,150,149
12105,1,500,0,0,150,3,150,3,2.53571e+06,148,2481,150,149
12106,1,500,0,0,150,3,150,3,3.00671e+06,148,2952,150,149
12107,1,500,0,0,150,3,150,3,2.32338e+06,148,2268.67,150,149
12108,1,500,0,0,150,3,150,3,2.55771e+06,148,2503,150,149
12109,1,500,0,0,150,3,150,3,2.59504e+06,148,2540.33,150,149
12110,1,500,0,0,150,3,150,3,2.41571e+06,148,2361,150,149
12111,1,500,0,0,150,3,150,3,2.40104e+06,148,2346.33,150,149
12112,1,500,0,0,150,3,150,3,2.47638e+06,148,2421.67,150,149
12113,1,500,0,0,150,3,150,3,2.53538e+06,148,2480.67,150,149
12114,1,500,0,0,150,3,150,3,2.48838e+06,148,2433.67,150,149
12115,1,500,0,0,150,3,150,3,2.55371e+06,148,2499,150,149
12116,1,500,0,0,150,3,150,3,2.32704e+06,148,2272.33,150,149
12117,1,500,0,0,150,3,150,3,2.61971e+06,148,2565,150,149
12118,1,500,0,0,150,3,150,3,2.60471e+06,148,2550,150,149
12119,1,500,0,0,150,3,150,3,2.46904e+06,148,2414.33,150,149
12120,1,500,0,0,150,3,150,3,2.43138e+06,148,2376.67,150,149
12121,1,500,0,0,150,3,150,3,2.51904e+06,148,2464.33,150,149
12122,1,500,0,0,150,3,150,3,2.45904e+06,148,2404.33,150,149
12123,1,500,0,0,150,3,150,3,2.31471e+06,148,2260,150,149
12124,1,500,0,0,150,3,150,3,2.44271e+06,148,2388,150,149
12125,1,500,0,0,150,3,150,3,2.46871e+06,148,2414,150,149
12126,1,500,0,0,150,3,150,3,2.65371e+06,148,2599,150,149
12127,1,500,0,0,150,3,150,3,2.46871e+06,148,2414,150,149
12128,1,500,0,0,150,3,150,3,2.43338e+06,148,2378.67,150,149
12129,1,500,0,0,150,3,150,3,2.49404e+06,148,2439.33,150,149
12130,1,500,0,0,150,3,150,3,2.50571e+06,148,2451,150,149
12131,1,500,0,0,150,3,150,3,2.63771e+06,148,2583,150,149
12132,1,500,0,0,150,3,150,3,2.33204e+06,148,2277.33,150,149
12133,1,500,0,0,150,3,150,3,2.40338e+06,148,2348.67,150,149
12134,1,500,0,0,150,3,150,3,2.57671e+06,148,2522,150,149
12135,1,500,0,0,150,3,150,3,2.57938e+06,148,2524.67,150,149
12136,1,500,0,0,150,3,150,3,2.44304e+06,148,2388.33,150,149
12137,1,500,0,0,150,3,150,3,2.33471e+06,148,2280,150,149
12138,1,500,0,0,150,3,150,3,2.41438e+06,148,2359.67,150,149
12139,1,500,0,0,150,3,150,3,2.38504e+06,148,2330.33,150,149
12140,1,500,0,0,150,3,150,3,2.60871e+06,148,2554,150,149
12141,1,500,0,0,150,3,150,3,2.58571e+06,148,2531,150,149
12142,1,500,0,0,150,3,150,3,2.45938e+06,148,2404.67,150,149
12143,1,500,0,0,150,3,150,3,2.61004e+06,148,2555.33,150,149
12144,1,500,0,0,150,3,150,3,2.46038e+06,148,2405.67,150,149
12145,1,500,0,0,150,3,150,3,2.65138e+06,148,2596.67,150,149
12146,1,500,0,0,150,3,150,3,2.47238e+06,148,2417.67,150,149
12147,1,500,0,0,150,3,150,3,2.51004e+06,148,2455.33,150,149
12148,1,500,0,0,150,3,150,3,2.54371e+06,148,2489,150,149
12149,1,500,0,0,150,3,150,3,2.53238e+06,148,2477.67,150,149
12150,1,500,0,0,150,3,150,3,2.39971e+06,148,2345,150,149
12151,1,500,0,0,150,3,150,3,2.59471e+06,148,2540,150,149
12152,1,500,0,0,150,3,150,3,2.51538e+06,148,2460.67,150,149
12153,1,500,0,0,150,3,150,3,2.48338e+06,148,2428.67,150,149
12154,1,500,0,0,150,3,150,3,2.51138e+06,148,2456.67,150,149
12155,1,500,0,0,150,3,150,3,2.54271e+06,148,2488,150,149
12156,1,500,0,0,150,3,150,3,2.55304e+06,148,2498.33,150,149
12157,1,500,0,0,150,3,150,3,2.35504e+06,148,2300.33,150,149
12158,1,500,0,0,150,3,150,3,2.35504e+06,148,2300.33,150,149
12159,1,500,0,0,150,3,150,3,2.44804e+06,148,2393.33,150,149
12160,1,500,0,0,150,3,150,3,2.49771e+06,148,2443,150,149
12161,1,500,0,0,150,3,150,3,2.47738e+06,148,2422.67,150,149
12162,1,500,0,0,150,3,150,3,2.52904e+06,148,2474.33,150,149
12163,1,500,0,0,150,3,150,3,2.55171e+06,148,2497,150,149
12164,1,500,0,0,150,3,150,3,2.46871e+06,148,2414,150,149
12165,1,500,0,0,150,3,150,3,2.49704e+06,148,2442.33,150,149
12166,1,500,0,0,150,3,150,3,2.57804e+06,148,2523.33,150,149
12167,1,500,0,0,150,3,150,3,2.59871e+06,148,2544,150,149
12168,1,500,0,0,150,3,150,3,2.52904e+06,148,2474.33,150,149
12169,1,500,0,0,150,3,150,3,2.39338e+06,148,2338.67,150,149
12170,1,500,0,0,150,3,150,3,2.48904e+06,148,2434.33,150,149
12171,1,500,0,0,150,3,150,3,2.37571e+06,148,2321,150,149
12172,1,500,0,0,150,3,150,3,2.43404e+06,148,2379.33,150,149
12173,1,500,0,0,150,3,150,3,2.29604e+06,148,2241.33,150,149
12174,1,500,0,0,150,3,150,3,2.52171e+06,148,2467,150,149
12175,1,500,0,0,150,3,150,3,2.30404e+06,148,2249.33,150,149
12176,1,500,0,0,150,3,150,3,2.29538e+06,148,2240.67,150,149
12177,1,500,0,0,150,3,150,3,2.56038e+06,148,2505.67,150,149
12178,1,500,0,0,150,3,150,3,2.50371e+06,148,2449,150,149
12179,1,500,0,0,150,3,150,3,2.49871e+06,148,2444,150,149
12180,1,500,0,0,150,3,150,3,2.53571e+06,148,2481,150,149
12181,1,500,0,0,150,3,150,3,2.56571e+06,148,2511,150,149
12182,1,500,0,0,150,3,150,3,2.44471e+06,148,2390,150,149
12183,1,500,0,0,150,3,150,3,2.49704e+06,148,2442.33,150,149
12184,1,500,0,0,150,3,150,3,2.54038e+06,148,2485.67,150,149
12185,1,500,0,0,150,3,150,3,2.38238e+06,148,2327.67,150,149
12186,1,500,0,0,150,3,150,3,2.50271e+06,148,2448,150,149
12187,1,500,0,0,150,3,150,3,2.43304e+06,148,2378.33,150,149
12188,1,500,0,0,150,3,150,3,2.44438e+06,148,2389.67,150,149
12189,1,500,0,0,150,3,150,3,2.49204e+06,148,2437.33,150,149
12190,1,500,0,0,150,3,150,3,2.41538e+06,148,2360.67,150,149
12191,1,500,0,0,150,3,150,3,2.59004e+06,148,2535.33,150,149
12192,1,500,0,0,150,3,150,3,2.45571e+06,148,2401,150,149
12193,1,500,0,0,150,3,150,3,2.50404e+06,148,2449.33,150,149
12194,1,500,0,0,150,3,150,3,2.55938e+06,148,2504.67,150,149
12195,1,500,0,0,150,3,150,3,2.56571e+06,148,2511,150,149
12196,1,500,0,0,150,3,150,3,2.55204e+06,148,2497.33,150,149
12197,1,500,0,0,150,3,150,3,2.23938e+06,148,2184.67,150,149
12198,1,500,0,0,150,3,150,3,2.28438e+06,148,2229.67,150,149
12199,1,500,0,0,150,3,150,3,2.51571e+06,148,2461,150,149
12200,1,500,0,0,150,3,150,3,2.50938e+06,148,2454.67,150,149
12201,1,500,0,0,150,3,150,3,2.60371e+06,148,2549,150,149
12202,1,500,0,0,150,3,150,3,2.56504e+06,148,2510.33,150,149
12203,1,500,0,0,150,3,150,3,2.32371e+06,148,2269,150,149
12204,1,500,0,0,150,3,150,3,2.41638e+06,148,2361.67,150,149
12205,1,500,0,0,150,3,150,3,2.59704e+06,148,2542.33,150,149
12206,1,500,0,0,150,3,150,3,2.35938e+06,148,2304.67,150,149
12207,1,500,0,0,150,3,150,3,2.61071e+06,148,2556,150,149
12208,1,500,0,0,150,3,150,3,2.42138e+06,148,2366.67,150,149
12209,1,500,0,0,150,3,150,3,2.53271e+06,148,2478,150,149
12210,1,500,0,0,150,3,150,3,2.61004e+06,148,2555.33,150,149
12211,1,500,0,0,150,3,150,3,2.53638e+06,148,2481.67,150,149
12212,1,500,0,0,150,3,150,3,2.54304e+06,148,2488.33,150,149
12213,1,500,0,0,150,3,150,3,2.33271e+06,148,2278,150,149
12214,1,500,0,0,150,3,150,3,2.64038e+06,148,2585.67,150,149
12215,1,500,0,0,150,3,150,3,2.48338e+06,148,2428.67,150,149
12216,1,500,0,0,150,3,150,3,2.33038e+06,148,2275.67,150,149
12217,1,500,0,0,150,3,150,3,2.36438e+06,148,2309.67,150,149
12218,1,500,0,0,150,3,150,3,2.68104e+06,148,2626.33,150,149
12219,1,500,0,0,150,3,150,3,2.31504e+06,148,2260.33,150,149
12220,1,500,0,0,150,3,150,3,2.64804e+06,148,2593.33,150,149
12221,1,500,0,0,150,3,150,3,2.58271e+06,148,2528,150,149
12222,1,500,0,0,150,3,150,3,2.46438e+06,148,2409.67,150,149
12223,1,500,0,0,150,3,150,3,2.28504e+06,148,2230.33,150,149
12224,1,500,0,0,150,3,150,3,2.55904e+06,148,2504.33,150,149
12225,1,500,0,0,150,3,150,3,2.36238e+06,148,2307.67,150,149
12226,1,500,0,0,150,3,150,3,2.37938e+06,148,2324.67,150,149
12227,1,500,0,0,150,3,150,3,2.78004e+06,148,2725.33,150,149
12228,1,500,0,0,150,3,150,3,2.54871e+06,148,2494,150,149
12229,1,500,0,0,150,3,150,3,2.58804e+06,148,2533.33,150,149
12230,1,500,0,0,150,3,150,3,2.50971e+06,148,2455,150,149
12231,1,500,0,0,150,3,150,3,2.53338e+06,148,2478.67,150,149
12232,1,500,0,0,150,3,150,3,2.52304e+06,148,2468.33,150,149
12233,1,500,0,0,150,3,150,3,2.53504e+06,148,2480.33,150,149
12234,1,500,0,0,150,3,150,3,2.51904e+06,148,2464.33,150,149
12235,1,500,0,0,150,3,150,3,2.69204e+06,148,2637.33,150,149
12236,1,500,0,0,150,3,150,3,2.31204e+06,148,2257.33,150,149
12237,1,500,0,0,150,3,150,3,2.50638e+06,148,2451.67,150,149
12238,1,500,0,0,150,3,150,3,2.71438e+06,148,2659.67,150,149
12239,1,500,0,0,150,3,150,3,2.40571e+06,148,2351,150,149
12240,1,500,0,0,150,3,150,3,2.43271e+06,148,2378,150,149
12241,1,500,0,0,150,3,150,3,2.56238e+06,148,2507.67,150,149
12242,1,500,0,0,150,3,150,3,2.46904e+06,148,2414.33,150,149
12243,1,500,0,0,150,3,150,3,2.51271e+06,148,2458,150,149
12244,1,500,0,0,150,3,150,3,2.30471e+06,148,2250,150,149
12245,1,500,0,0,150,3,150,3,2.56571e+06,148,2511,150,149
12246,1,500,0,0,150,3,150,3,2.42171e+06,148,2367,150,149
12247,1,500,0,0,150,3,150,3,2.53604e+06,148,2481.33,150,149
12248,1,500,0,0,150,3,150,3,2.36204e+06,148,2307.33,150,149
12249,1,500,0,0,150,3,150,3,2.52471e+06,148,2470,150,149
12250,1,500,0,0,150,3,150,3,2.30204e+06,148,2247.33,150,149
12251,1,500,0,0,150,3,150,3,2.48104e+06,148,2426.33,150,149
12252,1,500,0,0,150,3,150,3,2.37671e+06,148,2322,150,149
12253,1,500,0,0,150,3,150,3,2.54471e+06,148,2490,150,149
12254,1,500,0,0,150,3,150,3,2.55071e+06,148,2496,150,149
12255,1,500,0,0,150,3,150,3,2.51571e+06,148,2461,150,149
12256,1,500,0,0,150,3,150,3,2.30038e+06,148,2245.67,150,149
12257,1,500,0,0,150,3,150,3,2.55971e+06,148,2505,150,149
12258,1,500,0,0,150,3,150,3,2.42938e+06,148,2374.67,150,149
12259,1,500,0,0,150,3,150,3,2.47038e+06,148,2415.67,150,149
12260,1,500,0,0,150,3,150,3,2.72504e+06,148,2670.33,150,149
12261,1,500,0,0,150,3,150,3,2.56438e+06,148,2509.67,150,149
12262,1,500,0,0,150,3,150,3,2.52071e+06,148,2466,150,149
12263,1,500,0,0,150,3,150,3,2.66971e+06,148,2615,150,149
12264,1,500,0,0,150,3,150,3,2.28771e+06,148,2233,150,149
12265,1,500,0,0,150,3,150,3,2.16171e+06,148,2107,150,149
12266,1,500,0,0,150,3,150,3,2.34104e+06,148,2286.33,150,149
12267,1,500,0,0,150,3,150,3,2.49538e+06,148,2440.67,150,149
12268,1,500,0,0,150,3,150,3,2.41338e+06,148,2358.67,150,149
12269,1,500,0,0,150,3,150,3,2.52171e+06,148,2467,150,149
12270,1,500,0,0,150,3,150,3,2.46171e+06,148,2407,150,149
12271,1,500,0,0,150,3,150,3,2.37071e+06,148,2316,150,149
12272,1,500,0,0,150,3,150,3,2.66438e+06,148,2609.67,150,149
12273,1,500,0,0,150,3,150,3,2.63338e+06,148,2578.67,150,149
12274,1,500,0,0,150,3,150,3,2.65238e+06,148,2597.67,150,149
12275,1,500,0,0,150,3,150,3,2.48238e+06,148,2427.67,150,149
12276,1,500,0,0,150,3,150,3,2.48638e+06,148,2431.67,150,149
12277,1,500,0,0,150,3,150,3,2.56038e+06,148,2505.67,150,149
12278,1,500,0,0,150,3,150,3,2.62504e+06,148,2570.33,150,149
12279,1,500,0,0,150,3,150,3,2.44071e+06,148,2386,150,149
12280,1,500,0,0,150,3,150,3,2.48438e+06,148,2429.67,150,149
12281,1,500,0,0,150,3,150,3,2.37238e+06,148,2317.67,150,149
12282,1,500,0,0,150,3,150,3,2.42804e+06,148,2373.33,150,149
12283,1,500,0,0,150,3,150,3,2.37671e+06,148,2322,150,149
12284,1,500,0,0,150,3,150,3,2.53604e+06,148,2481.33,150,149
12285,1,500,0,0,150,3,150,3,2.55204e+06,148,2497.33,150,149
12286,1,500,0,0,150,3,150,3,2.28771e+06,148,2233,150,149
12287,1,500,0,0,150,3,150,3,2.38538e+06,148,2330.67,150,149
12288,1,500,0,0,150,3,150,3,2.40604e+06,148,2351.33,150,149
12289,1,500,0,0,150,3,150,3,2.74171e+06,148,2687,150,149
12290,1,500,0,0,150,3,150,3,2.51138e+06,148,2456.67,150,149
12291,1,500,0,0,150,3,150,3,2.48704e+06,148,2432.33,150,149
12292,1,500,0,0,150,3,150,3,2.32071e+06,148,2266,150,149
12293,1,500,0,0,150,3,150,3,2.53138e+06,148,2476.67,150,149
12294,1,500,0,0,150,3,150,3,2.48104e+06,148,2426.33,150,149
12295,1,500,0,0,150,3,150,3,2.42704e+06,148,2372.33,150,149
12296,1,500,0,0,150,3,150,3,2.23204e+06,148,2177.33,150,149
12297,1,500,0,0,150,3,150,3,2.51171e+06,148,2457,150,149
12298,1,500,0,0,150,3,150,3,2.66438e+06,148,2609.67,150,149
12299,1,500,0,0,150,3,150,3,2.65004e+06,148,2595.33,150,149
12300,1,500,0,0,150,3,150,3,2.41638e+06,148,2361.67,150,149
12301,1,500,0,0,150,3,150,3,2.58538e+06,148,2530.67,150,149
12302,1,500,0,0,150,3,150,3,2.51538e+06,148,2460.67,150,149
12303,1,500,0,0,150,3,150,3,2.54404e+06,148,2489.33,150,149
12304,1,500,0,0,150,3,150,3,2.51704e+06,148,2462.33,150,149
12305,1,500,0,0,150,3,150,3,2.46104e+06,148,2406.33,150,149
12306,1,500,0,0,150,3,150,3,2.42838e+06,148,2373.67,150,149
12307,1,500,0,0,150,3,150,3,2.61504e+06,148,2560.33,150,149
12308,1,500,0,0,150,3,150,3,2.42838e+06,148,2373.67,150,149
12309,1,500,0,0,150,3,150,3,2.60538e+06,148,2550.67,150,149
12310,1,500,0,0,150,3,150,3,2.70638e+06,148,2651.67,150,149
12311,1,500,0,0,150,3,150,3,2.60604e+06,148,2551.33,150,149
12312,1,500,0,0,150,3,150,3,2.40671e+06,148,2352,150,149
12313,1,500,0,0,150,3,150,3,2.33138e+06,148,2276.67,150,149
12314,1,500,0,0,150,3,150,3,2.23671e+06,148,2182,150,149
12315,1,500,0,0,150,3,150,3,2.54504e+06,148,2490.33,150,149
12316,1,500,0,0,150,3,150,3,2.52838e+06,148,2473.67,150,149
12317,1,500,0,0,150,3,150,3,2.42071e+06,148,2366,150,149
12318,1,500,0,0,150,3,150,3,2.44771e+06,148,2393,150,149
12319,1,500,0,0,150,3,150,3,2.61271e+06,148,2558,150,149
12320,1,500,0,0,150,3,150,3,2.42904e+06,148,2374.33,150,149
12321,1,500,0,0,150,3,150,3,2.30571e+06,148,2251,150,149
12322,1,500,0,0,150,3,150,3,2.40404e+06,148,2349.33,150,149
12323,1,500,0,0,150,3,150,3,2.24004e+06,148,2185.33,150,149
12324,1,500,0,0,150,3,150,3,2.48738e+06,148,2432.67,150,149
12325,1,500,0,0,150,3,150,3,2.49204e+06,148,2437.33,150,149
12326,1,500,0,0,150,3,150,3,2.55704e+06,148,2502.33,150,149
12327,1,500,0,0,150,3,150,3,2.53204e+06,148,2477.33,150,149
12328,1,500,0,0,150,3,150,3,2.52004e+06,148,2465.33,150,149
12329,1,500,0,0,150,3,150,3,2.54538e+06,148,2490.67,150,149
12330,1,500,0,0,150,3,150,3,2.29338e+06,148,2238.67,150,149
12331,1,500,0,0,150,3,150,3,2.35538e+06,148,2300.67,150,149
12332,1,500,0,0,150,3,150,3,2.62971e+06,148,2575,150,149
12333,1,500,0,0,150,3,150,3,2.66604e+06,148,2611.33,150,149
12334,1,500,0,0,150,3,150,3,2.50271e+06,148,2448,150,149
12335,1,500,0,0,150,3,150,3,2.60071e+06,148,2546,150,149
12336,1,500,0,0,150,3,150,3,2.40904e+06,148,2354.33,150,149
12337,1,500,0,0,150,3,150,3,2.30538e+06,148,2250.67,150,149
12338,1,500,0,0,150,3,150,3,2.46704e+06,148,2412.33,150,149
12339,1,500,0,0,150,3,150,3,2.35671e+06,148,2302,150,149
12340,1,500,0,0,150,3,150,3,2.47904e+06,148,2424.33,150,149
12341,1,500,0,0,150,3,150,3,2.25404e+06,148,2199.33,150,149
12342,1,500,0,0,150,3,150,3,2.62971e+06,148,2575,150,149
12343,1,500,0,0,150,3,150,3,2.52904e+06,148,2474.33,150,149
12344,1,500,0,0,150,3,150,3,2.49771e+06,148,2443,150,149
12345,1,500,0,0,150,3,150,3,2.53338e+06,148,2478.67,150,149
12346,1,500,0,0,150,3,150,3,2.61704e+06,148,2562.33,150,149
12347,1,500,0,0,150,3,150,3,2.21004e+06,148,2155.33,150,149
12348,1,500,0,0,150,3,150,3,2.16304e+06,148,2108.33,150,149
12349,1,500,0,0,150,3,150,3,2.40971e+06,148,2355,150,149
12350,1,500,0,0,150,3,150,3,2.67671e+06,148,2622,150,149
12351,1,500,0,0,150,3,150,3,2.41338e+06,148,2358.67,150,149
12352,1,500,0,0,150,3,150,3,2.41171e+06,148,2357,150,149
12353,1,500,0,0,150,3,150,3,2.48938e+06,148,2434.67,150,149
12354,1,500,0,0,150,3,150,3,2.51171e+06,148,2457,150,149
12355,1,500,0,0,150,3,150,3,2.39838e+06,148,2343.67,150,149
12356,1,500,0,0,150,3,150,3,2.32871e+06,148,2274,150,149
12357,1,500,0,0,150,3,150,3,2.59071e+06,148,2536,150,149
12358,1,500,0,0,150,3,150,3,2.60471e+06,148,2550,150,149
12359,1,500,0,0,150,3,150,3,2.55571e+06,148,2501,150,149
12360,1,500,0,0,150,3,150,3,2.43504e+06,148,2380.33,150,149
12361,1,500,0,0,150,3,150,3,2.41138e+06,148,2356.67,150,149
12362,1,500,0,0,150,3,150,3,2.41538e+06,148,2360.67,150,149
12363,1,500,0,0,150,3,150,3,2.22771e+06,148,2173,150,149
12364,1,500,0,0,150,3,150,3,2.46071e+06,148,2406,150,149
12365,1,500,0,0,150,3,150,3,2.25704e+06,148,2202.33,150,149
12366,1,500,0,0,150,3,150,3,2.49871e+06,148,2444,150,149
12367,1,500,0,0,150,3,150,3,2.62771e+06,148,2573,150,149
12368,1,500,0,0,150,3,150,3,2.58004e+06,148,2525.33,150,149
12369,1,500,0,0,150,3,150,3,2.52204e+06,148,2467.33,150,149
12370,1,500,0,0,150,3,150,3,2.28838e+06,148,2233.67,150,149
12371,1,500,0,0,150,3,150,3,2.52438e+06,148,2469.67,150,149
12372,1,500,0,0,150,3,150,3,2.39404e+06,148,2339.33,150,149
12373,1,500,0,0,150,3,150,3,2.65771e+06,148,2603,150,149
12374,1,500,0,0,150,3,150,3,2.42804e+06,148,2373.33,150,149
12375,1,500,0,0,150,3,150,3,2.67004e+06,148,2615.33,150,149
12376,1,500,0,0,150,3,150,3,2.48104e+06,148,2426.33,150,149
12377,1,500,0,0,150,3,150,3,2.56638e+06,148,2511.67,150,149
12378,1,500,0,0,150,3,150,3,2.44204e+06,148,2387.33,150,149
12379,1,500,0,0,150,3,150,3,2.53571e+06,148,2481,150,149
12380,1,500,0,0,150,3,150,3,2.49804e+06,148,2443.33,150,149
12381,1,500,0,0,150,3,150,3,2.45938e+06,148,2404.67,150,149
12382,1,500,0,0,150,3,150,3,2.35304e+06,148,2298.33,150,149
12383,1,500,0,0,150,3,150,3,2.58804e+06,148,2533.33,150,149
12384,1,500,0,0,150,3,150,3,2.38604e+06,148,2331.33,150,149
12385,1,500,0,0,150,3,150,3,2.73604e+06,148,2681.33,150,149
12386,1,500,0,0,150,3,150,3,2.36138e+06,148,2306.67,150,149
12387,1,500,0,0,150,3,150,3,2.43971e+06,148,2385,150,149
12388,1,500,0,0,150,3,150,3,2.45871e+06,148,2404,150,149
12389,1,500,0,0,150,3,150,3,2.71204e+06,148,2657.33,150,149
12390,1,500,0,0,150,3,150,3,2.42904e+06,148,2374.33,150,149
12391,1,500,0,0,150,3,150,3,2.58504e+06,148,2530.33,150,149
12392,1,500,0,0,150,3,150,3,2.32304e+06,148,2268.33,150,149
12393,1,500,0,0,150,3,150,3,2.54838e+06,148,2493.67,150,149
12394,1,500,0,0,150,3,150,3,2.26804e+06,148,2213.33,150,149
12395,1,500,0,0,150,3,150,3,2.58104e+06,148,2526.33,150,149
12396,1,500,0,0,150,3,150,3,2.46638e+06,148,2411.67,150,149
12397,1,500,0,0,150,3,150,3,2.39138e+06,148,2336.67,150,149
12398,1,500,0,0,150,3,150,3,2.59171e+06,148,2537,150,149
12399,1,500,0,0,150,3,150,3,2.37571e+06,148,2321,150,149
12400,1,500,0,0,150,3,150,3,2.46738e+06,148,2412.67,150,149
12401,1,500,0,0,150,3,150,3,2.40771e+06,148,2353,150,149
12402,1,500,0,0,150,3,150,3,2.47771e+06,148,2423,150,149
12403,1,500,0,0,150,3,150,3,2.28271e+06,148,2228,150,149
12404,1,500,0,0,150,3,150,3,2.39838e+06,148,2343.67,150,149
12405,1,500,0,0,150,3,150,3,2.33004e+06,148,2275.33,150,149
12406,1,500,0,0,150,3,150,3,2.68371e+06,148,2629,150,149
12407,1,500,0,0,150,3,150,3,2.34604e+06,148,2291.33,150,149
12408,1,500,0,0,150,3,150,3,2.37604e+06,148,2321.33,150,149
12409,1,500,0,0,150,3,150,3,2.32004e+06,148,2265.33,150,149
12410,1,500,0,0,150,3,150,3,2.36371e+06,148,2309,150,149
12411,1,500,0,0,150,3,150,3,2.49504e+06,148,2440.33,150,149
12412,1,500,0,0,150,3,150,3,2.49271e+06,148,2438,150,149
12413,1,500,0,0,150,3,150,3,2.48971e+06,148,2435,150,149
12414,1,500,0,0,150,3,150,3,2.48871e+06,148,2434,150,149
12415,1,500,0,0,150,3,150,3,2.44738e+06,148,2392.67,150,149
12416,1,500,0,0,150,3,150,3,2.49471e+06,148,2440,150,149
12417,1,500,0,0,150,3,150,3,2.39604e+06,148,2341.33,150,149
12418,1,500,0,0,150,3,150,3,2.30371e+06,148,2249,150,149
12419,1,500,0,0,150,3,150,3,2.45104e+06,148,2396.33,150,149
12420,1,500,0,0,150,3,150,3,2.44004e+06,148,2385.33,150,149
12421,1,500,0,0,150,3,150,3,2.48138e+06,148,2426.67,150,149
12422,1,500,0,0,150,3,150,3,2.59438e+06,148,2539.67,150,149
12423,1,500,0,0,150,3,150,3,2.52604e+06,148,2471.33,150,149
12424,1,500,0,0,150,3,150,3,2.60171e+06,148,2547,150,149
12425,1,500,0,0,150,3,150,3,2.53571e+06,148,2481,150,149
12426,1,500,0,0,150,3,150,3,2.55204e+06,148,2497.33,150,149
12427,1,500,0,0,150,3,150,3,2.77204e+06,148,2717.33,150,149
12428,1,500,0,0,150,3,150,3,2.52871e+06,148,2474,150,149
12429,1,500,0,0,150,3,150,3,2.39271e+06,148,2338,150,149
12430,1,500,0,0,150,3,150,3,2.47971e+06,148,2425,150,149
12431,1,500,0,0,150,3,150,3,2.44704e+06,148,2392.33,150,149
12432,1,500,0,0,150,3,150,3,2.39871e+06,148,2344,150,149
12433,1,500,0,0,150,3,150,3,2.57371e+06,148,2519,150,149
12434,1,500,0,0,150,3,150,3,2.41604e+06,148,2361.33,150,149
12435,1,500,0,0,150,3,150,3,2.65804e+06,148,2603.33,150,149
12436,1,500,0,0,150,3,150,3,2.52271e+06,148,2468,150,149
12437,1,500,0,0,150,3,150,3,2.35271e+06,148,2298,150,149
12438,1,500,0,0,150,3,150,3,2.38704e+06,148,2332.33,150,149
12439,1,500,0,0,150,3,150,3,2.43671e+06,148,2382,150,149
12440,1,500,0,0,150,3,150,3,2.51238e+06,148,2457.67,150,149
12441,1,500,0,0,150,3,150,3,2.33204e+06,148,2277.33,150,149
12442,1,500,0,0,150,3,150,3,2.53171e+06,148,2477,150,149
12443,1,500,0,0,150,3,150,3,2.51671e+06,148,2462,150,149
12444,1,500,0,0,150,3,150,3,2.47471e+06,148,2420,150,149
12445,1,500,0,0,150,3,150,3,2.32304e+06,148,2268.33,150,149
12446,1,500,0,0,150,3,150,3,2.57971e+06,148,2525,150,149
12447,1,500,0,0,150,3,150,3,2.53771e+06,148,2483,150,149
12448,1,500,0,0,150,3,150,3,2.51304e+06,148,2458.33,150,149
12449,1,500,0,0,150,3,150,3,2.36204e+06,148,2307.33,150,149
12450,1,500,0,0,150,3,150,3,2.40938e+06,148,2354.67,150,149
12451,1,500,0,0,150,3,150,3,2.37104e+06,148,2316.33,150,149
12452,1,500,0,0,150,3,150,3,2.50771e+06,148,2453,150,149
12453,1,500,0,0,150,3,150,3,2.41038e+06,148,2355.67,150,149
12454,1,500,0,0,150,3,150,3,2.45238e+06,148,2397.67,150,149
12455,1,500,0,0,150,3,150,3,2.41404e+06,148,2359.33,150,149
12456,1,500,0,0,150,3,150,3,2.57604e+06,148,2521.33,150,149
12457,1,500,0,0,150,3,150,3,2.48004e+06,148,2425.33,150,149
12458,1,500,0,0,150,3,150,3,2.58738e+06,148,2532.67,150,149
12459,1,500,0,0,150,3,150,3,2.49438e+06,148,2439.67,150,149
12460,1,500,0,0,150,3,150,3,2.61638e+06,148,2561.67,150,149
12461,1,500,0,0,150,3,150,3,2.51338e+06,148,2458.67,150,149
12462,1,500,0,0,150,3,150,3,2.51238e+06,148,2457.67,150,149
12463,1,500,0,0,150,3,150,3,2.61904e+06,148,2564.33,150,149
12464,1,500,0,0,150,3,150,3,2.47104e+06,148,2416.33,150,149
12465,1,500,0,0,150,3,150,3,2.51004e+06,148,2455.33,150,149
12466,1,500,0,0,150,3,150,3,2.62838e+06,148,2573.67,150,149
12467,1,500,0,0,150,3,150,3,2.59904e+06,148,2544.33,150,149
12468,1,500,0,0,150,3,150,3,2.46371e+06,148,2409,150,149
12469,1,500,0,0,150,3,150,3,2.63904e+06,148,2584.33,150,149
12470,1,500,0,0,150,3,150,3,2.30204e+06,148,2247.33,150,149
12471,1,500,0,0,150,3,150,3,2.51271e+06,148,2458,150,149
12472,1,500,0,0,150,3,150,3,2.38104e+06,148,2326.33,150,149
12473,1,500,0,0,150,3,150,3,2.38204e+06,148,2327.33,150,149
12474,1,500,0,0,150,3,150,3,2.49838e+06,148,2443.67,150,149
12475,1,500,0,0,150,3,150,3,2.40104e+06,148,2346.33,150,149
12476,1,500,0,0,150,3,150,3,2.44538e+06,148,2390.67,150,149
12477,1,500,0,0,150,3,150,3,2.29138e+06,148,2236.67,150,149
12478,1,500,0,0,150,3,150,3,2.41371e+06,148,2359,150,149
12479,1,500,0,0,150,3,150,3,2.42538e+06,148,2370.67,150,149
12480,1,500,0,0,150,3,150,3,2.57104e+06,148,2516.33,150,149
12481,1,500,0,0,150,3,150,3,2.43938e+06,148,2384.67,150,149
12482,1,500,0,0,150,3,150,3,2.14504e+06,148,2090.33,150,149
12483,1,500,0,0,150,3,150,3,2.48271e+06,148,2428,150,149
12484,1,500,0,0,150,3,150,3,2.50471e+06,148,2450,150,149
12485,1,500,0,0,150,3,150,3,2.78138e+06,148,2726.67,150,149
12486,1,500,0,0,150,3,150,3,2.70371e+06,148,2649,150,149
12487,1,500,0,0,150,3,150,3,2.16404e+06,148,2109.33,150,149
12488,1,500,0,0,150,3,150,3,2.61271e+06,148,2558,150,149
12489,1,500,0,0,150,3,150,3,2.48171e+06,148,2427,150,149
12490,1,500,0,0,150,3,150,3,2.70038e+06,148,2645.67,150,149
12491,1,500,0,0,150,3,150,3,2.44604e+06,148,2391.33,150,149
12492,1,500,0,0,150,3,150,3,2.56371e+06,148,2509,150,149
12493,1,500,0,0,150,3,150,3,2.39038e+06,148,2335.67,150,149
12494,1,500,0,0,150,3,150,3,2.51671e+06,148,2462,150,149
12495,1,500,0,0,150,3,150,3,2.59471e+06,148,2540,150,149
12496,1,500,0,0,150,3,150,3,2.40004e+06,148,2345.33,150,149
12497,1,500,0,0,150,3,150,3,2.39004e+06,148,2335.33,150,149
12498,1,500,0,0,150,3,150,3,2.58771e+06,148,2533,150,149
12499,1,500,0,0,150,3,150,3,2.36271e+06,148,2308,150,149
12500,1,500,0,0,150,3,150,3,2.61838e+06,148,2563.67,150,149
12501,1,500,0,0,150,3,150,3,2.59471e+06,148,2540,150,149
12502,1,500,0,0,150,3,150,3,2.41504e+06,148,2360.33,150,149
12503,1,500,0,0,150,3,150,3,2.30971e+06,148,2255,150,149
12504,1,500,0,0,150,3,150,3,2.56838e+06,148,2513.67,150,149
12505,1,500,0,0,150,3,150,3,2.41138e+06,148,2356.67,150,149
12506,1,500,0,0,150,3,150,3,2.25471e+06,148,2200,150,149
12507,1,500,0,0,150,3,150,3,2.52971e+06,148,2475,150,149
12508,1,500,0,0,150,3,150,3,2.40971e+06,148,2355,150,149
12509,1,500,0,0,150,3,150,3,2.38004e+06,148,2325.33,150,149
12510,1,500,0,0,150,3,150,3,2.29838e+06,148,2243.67,150,149
12511,1,500,0,0,150,3,150,3,2.46838e+06,148,2413.67,150,149
12512,1,500,0,0,150,3,150,3,2.46938e+06,148,2414.67,150,149
12513,1,500,0,0,150,3,150,3,2.56771e+06,148,2513,150,149
12514,1,500,0,0,150,3,150,3,2.34138e+06,148,2286.67,150,149
12515,1,500,0,0,150,3,150,3,2.68638e+06,148,2631.67,150,149
12516,1,500,0,0,150,3,150,3,2.12971e+06,148,2075,150,149
12517,1,500,0,0,150,3,150,3,2.31771e+06,148,2263,150,149
12518,1,500,0,0,150,3,150,3,2.42371e+06,148,2369,150,149
12519,1,500,0,0,150,3,150,3,2.40971e+06,148,2355,150,149
12520,1,500,0,0,150,3,150,3,2.51638e+06,148,2461.67,150,149
12521,1,500,0,0,150,3,150,3,2.37071e+06,148,2316,150,149
12522,1,500,0,0,150,3,150,3,2.47804e+06,148,2423.33,150,149
12523,1,500,0,0,150,3,150,3,2.58038e+06,148,2525.67,150,149
12524,1,500,0,0,150,3,150,3,2.47304e+06,148,2418.33,150,149
12525,1,500,0,0,150,3,150,3,2.43938e+06,148,2384.67,150,149
12526,1,500,0,0,150,3,150,3,2.42438e+06,148,2369.67,150,149
12527,1,500,0,0,150,3,150,3,2.21471e+06,148,2160,150,149
12528,1,500,0,0,150,3,150,3,2.44171e+06,148,2387,150,149
12529,1,500,0,0,150,3,150,3,2.44504e+06,148,2390.33,150,149
12530,1,500,0,0,150,3,150,3,2.33838e+06,148,2283.67,150,149
12531,1,500,0,0,150,3,150,3,2.33238e+06,148,2277.67,150,149
12532,1,500,0,0,150,3,150,3,2.37871e+06,148,2324,150,149
12533,1,500,0,0,150,3,150,3,2.45738e+06,148,2402.67,150,149
12534,1,500,0,0,150,3,150,3,2.74538e+06,148,2690.67,150,149
12535,1,500,0,0,150,3,150,3,2.48471e+06,148,2430,150,149
12536,1,500,0,0,150,3,150,3,2.55538e+06,148,2500.67,150,149
12537,1,500,0,0,150,3,150,3,2.52971e+06,148,2475,150,149
12538,1,500,0,0,150,3,150,3,2.23938e+06,148,2184.67,150,149
12539,1,500,0,0,150,3,150,3,2.22104e+06,148,2166.33,150,149
12540,1,500,0,0,150,3,150,3,2.74304e+06,148,2688.33,150,149
12541,1,500,0,0,150,3,150,3,2.42271e+06,148,2368,150,149
12542,1,500,0,0,150,3,150,3,2.67538e+06,148,2620.67,150,149
12543,1,500,0,0,150,3,150,3,2.51271e+06,148,2458,150,149
12544,1,500,0,0,150,3,150,3,2.41638e+06,148,2361.67,150,149
12545,1,500,0,0,150,3,150,3,2.79704e+06,148,2742.33,150,149
12546,1,500,0,0,150,3,150,3,2.40404e+06,148,2349.33,150,149
12547,1,500,0,0,150,3,150,3,2.49604e+06,148,2441.33,150,149
12548,1,500,0,0,150,3,150,3,2.56738e+06,148,2512.67,150,149
12549,1,500,0,0,150,3,150,3,2.42404e+06,148,2369.33,150,149
12550,1,500,0,0,150,3,150,3,2.37804e+06,148,2323.33,150,149
12551,1,500,0,0,150,3,150,3,2.37004e+06,148,2315.33,150,149
12552,1,500,0,0,150,3,150,3,2.51071e+06,148,2456,150,149
12553,1,500,0,0,150,3,150,3,2.53238e+06,148,2477.67,150,149
12554,1,500,0,0,150,3,150,3,2.56104e+06,148,2506.33,150,149
12555,1,500,0,0,150,3,150,3,2.61471e+06,148,2560,150,149
12556,1,500,0,0,150,3,150,3,2.33071e+06,148,2276,150,149
12557,1,500,0,0,150,3,150,3,2.59604e+06,148,2541.33,150,149
12558,1,500,0,0,150,3,150,3,2.47771e+06,148,2423,150,149
12559,1,500,0,0,150,3,150,3,2.43838e+06,148,2383.67,150,149
12560,1,500,0,0,150,3,150,3,2.62738e+06,148,2572.67,150,149
12561,1,500,0,0,150,3,150,3,2.30638e+06,148,2251.67,150,149
12562,1,500,0,0,150,3,150,3,2.52138e+06,148,2466.67,150,149
12563,1,500,0,0,150,3,150,3,2.43338e+06,148,2378.67,150,149
12564,1,500,0,0,150,3,150,3,2.57504e+06,148,2520.33,150,149
12565,1,500,0,0,150,3,150,3,2.63604e+06,148,2581.33,150,149
12566,1,500,0,0,150,3,150,3,2.51604e+06,148,2461.33,150,149
12567,1,500,0,0,150,3,150,3,2.49204e+06,148,2437.33,150,149
12568,1,500,0,0,150,3,150,3,2.53438e+06,148,2479.67,150,149
12569,1,500,0,0,150,3,150,3,2.43271e+06,148,2378,150,149
12570,1,500,0,0,150,3,150,3,2.55971e+06,148,2505,150,149
12571,1,500,0,0,150,3,150,3,2.54738e+06,148,2492.67,150,149
12572,1,500,0,0,150,3,150,3,2.37671e+06,148,2322,150,149
12573,1,500,0,0,150,3,150,3,2.39304e+06,148,2338.33,150,149
12574,1,500,0,0,150,3,150,3,2.40771e+06,148,2353,150,149
12575,1,500,0,0,150,3,150,3,2.57404e+06,148,2519.33,150,149
12576,1,500,0,0,150,3,150,3,2.54071e+06,148,2486,150,149
12577,1,500,0,0,150,3,150,3,2.63071e+06,148,2576,150,149
12578,1,500,0,0,150,3,150,3,2.50471e+06,148,2450,150,149
12579,1,500,0,0,150,3,150,3,2.53904e+06,148,2484.33,150,149
12580,1,500,0,0,150,3,150,3,2.51338e+06,148,2458.67,150,149
12581,1,500,0,0,150,3,150,3,2.28338e+06,148,2228.67,150,149
12582,1,500,0,0,150,3,150,3,2.40204e+06,148,2347.33,150,149
12583,1,500,0,0,150,3,150,3,2.30104e+06,148,2246.33,150,149
12584,1,500,0,0,150,3,150,3,2.54504e+06,148,2490.33,150,149
12585,1,500,0,0,150,3,150,3,2.52604e+06,148,2471.33,150,149
12586,1,500,0,0,150,3,150,3,2.56771e+06,148,2513,150,149
12587,1,500,0,0,150,3,150,3,2.44338e+06,148,2388.67,150,149
12588,1,500,0,0,150,3,150,3,2.65371e+06,148,2599,150,149
12589,1,500,0,0,150,3,150,3,2.61971e+06,148,2565,150,149
12590,1,500,0,0,150,3,150,3,2.33804e+06,148,2283.33,150,149
12591,1,500,0,0,150,3,150,3,2.34538e+06,148,2290.67,150,149
12592,1,500,0,0,150,3,150,3,2.50871e+06,148,2454,150,149
12593,1,500,0,0,150,3,150,3,2.38338e+06,148,2328.67,150,149
12594,1,500,0,0,150,3,150,3,2.51938e+06,148,2464.67,150,149
12595,1,500,0,0,150,3,150,3,2.45971e+06,148,2405,150,149
12596,1,500,0,0,150,3,150,3,2.39904e+06,148,2344.33,150,149
12597,1,500,0,0,150,3,150,3,2.56404e+06,148,2509.33,150,149
12598,1,500,0,0,150,3,150,3,2.57371e+06,148,2519,150,149
12599,1,500,0,0,150,3,150,3,2.41038e+06,148,2355.67,150,149
12600,1,500,0,0,150,3,150,3,2.30038e+06,148,2245.67,150,149
12601,1,500,0,0,150,3,150,3,2.39704e+06,148,2342.33,150,149
12602,1,500,0,0,150,3,150,3,2.43104e+06,148,2376.33,150,149
12603,1,500,0,0,150,3,150,3,2.55971e+06,148,2505,150,149
12604,1,500,0,0,150,3,150,3,2.46138e+06,148,2406.67,150,149
12605,1,500,0,0,150,3,150,3,2.56571e+06,148,2511,150,149
12606,1,500,0,0,150,3,150,3,2.56804e+06,148,2513.33,150,149
12607,1,500,0,0,150,3,150,3,2.46404e+06,148,2409.33,150,149
12608,1,500,0,0,150,3,150,3,2.63771e+06,148,2583,150,149
12609,1,500,0,0,150,3,150,3,2.47738e+06,148,2422.67,150,149
12610,1,500,0,0,150,3,150,3,2.71304e+06,148,2658.33,150,149
12611,1,500,0,0,150,3,150,3,2.37304e+06,148,2318.33,150,149
12612,1,500,0,0,150,3,150,3,2.54538e+06,148,2490.67,150,149
12613,1,500,0,0,150,3,150,3,2.30938e+06,148,2254.67,150,149
12614,1,500,0,0,150,3,150,3,2.51504e+06,148,2460.33,150,149
12615,1,500,0,0,150,3,150,3,2.55871e+06,148,2504,150,149
12616,1,500,0,0,150,3,150,3,2.57571e+06,148,2521,150,149
12617,1,500,0,0,150,3,150,3,2.72738e+06,148,2672.67,150,149
12618,1,500,0,0,150,3,150,3,2.46604e+06,148,2411.33,150,149
12619,1,500,0,0,150,3,150,3,2.58838e+06,148,2533.67,150,149
12620,1,500,0,0,150,3,150,3,2.58138e+06,148,2526.67,150,149
12621,1,500,0,0,150,3,150,3,2.44938e+06,148,2394.67,150,149
12622,1,500,0,0,150,3,150,3,2.72071e+06,148,2666,150,149
12623,1,500,0,0,150,3,150,3,2.50771e+06,148,2453,150,149
12624,1,500,0,0,150,3,150,3,2.43704e+06,148,2382.33,150,149
12625,1,500,0,0,150,3,150,3,2.30604e+06,148,2251.33,150,149
12626,1,500,0,0,150,3,150,3,2.15938e+06,148,2104.67,150,149
12627,1,500,0,0,150,3,150,3,2.28004e+06,148,2225.33,150,149
12628,1,500,0,0,150,3,150,3,2.44804e+06,148,2393.33,150,149
12629,1,500,0,0,150,3,150,3,2.42838e+06,148,2373.67,150,149
12630,1,500,0,0,150,3,150,3,2.38704e+06,148,2332.33,150,149
12631,1,500,0,0,150,3,150,3,2.61304e+06,148,2558.33,150,149
12632,1,500,0,0,150,3,150,3,2.44071e+06,148,2386,150,149
12633,1,500,0,0,150,3,150,3,2.49471e+06,148,2440,150,149
12634,1,500,0,0,150,3,150,3,2.28838e+06,148,2233.67,150,149
12635,1,500,0,0,150,3,150,3,2.40238e+06,148,2347.67,150,149
12636,1,500,0,0,150,3,150,3,2.54504e+06,148,2490.33,150,149
12637,1,500,0,0,150,3,150,3,2.46771e+06,148,2413,150,149
12638,1,500,0,0,150,3,150,3,2.33638e+06,148,2281.67,150,149
12639,1,500,0,0,150,3,150,3,2.35371e+06,148,2299,150,149
12640,1,500,0,0,150,3,150,3,2.51804e+06,148,2463.33,150,149
12641,1,500,0,0,150,3,150,3,2.33304e+06,148,2278.33,150,149
12642,1,500,0,0,150,3,150,3,2.45838e+06,148,2403.67,150,149
12643,1,500,0,0,150,3,150,3,2.55738e+06,148,2502.67,150,149
12644,1,500,0,0,150,3,150,3,2.63438e+06,148,2579.67,150,149
12645,1,500,0,0,150,3,150,3,2.51938e+06,148,2464.67,150,149
12646,1,500,0,0,150,3,150,3,2.44071e+06,148,2386,150,149
12647,1,500,0,0,150,3,150,3,2.19271e+06,148,2138,150,149
12648,1,500,0,0,150,3,150,3,2.53671e+06,148,2482,150,149
12649,1,500,0,0,150,3,150,3,2.64238e+06,148,2587.67,150,149
12650,1,500,0,0,150,3,150,3,2.46871e+06,148,2414,150,149
12651,1,500,0,0,150,3,150,3,2.57904e+06,148,2524.33,150,149
12652,1,500,0,0,150,3,150,3,2.41838e+06,148,2363.67,150,149
12653,1,500,0,0,150,3,150,3,2.36538e+06,148,2310.67,150,149
12654,1,500,0,0,150,3,150,3,2.55238e+06,148,2497.67,150,149
12655,1,500,0,0,150,3,150,3,2.30338e+06,148,2248.67,150,149
12656,1,500,0,0,150,3,150,3,2.43738e+06,148,2382.67,150,149
12657,1,500,0,0,150,3,150,3,2.78771e+06,148,2733,150,149
12658,1,500,0,0,150,3,150,3,2.58738e+06,148,2532.67,150,149
12659,1,500,0,0,150,3,150,3,2.33271e+06,148,2278,150,149
12660,1,500,0,0,150,3,150,3,2.41138e+06,148,2356.67,150,149
12661,1,500,0,0,150,3,150,3,2.59904e+06,148,2544.33,150,149
12662,1,500,0,0,150,3,150,3,2.52371e+06,148,2469,150,149
12663,1,500,0,0,150,3,150,3,2.56304e+06,148,2508.33,150,149
12664,1,500,0,0,150,3,150,3,2.48171e+06,148,2427,150,149
12665,1,500,0,0,150,3,150,3,2.37471e+06,148,2320,150,149
12666,1,500,0,0,150,3,150,3,2.41971e+06,148,2365,150,149
12667,1,500,0,0,150,3,150,3,2.61871e+06,148,2564,150,149
12668,1,500,0,0,150,3,150,3,2.37871e+06,148,2324,150,149
12669,1,500,0,0,150,3,150,3,2.26838e+06,148,2213.67,150,149
12670,1,500,0,0,150,3,150,3,2.44038e+06,148,2385.67,150,149
12671,1,500,0,0,150,3,150,3,2.29304e+06,148,2238.33,150,149
12672,1,500,0,0,150,3,150,3,2.45138e+06,148,2396.67,150,149
12673,1,500,0,0,150,3,150,3,2.38604e+06,148,2331.33,150,149
12674,1,500,0,0,150,3,150,3,2.34871e+06,148,2294,150,149
12675,1,500,0,0,150,3,150,3,2.59404e+06,148,2539.33,150,149
12676,1,500,0,0,150,3,150,3,2.19538e+06,148,2140.67,150,149
12677,1,500,0,0,150,3,150,3,2.34404e+06,148,2289.33,150,149
12678,1,500,0,0,150,3,150,3,2.46971e+06,148,2415,150,149
12679,1,500,0,0,150,3,150,3,2.35704e+06,148,2302.33,150,149
12680,1,500,0,0,150,3,150,3,2.46204e+06,148,2407.33,150,149
12681,1,500,0,0,150,3,150,3,2.50504e+06,148,2450.33,150,149
12682,1,500,0,0,150,3,150,3,2.69038e+06,148,2635.67,150,149
12683,1,500,0,0,150,3,150,3,2.29604e+06,148,2241.33,150,149
12684,1,500,0,0,150,3,150,3,2.56838e+06,148,2513.67,150,149
12685,1,500,0,0,150,3,150,3,2.38804e+06,148,2333.33,150,149
12686,1,500,0,0,150,3,150,3,2.49471e+06,148,2440,150,149
12687,1,500,0,0,150,3,150,3,2.34438e+06,148,2289.67,150,149
12688,1,500,0,0,150,3,150,3,2.40504e+06,148,2350.33,150,149
12689,1,500,0,0,150,3,150,3,2.42038e+06,148,2365.67,150,149
12690,1,500,0,0,150,3,150,3,2.44504e+06,148,2390.33,150,149
12691,1,500,0,0,150,3,150,3,2.63504e+06,148,2580.33,150,149
12692,1,500,0,0,150,3,150,3,2.56304e+06,148,2508.33,150,149
12693,1,500,0,0,150,3,150,3,2.33104e+06,148,2276.33,150,149
12694,1,500,0,0,150,3,150,3,2.38938e+06,148,2334.67,150,149
12695,1,500,0,0,150,3,150,3,2.56571e+06,148,2511,150,149
12696,1,500,0,0,150,3,150,3,2.59871e+06,148,2544,150,149
12697,1,500,0,0,150,3,150,3,2.63171e+06,148,2577,150,149
12698,1,500,0,0,150,3,150,3,2.49104e+06,148,2436.33,150,149
12699,1,500,0,0,150,3,150,3,2.51071e+06,148,2456,150,149
12700,1,500,0,0,150,3,150,3,2.37971e+06,148,2325,150,149
12701,1,500,0,0,150,3,150,3,2.56771e+06,148,2513,150,149
12702,1,500,0,0,150,3,150,3,2.52504e+06,148,2470.33,150,149
12703,1,500,0,0,150,3,150,3,2.39571e+06,148,2341,150,149
12704,1,500,0,0,150,3,150,3,2.26204e+06,148,2207.33,150,149
12705,1,500,0,0,150,3,150,3,2.48771e+06,148,2433,150,149
12706,1,500,0,0,150,3,150,3,2.44638e+06,148,2391.67,150,149
12707,1,500,0,0,150,3,150,3,2.47571e+06,148,2421,150,149
12708,1,500,0,0,150,3,150,3,2.58438e+06,148,2529.67,150,149
12709,1,500,0,0,150,3,150,3,2.37038e+06,148,2315.67,150,149
12710,1,500,0,0,150,3,150,3,2.69204e+06,148,2637.33,150,149
12711,1,500,0,0,150,3,150,3,2.56204e+06,148,2507.33,150,149
12712,1,500,0,0,150,3,150,3,2.55504e+06,148,2500.33,150,149
12713,1,500,0,0,150,3,150,3,2.39671e+06,148,2342,150,149
12714,1,500,0,0,150,3,150,3,2.34804e+06,148,2293.33,150,149
12715,1,500,0,0,150,3,150,3,2.26971e+06,148,2215,150,149
12716,1,500,0,0,150,3,150,3,2.51871e+06,148,2464,150,149
12717,1,500,0,0,150,3,150,3,2.44904e+06,148,2394.33,150,149
12718,1,500,0,0,150,3,150,3,2.50604e+06,148,2451.33,150,149
12719,1,500,0,0,150,3,150,3,2.48938e+06,148,2434.67,150,149
12720,1,500,0,0,150,3,150,3,2.41271e+06,148,2358,150,149
12721,1,500,0,0,150,3,150,3,2.32771e+06,148,2273,150,149
12722,1,500,0,0,150,3,150,3,2.56038e+06,148,2505.67,150,149
12723,1,500,0,0,150,3,150,3,2.44738e+06,148,2392.67,150,149
12724,1,500,0,0,150,3,150,3,2.41838e+06,148,2363.67,150,149
12725,1,500,0,0,150,3,150,3,2.54238e+06,148,2487.67,150,149
12726,1,500,0,0,150,3,150,3,2.37771e+06,148,2323,150,149
12727,1,500,0,0,150,3,150,3,2.49504e+06,148,2440.33,150,149
12728,1,500,0,0,150,3,150,3,2.42504e+06,148,2370.33,150,149
12729,1,500,0,0,150,3,150,3,2.51171e+06,148,2457,150,149
12730,1,500,0,0,150,3,150,3,2.39838e+06,148,2343.67,150,149
12731,1,500,0,0,150,3,150,3,2.34138e+06,148,2286.67,150,149
12732,1,500,0,0,150,3,150,3,2.64004e+06,148,2585.33,150,149
12733,1,500,0,0,150,3,150,3,2.55071e+06,148,2496,150,149
12734,1,500,0,0,150,3,150,3,2.53938e+06,148,2484.67,150,149
12735,1,500,0,0,150,3,150,3,2.38804e+06,148,2333.33,150,149
12736,1,500,0,0,150,3,150,3,2.40271e+06,148,2348,150,149
12737,1,500,0,0,150,3,150,3,2.59838e+06,148,2543.67,150,149
12738,1,500,0,0,150,3,150,3,2.46871e+06,148,2414,150,149
12739,1,500,0,0,150,3,150,3,2.61371e+06,148,2559,150,149
12740,1,500,0,0,150,3,150,3,2.64971e+06,148,2595,150,149
12741,1,500,0,0,150,3,150,3,2.61971e+06,148,2565,150,149
12742,1,500,0,0,150,3,150,3,2.47638e+06,148,2421.67,150,149
12743,1,500,0,0,150,3,150,3,2.61171e+06,148,2557,150,149
12744,1,500,0,0,150,3,150,3,2.47438e+06,148,2419.67,150,149
12745,1,500,0,0,150,3,150,3,2.58038e+06,148,2525.67,150,149
12746,1,500,0,0,150,3,150,3,2.50071e+06,148,2446,150,149
12747,1,500,0,0,150,3,150,3,2.58738e+06,148,2532.67,150,149
12748,1,500,0,0,150,3,150,3,2.42604e+06,148,2371.33,150,149
12749,1,500,0,0,150,3,150,3,2.48771e+06,148,2433,150,149
12750,1,500,0,0,150,3,150,3,2.50971e+06,148,2455,150,149
12751,1,500,0,0,150,3,150,3,2.52904e+06,148,2474.33,150,149
12752,1,500,0,0,150,3,150,3,2.35438e+06,148,2299.67,150,149
12753,1,500,0,0,150,3,150,3,2.27671e+06,148,2222,150,149
12754,1,500,0,0,150,3,150,3,2.60138e+06,148,2546.67,150,149
12755,1,500,0,0,150,3,150,3,2.31971e+06,148,2265,150,149
12756,1,500,0,0,150,3,150,3,2.40071e+06,148,2346,150,149
12757,1,500,0,0,150,3,150,3,2.29538e+06,148,2240.67,150,149
12758,1,500,0,0,150,3,150,3,2.69371e+06,148,2639,150,149
12759,1,500,0,0,150,3,150,3,2.33238e+06,148,2277.67,150,149
12760,1,500,0,0,150,3,150,3,2.33071e+06,148,2276,150,149
12761,1,500,0,0,150,3,150,3,2.39971e+06,148,2345,150,149
12762,1,500,0,0,150,3,150,3,2.61338e+06,148,2558.67,150,149
12763,1,500,0,0,150,3,150,3,2.40338e+06,148,2348.67,150,149
12764,1,500,0,0,150,3,150,3,2.52538e+06,148,2470.67,150,149
12765,1,500,0,0,150,3,150,3,2.39138e+06,148,2336.67,150,149
12766,1,500,0,0,150,3,150,3,2.53638e+06,148,2481.67,150,149
12767,1,500,0,0,150,3,150,3,2.64571e+06,148,2591,150,149
12768,1,500,0,0,150,3,150,3,2.50771e+06,148,2453,150,149
12769,1,500,0,0,150,3,150,3,2.63704e+06,148,2582.33,150,149
12770,1,500,0,0,150,3,150,3,2.62071e+06,148,2566,150,149
12771,1,500,0,0,150,3,150,3,2.55404e+06,148,2499.33,150,149
12772,1,500,0,0,150,3,150,3,2.51304e+06,148,2458.33,150,149
12773,1,500,0,0,150,3,150,3,2.50771e+06,148,2453,150,149
12774,1,500,0,0,150,3,150,3,2.49171e+06,148,2437,150,149
12775,1,500,0,0,150,3,150,3,2.26938e+06,148,2214.67,150,149
12776,1,500,0,0,150,3,150,3,2.63771e+06,148,2583,150,149
12777,1,500,0,0,150,3,150,3,2.37804e+06,148,2323.33,150,149
12778,1,500,0,0,150,3,150,3,2.46604e+06,148,2411.33,150,149
12779,1,500,0,0,150,3,150,3,2.56404e+06,148,2509.33,150,149
12780,1,500,0,0,150,3,150,3,2.46704e+06,148,2412.33,150,149
12781,1,500,0,0,150,3,150,3,2.44638e+06,148,2391.67,150,149
12782,1,500,0,0,150,3,150,3,2.49004e+06,148,2435.33,150,149
12783,1,500,0,0,150,3,150,3,2.52204e+06,148,2467.33,150,149
12784,1,500,0,0,150,3,150,3,2.24571e+06,148,2191,150,149
12785,1,500,0,0,150,3,150,3,2.64504e+06,148,2590.33,150,149
12786,1,500,0,0,150,3,150,3,2.52371e+06,148,2469,150,149
12787,1,500,0,0,150,3,150,3,2.42904e+06,148,2374.33,150,149
12788,1,500,0,0,150,3,150,3,2.34538e+06,148,2290.67,150,149
12789,1,500,0,0,150,3,150,3,2.58971e+06,148,2535,150,149
12790,1,500,0,0,150,3,150,3,2.63638e+06,148,2581.67,150,149
12791,1,500,0,0,150,3,150,3,2.51571e+06,148,2461,150,149
12792,1,500,0,0,150,3,150,3,2.64371e+06,148,2589,150,149
12793,1,500,0,0,150,3,150,3,2.45804e+06,148,2403.33,150,149
12794,1,500,0,0,150,3,150,3,2.52538e+06,148,2470.67,150,149
12795,1,500,0,0,150,3,150,3,2.52004e+06,148,2465.33,150,149
12796,1,500,0,0,150,3,150,3,2.52738e+06,148,2472.67,150,149
12797,1,500,0,0,150,3,150,3,2.54971e+06,148,2495,150,149
12798,1,500,0,0,150,3,150,3,2.48938e+06,148,2434.67,150,149
12799,1,500,0,0,150,3,150,3,2.48971e+06,148,2435,150,149
12800,1,500,0,0,150,3,150,3,2.32938e+06,148,2274.67,150,149
12801,1,500,0,0,150,3,150,3,2.44038e+06,148,2385.67,150,149
12802,1,500,0,0,150,3,150,3,2.61171e+06,148,2557,150,149
12803,1,500,0,0,150,3,150,3,2.49971e+06,148,2445,150,149
12804,1,500,0,0,150,3,150,3,2.51438e+06,148,2459.67,150,149
12805,1,500,0,0,150,3,150,3,2.49504e+06,148,2440.33,150,149
12806,1,500,0,0,150,3,150,3,2.54638e+06,148,2491.67,150,149
12807,1,500,0,0,150,3,150,3,2.45838e+06,148,2403.67,150,149
12808,1,500,0,0,150,3,150,3,2.46571e+06,148,2411,150,149
12809,1,500,0,0,150,3,150,3,2.51938e+06,148,2464.67,150,149
12810,1,500,0,0,150,3,150,3,2.50204e+06,148,2447.33,150,149
12811,1,500,0,0,150,3,150,3,2.41304e+06,148,2358.33,150,149
12812,1,500,0,0,150,3,150,3,2.56871e+06,148,2514,150,149
12813,1,500,0,0,150,3,150,3,2.62971e+06,148,2575,150,149
12814,1,500,0,0,150,3,150,3,2.60171e+06,148,2547,150,149
12815,1,500,0,0,150,3,150,3,2.32071e+06,148,2266,150,149
12816,1,500,0,0,150,3,150,3,2.33038e+06,148,2275.67,150,149
12817,1,500,0,0,150,3,150,3,2.39238e+06,148,2337.67,150,149
12818,1,500,0,0,150,3,150,3,2.52571e+06,148,2471,150,149
12819,1,500,0,0,150,3,150,3,2.40404e+06,148,2349.33,150,149
12820,1,500,0,0,150,3,150,3,2.62238e+06,148,2567.67,150,149
12821,1,500,0,0,150,3,150,3,2.51204e+06,148,2457.33,150,149
12822,1,500,0,0,150,3,150,3,2.60304e+06,148,2548.33,150,149
12823,1,500,0,0,150,3,150,3,2.53438e+06,148,2479.67,150,149
12824,1,500,0,0,150,3,150,3,2.45338e+06,148,2398.67,150,149
12825,1,500,0,0,150,3,150,3,2.61804e+06,148,2563.33,150,149
12826,1,500,0,0,150,3,150,3,2.45171e+06,148,2397,150,149
12827,1,500,0,0,150,3,150,3,2.63138e+06,148,2576.67,150,149
12828,1,500,0,0,150,3,150,3,2.49804e+06,148,2443.33,150,149
12829,1,500,0,0,150,3,150,3,2.49404e+06,148,2439.33,150,149
12830,1,500,0,0,150,3,150,3,2.60971e+06,148,2555,150,149
12831,1,500,0,0,150,3,150,3,2.58104e+06,148,2526.33,150,149
12832,1,500,0,0,150,3,150,3,2.49904e+06,148,2444.33,150,149
12833,1,500,0,0,150,3,150,3,2.47271e+06,148,2418,150,149
12834,1,500,0,0,150,3,150,3,2.46338e+06,148,2408.67,150,149
12835,1,500,0,0,150,3,150,3,2.40071e+06,148,2346,150,149
12836,1,500,0,0,150,3,150,3,2.65604e+06,148,2601.33,150,149
12837,1,500,0,0,150,3,150,3,2.57438e+06,148,2519.67,150,149
12838,1,500,0,0,150,3,150,3,2.29538e+06,148,2240.67,150,149
12839,1,500,0,0,150,3,150,3,2.46171e+06,148,2407,150,149
12840,1,500,0,0,150,3,150,3,2.33371e+06,148,2279,150,149
12841,1,500,0,0,150,3,150,3,2.55404e+06,148,2499.33,150,149
12842,1,500,0,0,150,3,150,3,2.42204e+06,148,2367.33,150,149
12843,1,500,0,0,150,3,150,3,2.47804e+06,148,2423.33,150,149
12844,1,500,0,0,150,3,150,3,2.49171e+06,148,2437,150,149
12845,1,500,0,0,150,3,150,3,2.48238e+06,148,2427.67,150,149
12846,1,500,0,0,150,3,150,3,2.44738e+06,148,2392.67,150,149
12847,1,500,0,0,150,3,150,3,2.52704e+06,148,2472.33,150,149
12848,1,500,0,0,150,3,150,3,2.45538e+06,148,2400.67,150,149
12849,1,500,0,0,150,3,150,3,2.46038e+06,148,2405.67,150,149
12850,1,500,0,0,150,3,150,3,2.49571e+06,148,2441,150,149
12851,1,500,0,0,150,3,150,3,2.41871e+06,148,2364,150,149
12852,1,500,0,0,150,3,150,3,2.39804e+06,148,2343.33,150,149
12853,1,500,0,0,150,3,150,3,2.41704e+06,148,2362.33,150,149
12854,1,500,0,0,150,3,150,3,2.41471e+06,148,2360,150,149
12855,1,500,0,0,150,3,150,3,2.62471e+06,148,2570,150,149
12856,1,500,0,0,150,3,150,3,2.51104e+06,148,2456.33,150,149
12857,1,500,0,0,150,3,150,3,2.47671e+06,148,2422,150,149
12858,1,500,0,0,150,3,150,3,2.75771e+06,148,2703,150,149
12859,1,500,0,0,150,3,150,3,2.32704e+06,148,2272.33,150,149
12860,1,500,0,0,150,3,150,3,2.50138e+06,148,2446.67,150,149
12861,1,500,0,0,150,3,150,3,2.49204e+06,148,2437.33,150,149
12862,1,500,0,0,150,3,150,3,2.48671e+06,148,2432,150,149
12863,1,500,0,0,150,3,150,3,2.33971e+06,148,2285,150,149
12864,1,500,0,0,150,3,150,3,2.44171e+06,148,2387,150,149
12865,1,500,0,0,150,3,150,3,2.39371e+06,148,2339,150,149
12866,1,500,0,0,150,3,150,3,2.59238e+06,148,2537.67,150,149
12867,1,500,0,0,150,3,150,3,2.58471e+06,148,2530,150,149
12868,1,500,0,0,150,3,150,3,2.62671e+06,148,2572,150,149
12869,1,500,0,0,150,3,150,3,2.54504e+06,148,2490.33,150,149
12870,1,500,0,0,150,3,150,3,2.56371e+06,148,2509,150,149
12871,1,500,0,0,150,3,150,3,2.32938e+06,148,2274.67,150,149
12872,1,500,0,0,150,3,150,3,2.29038e+06,148,2235.67,150,149
12873,1,500,0,0,150,3,150,3,2.49038e+06,148,2435.67,150,149
12874,1,500,0,0,150,3,150,3,2.57271e+06,148,2518,150,149
12875,1,500,0,0,150,3,150,3,2.47204e+06,148,2417.33,150,149
12876,1,500,0,0,150,3,150,3,2.50038e+06,148,2445.67,150,149
12877,1,500,0,0,150,3,150,3,2.49904e+06,148,2444.33,150,149
12878,1,500,0,0,150,3,150,3,2.66604e+06,148,2611.33,150,149
12879,1,500,0,0,150,3,150,3,2.54738e+06,148,2492.67,150,149
12880,1,500,0,0,150,3,150,3,2.57104e+06,148,2516.33,150,149
12881,1,500,0,0,150,3,150,3,2.37904e+06,148,2324.33,150,149
12882,1,500,0,0,150,3,150,3,2.44971e+06,148,2395,150,149
12883,1,500,0,0,150,3,150,3,2.52171e+06,148,2467,150,149
12884,1,500,0,0,150,3,150,3,2.39171e+06,148,2337,150,149
12885,1,500,0,0,150,3,150,3,2.40404e+06,148,2349.33,150,149
12886,1,500,0,0,150,3,150,3,2.42704e+06,148,2372.33,150,149
12887,1,500,0,0,150,3,150,3,2.58804e+06,148,2533.33,150,149
12888,1,500,0,0,150,3,150,3,2.39771e+06,148,2343,150,149
12889,1,500,0,0,150,3,150,3,2.39938e+06,148,2344.67,150,149
12890,1,500,0,0,150,3,150,3,2.64138e+06,148,2586.67,150,149
12891,1,500,0,0,150,3,150,3,2.58371e+06,148,2529,150,149
12892,1,500,0,0,150,3,150,3,2.48304e+06,148,2428.33,150,149
12893,1,500,0,0,150,3,150,3,2.34671e+06,148,2292,150,149
12894,1,500,0,0,150,3,150,3,2.25704e+06,148,2202.33,150,149
12895,1,500,0,0,150,3,150,3,2.46204e+06,148,2407.33,150,149
12896,1,500,0,0,150,3,150,3,2.42171e+06,148,2367,150,149
12897,1,500,0,0,150,3,150,3,2.60838e+06,148,2553.67,150,149
12898,1,500,0,0,150,3,150,3,2.50204e+06,148,2447.33,150,149
12899,1,500,0,0,150,3,150,3,2.29404e+06,148,2239.33,150,149
12900,1,500,0,0,150,3,150,3,2.51771e+06,148,2463,150,149
12901,1,500,0,0,150,3,150,3,2.58838e+06,148,2533.67,150,149
12902,1,500,0,0,150,3,150,3,2.44338e+06,148,2388.67,150,149
12903,1,500,0,0,150,3,150,3,2.36738e+06,148,2312.67,150,149
12904,1,500,0,0,150,3,150,3,2.42638e+06,148,2371.67,150,149
12905,1,500,0,0,150,3,150,3,2.54238e+06,148,2487.67,150,149
12906,1,500,0,0,150,3,150,3,2.44004e+06,148,2385.33,150,149
12907,1,500,0,0,150,3,150,3,2.53771e+06,148,2483,150,149
12908,1,500,0,0,150,3,150,3,2.51904e+06,148,2464.33,150,149
12909,1,500,0,0,150,3,150,3,2.58538e+06,148,2530.67,150,149
12910,1,500,0,0,150,3,150,3,2.65504e+06,148,2600.33,150,149
12911,1,500,0,0,150,3,150,3,2.43204e+06,148,2377.33,150,149
12912,1,500,0,0,150,3,150,3,2.23138e+06,148,2176.67,150,149
12913,1,500,0,0,150,3,150,3,2.56238e+06,148,2507.67,150,149
12914,1,500,0,0,150,3,150,3,2.48004e+06,148,2425.33,150,149
12915,1,500,0,0,150,3,150,3,2.58204e+06,148,2527.33,150,149
12916,1,500,0,0,150,3,150,3,2.50038e+06,148,2445.67,150,149
12917,1,500,0,0,150,3,150,3,2.44604e+06,148,2391.33,150,149
12918,1,500,0,0,150,3,150,3,2.56871e+06,148,2514,150,149
12919,1,500,0,0,150,3,150,3,2.63171e+06,148,2577,150,149
12920,1,500,0,0,150,3,150,3,2.43004e+06,148,2375.33,150,149
12921,1,500,0,0,150,3,150,3,2.29538e+06,148,2240.67,150,149
12922,1,500,0,0,150,3,150,3,2.39971e+06,148,2345,150,149
12923,1,500,0,0,150,3,150,3,2.52604e+06,148,2471.33,150,149
12924,1,500,0,0,150,3,150,3,2.82404e+06,148,2769.33,150,149
12925,1,500,0,0,150,3,150,3,2.36904e+06,148,2314.33,150,149
12926,1,500,0,0,150,3,150,3,2.69071e+06,148,2636,150,149
12927,1,500,0,0,150,3,150,3,2.55438e+06,148,2499.67,150,149
12928,1,500,0,0,150,3,150,3,2.40371e+06,148,2349,150,149
12929,1,500,0,0,150,3,150,3,2.51204e+06,148,2457.33,150,149
12930,1,500,0,0,150,3,150,3,2.62238e+06,148,2567.67,150,149
12931,1,500,0,0,150,3,150,3,2.42971e+06,148,2375,150,149
12932,1,500,0,0,150,3,150,3,2.47904e+06,148,2424.33,150,149
12933,1,500,0,0,150,3,150,3,2.43538e+06,148,2380.67,150,149
12934,1,500,0,0,150,3,150,3,2.57771e+06,148,2523,150,149
12935,1,500,0,0,150,3,150,3,2.67671e+06,148,2622,150,149
12936,1,500,0,0,150,3,150,3,2.47971e+06,148,2425,150,149
12937,1,500,0,0,150,3,150,3,2.71771e+06,148,2663,150,149
12938,1,500,0,0,150,3,150,3,2.38404e+06,148,2329.33,150,149
12939,1,500,0,0,150,3,150,3,2.56638e+06,148,2511.67,150,149
12940,1,500,0,0,150,3,150,3,2.48038e+06,148,2425.67,150,149
12941,1,500,0,0,150,3,150,3,2.52938e+06,148,2474.67,150,149
12942,1,500,0,0,150,3,150,3,2.50038e+06,148,2445.67,150,149
12943,1,500,0,0,150,3,150,3,2.24104e+06,148,2186.33,150,149
12944,1,500,0,0,150,3,150,3,2.59871e+06,148,2544,150,149
12945,1,500,0,0,150,3,150,3,2.43271e+06,148,2378,150,149
12946,1,500,0,0,150,3,150,3,2.46071e+06,148,2406,150,149
12947,1,500,0,0,150,3,150,3,2.35671e+06,148,2302,150,149
12948,1,500,0,0,150,3,150,3,2.56504e+06,148,2510.33,150,149
12949,1,500,0,0,150,3,150,3,2.42771e+06,148,2373,150,149
12950,1,500,0,0,150,3,150,3,2.63971e+06,148,2585,150,149
12951,1,500,0,0,150,3,150,3,2.40038e+06,148,2345.67,150,149
12952,1,500,0,0,150,3,150,3,2.69271e+06,148,2638,150,149
12953,1,500,0,0,150,3,150,3,2.50938e+06,148,2454.67,150,149
12954,1,500,0,0,150,3,150,3,2.65971e+06,148,2605,150,149
12955,1,500,0,0,150,3,150,3,2.51138e+06,148,2456.67,150,149
12956,1,500,0,0,150,3,150,3,2.57871e+06,148,2524,150,149
12957,1,500,0,0,150,3,150,3,2.59138e+06,148,2536.67,150,149
12958,1,500,0,0,150,3,150,3,2.34904e+06,148,2294.33,150,149
12959,1,500,0,0,150,3,150,3,2.67738e+06,148,2622.67,150,149
12960,1,500,0,0,150,3,150,3,2.51338e+06,148,2458.67,150,149
12961,1,500,0,0,150,3,150,3,2.65038e+06,148,2595.67,150,149
12962,1,500,0,0,150,3,150,3,2.39904e+06,148,2344.33,150,149
12963,1,500,0,0,150,3,150,3,2.37104e+06,148,2316.33,150,149
12964,1,500,0,0,150,3,150,3,2.34571e+06,148,2291,150,149
12965,1,500,0,0,150,3,150,3,2.52738e+06,148,2472.67,150,149
12966,1,500,0,0,150,3,150,3,2.38704e+06,148,2332.33,150,149
12967,1,500,0,0,150,3,150,3,2.50971e+06,148,2455,150,149
12968,1,500,0,0,150,3,150,3,2.56838e+06,148,2513.67,150,149
12969,1,500,0,0,150,3,150,3,2.60738e+06,148,2552.67,150,149
12970,1,500,0,0,150,3,150,3,2.52338e+06,148,2468.67,150,149
12971,1,500,0,0,150,3,150,3,2.65804e+06,148,2603.33,150,149
12972,1,500,0,0,150,3,150,3,2.53838e+06,148,2483.67,150,149
12973,1,500,0,0,150,3,150,3,2.53471e+06,148,2480,150,149
12974,1,500,0,0,150,3,150,3,2.46338e+06,148,2408.67,150,149
12975,1,500,0,0,150,3,150,3,2.51171e+06,148,2457,150,149
12976,1,500,0,0,150,3,150,3,2.47571e+06,148,2421,150,149
12977,1,500,0,0,150,3,150,3,2.34904e+06,148,2294.33,150,149
12978,1,500,0,0,150,3,150,3,2.45771e+06,148,2403,150,149
12979,1,500,0,0,150,3,150,3,2.58738e+06,148,2532.67,150,149
12980,1,500,0,0,150,3,150,3,2.47938e+06,148,2424.67,150,149
12981,1,500,0,0,150,3,150,3,2.55304e+06,148,2498.33,150,149
12982,1,500,0,0,150,3,150,3,2.51638e+06,148,2461.67,150,149
12983,1,500,0,0,150,3,150,3,2.46638e+06,148,2411.67,150,149
12984,1,500,0,0,150,3,150,3,2.42604e+06,148,2371.33,150,149
12985,1,500,0,0,150,3,150,3,2.57471e+06,148,2520,150,149
12986,1,500,0,0,150,3,150,3,2.44871e+06,148,2394,150,149
12987,1,500,0,0,150,3,150,3,2.45704e+06,148,2402.33,150,149
12988,1,500,0,0,150,3,150,3,2.21771e+06,148,2163,150,149
12989,1,500,0,0,150,3,150,3,2.50038e+06,148,2445.67,150,149
12990,1,500,0,0,150,3,150,3,2.57971e+06,148,2525,150,149
12991,1,500,0,0,150,3,150,3,2.57738e+06,148,2522.67,150,149
12992,1,500,0,0,150,3,150,3,2.36738e+06,148,2312.67,150,149
12993,1,500,0,0,150,3,150,3,2.54371e+06,148,2489,150,149
12994,1,500,0,0,150,3,150,3,2.50404e+06,148,2449.33,150,149
12995,1,500,0,0,150,3,150,3,2.63938e+06,148,2584.67,150,149
12996,1,500,0,0,150,3,150,3,2.48304e+06,148,2428.33,150,149
12997,1,500,0,0,150,3,150,3,2.39471e+06,148,2340,150,149
12998,1,500,0,0,150,3,150,3,2.37171e+06,148,2317,150,149
12999,1,500,0,0,150,3,150,3,2.48004e+06,148,2425.33,150,149
13000,1,500,0,0,150,3,150,3,2.54071e+06,148,2486,150,149
13001,1,500,0,0,150,3,150,3,2.43938e+06,148,2384.67,150,149
13002,1,500,0,0,150,3,150,3,2.30338e+06,148,2248.67,150,149
13003,1,500,0,0,150,3,150,3,2.25904e+06,148,2204.33,150,149
13004,1,500,0,0,150,3,150,3,2.32171e+06,148,2267,150,149
13005,1,500,0,0,150,3,150,3,2.37404e+06,148,2319.33,150,149
13006,1,500,0,0,150,3,150,3,2.67138e+06,148,2616.67,150,149
13007,1,500,0,0,150,3,150,3,2.47004e+06,148,2415.33,150,149
13008,1,500,0,0,150,3,150,3,2.50638e+06,148,2451.67,150,149
13009,1,500,0,0,150,3,150,3,2.53804e+06,148,2483.33,150,149
13010,1,500,0,0,150,3,150,3,2.53704e+06,148,2482.33,150,149
13011,1,500,0,0,150,3,150,3,2.48704e+06,148,2432.33,150,149
13012,1,500,0,0,150,3,150,3,2.42138e+06,148,2366.67,150,149
13013,1,500,0,0,150,3,150,3,2.58004e+06,148,2525.33,150,149
13014,1,500,0,0,150,3,150,3,2.54738e+06,148,2492.67,150,149
13015,1,500,0,0,150,3,150,3,2.47338e+06,148,2418.67,150,149
13016,1,500,0,0,150,3,150,3,2.26404e+06,148,2209.33,150,149
13017,1,500,0,0,150,3,150,3,2.49704e+06,148,2442.33,150,149
13018,1,500,0,0,150,3,150,3,2.44638e+06,148,2391.67,150,149
13019,1,500,0,0,150,3,150,3,2.67138e+06,148,2616.67,150,149
13020,1,500,0,0,150,3,150,3,2.44371e+06,148,2389,150,149
13021,1,500,0,0,150,3,150,3,2.69638e+06,148,2641.67,150,149
13022,1,500,0,0,150,3,150,3,2.58204e+06,148,2527.33,150,149
13023,1,500,0,0,150,3,150,3,2.45904e+06,148,2404.33,150,149
13024,1,500,0,0,150,3,150,3,2.36171e+06,148,2307,150,149
13025,1,500,0,0,150,3,150,3,2.29871e+06,148,2244,150,149
13026,1,500,0,0,150,3,150,3,2.44938e+06,148,2394.67,150,149
13027,1,500,0,0,150,3,150,3,2.43671e+06,148,2382,150,149
13028,1,500,0,0,150,3,150,3,2.37504e+06,148,2320.33,150,149
13029,1,500,0,0,150,3,150,3,2.40271e+06,148,2348,150,149
13030,1,500,0,0,150,3,150,3,2.52838e+06,148,2473.67,150,149
13031,1,500,0,0,150,3,150,3,2.52504e+06,148,2470.33,150,149
13032,1,500,0,0,150,3,150,3,2.53171e+06,148,2477,150,149
13033,1,500,0,0,150,3,150,3,2.33804e+06,148,2283.33,150,149
13034,1,500,0,0,150,3,150,3,2.45204e+06,148,2397.33,150,149
13035,1,500,0,0,150,3,150,3,2.40771e+06,148,2353,150,149
13036,1,500,0,0,150,3,150,3,2.20771e+06,148,2153,150,149
13037,1,500,0,0,150,3,150,3,2.53404e+06,148,2479.33,150,149
13038,1,500,0,0,150,3,150,3,2.67238e+06,148,2617.67,150,149
13039,1,500,0,0,150,3,150,3,2.53004e+06,148,2475.33,150,149
13040,1,500,0,0,150,3,150,3,2.37738e+06,148,2322.67,150,149
13041,1,500,0,0,150,3,150,3,2.27304e+06,148,2218.33,150,149
13042,1,500,0,0,150,3,150,3,2.57571e+06,148,2521,150,149
13043,1,500,0,0,150,3,150,3,2.44838e+06,148,2393.67,150,149
13044,1,500,0,0,150,3,150,3,2.40838e+06,148,2353.67,150,149
13045,1,500,0,0,150,3,150,3,2.42538e+06,148,2370.67,150,149
13046,1,500,0,0,150,3,150,3,2.49671e+06,148,2442,150,149
13047,1,500,0,0,150,3,150,3,2.48171e+06,148,2427,150,149
13048,1,500,0,0,150,3,150,3,2.52571e+06,148,2471,150,149
13049,1,500,0,0,150,3,150,3,2.48471e+06,148,2430,150,149
13050,1,500,0,0,150,3,150,3,2.50371e+06,148,2449,150,149
13051,1,500,0,0,150,3,150,3,2.40538e+06,148,2350.67,150,149
13052,1,500,0,0,150,3,150,3,2.22838e+06,148,2173.67,150,149
13053,1,500,0,0,150,3,150,3,2.39271e+06,148,2338,150,149
13054,1,500,0,0,150,3,150,3,2.59004e+06,148,2535.33,150,149
13055,1,500,0,0,150,3,150,3,2.33204e+06,148,2277.33,150,149
13056,1,500,0,0,150,3,150,3,2.40171e+06,148,2347,150,149
13057,1,500,0,0,150,3,150,3,2.41404e+06,148,2359.33,150,149
13058,1,500,0,0,150,3,150,3,2.54171e+06,148,2487,150,149
13059,1,500,0,0,150,3,150,3,2.58204e+06,148,2527.33,150,149
13060,1,500,0,0,150,3,150,3,2.48771e+06,148,2433,150,149
13061,1,500,0,0,150,3,150,3,2.53838e+06,148,2483.67,150,149
13062,1,500,0,0,150,3,150,3,2.45871e+06,148,2404,150,149
13063,1,500,0,0,150,3,150,3,2.36671e+06,148,2312,150,149
13064,1,500,0,0,150,3,150,3,2.50938e+06,148,2454.67,150,149
13065,1,500,0,0,150,3,150,3,2.54538e+06,148,2490.67,150,149
13066,1,500,0,0,150,3,150,3,2.50538e+06,148,2450.67,150,149
13067,1,500,0,0,150,3,150,3,2.52604e+06,148,2471.33,150,149
13068,1,500,0,0,150,3,150,3,2.53071e+06,148,2476,150,149
13069,1,500,0,0,150,3,150,3,2.53038e+06,148,2475.67,150,149
13070,1,500,0,0,150,3,150,3,2.29304e+06,148,2238.33,150,149
13071,1,500,0,0,150,3,150,3,2.50471e+06,148,2450,150,149
13072,1,500,0,0,150,3,150,3,2.62138e+06,148,2566.67,150,149
13073,1,500,0,0,150,3,150,3,2.55038e+06,148,2495.67,150,149
13074,1,500,0,0,150,3,150,3,2.37571e+06,148,2321,150,149
13075,1,500,0,0,150,3,150,3,2.30838e+06,148,2253.67,150,149
13076,1,500,0,0,150,3,150,3,2.34038e+06,148,2285.67,150,149
13077,1,500,0,0,150,3,150,3,2.40904e+06,148,2354.33,150,149
13078,1,500,0,0,150,3,150,3,2.39271e+06,148,2338,150,149
13079,1,500,0,0,150,3,150,3,2.34971e+06,148,2295,150,149
13080,1,500,0,0,150,3,150,3,2.52671e+06,148,2472,150,149
13081,1,500,0,0,150,3,150,3,2.51904e+06,148,2464.33,150,149
13082,1,500,0,0,150,3,150,3,2.45738e+06,148,2402.67,150,149
13083,1,500,0,0,150,3,150,3,2.42704e+06,148,2372.33,150,149
13084,1,500,0,0,150,3,150,3,2.58071e+06,148,2526,150,149
13085,1,500,0,0,150,3,150,3,2.37271e+06,148,2318,150,149
13086,1,500,0,0,150,3,150,3,2.43238e+06,148,2377.67,150,149
13087,1,500,0,0,150,3,150,3,2.38971e+06,148,2335,150,149
13088,1,500,0,0,150,3,150,3,2.37138e+06,148,2316.67,150,149
13089,1,500,0,0,150,3,150,3,2.70404e+06,148,2649.33,150,149
13090,1,500,0,0,150,3,150,3,2.54604e+06,148,2491.33,150,149
13091,1,500,0,0,150,3,150,3,2.64171e+06,148,2587,150,149
13092,1,500,0,0,150,3,150,3,2.50704e+06,148,2452.33,150,149
13093,1,500,0,0,150,3,150,3,2.34971e+06,148,2295,150,149
13094,1,500,0,0,150,3,150,3,2.56638e+06,148,2511.67,150,149
13095,1,500,0,0,150,3,150,3,2.56804e+06,148,2513.33,150,149
13096,1,500,0,0,150,3,150,3,2.32938e+06,148,2274.67,150,149
13097,1,500,0,0,150,3,150,3,2.53404e+06,148,2479.33,150,149
13098,1,500,0,0,150,3,150,3,2.47471e+06,148,2420,150,149
13099,1,500,0,0,150,3,150,3,2.53871e+06,148,2484,150,149
13100,1,500,0,0,150,3,150,3,2.38604e+06,148,2331.33,150,149
13101,1,500,0,0,150,3,150,3,2.49504e+06,148,2440.33,150,149
13102,1,500,0,0,150,3,150,3,2.42138e+06,148,2366.67,150,149
13103,1,500,0,0,150,3,150,3,2.63704e+06,148,2582.33,150,149
13104,1,500,0,0,150,3,150,3,2.49138e+06,148,2436.67,150,149
13105,1,500,0,0,150,3,150,3,2.41471e+06,148,2360,150,149
13106,1,500,0,0,150,3,150,3,2.41238e+06,148,2357.67,150,149
13107,1,500,0,0,150,3,150,3,2.47304e+06,148,2418.33,150,149
13108,1,500,0,0,150,3,150,3,2.55171e+06,148,2497,150,149
13109,1,500,0,0,150,3,150,3,2.63271e+06,148,2578,150,149
13110,1,500,0,0,150,3,150,3,2.22438e+06,148,2169.67,150,149
13111,1,500,0,0,150,3,150,3,2.49038e+06,148,2435.67,150,149
13112,1,500,0,0,150,3,150,3,2.51038e+06,148,2455.67,150,149
13113,1,500,0,0,150,3,150,3,2.64038e+06,148,2585.67,150,149
13114,1,500,0,0,150,3,150,3,2.31804e+06,148,2263.33,150,149
13115,1,500,0,0,150,3,150,3,2.63204e+06,148,2577.33,150,149
13116,1,500,0,0,150,3,150,3,2.43938e+06,148,2384.67,150,149
13117,1,500,0,0,150,3,150,3,2.23238e+06,148,2177.67,150,149
13118,1,500,0,0,150,3,150,3,2.46971e+06,148,2415,150,149
13119,1,500,0,0,150,3,150,3,2.34438e+06,148,2289.67,150,149
13120,1,500,0,0,150,3,150,3,2.48371e+06,148,2429,150,149
13121,1,500,0,0,150,3,150,3,2.37571e+06,148,2321,150,149
13122,1,500,0,0,150,3,150,3,2.66504e+06,148,2610.33,150,149
13123,1,500,0,0,150,3,150,3,2.54038e+06,148,2485.67,150,149
13124,1,500,0,0,150,3,150,3,2.59904e+06,148,2544.33,150,149
13125,1,500,0,0,150,3,150,3,2.36371e+06,148,2309,150,149
13126,1,500,0,0,150,3,150,3,2.48538e+06,148,2430.67,150,149
13127,1,500,0,0,150,3,150,3,2.50271e+06,148,2448,150,149
13128,1,500,0,0,150,3,150,3,2.39804e+06,148,2343.33,150,149
13129,1,500,0,0,150,3,150,3,2.33338e+06,148,2278.67,150,149
13130,1,500,0,0,150,3,150,3,2.40971e+06,148,2355,150,149
13131,1,500,0,0,150,3,150,3,2.36138e+06,148,2306.67,150,149
13132,1,500,0,0,150,3,150,3,2.32838e+06,148,2273.67,150,149
13133,1,500,0,0,150,3,150,3,2.54704e+06,148,2492.33,150,149
13134,1,500,0,0,150,3,150,3,2.46538e+06,148,2410.67,150,149
13135,1,500,0,0,150,3,150,3,2.32238e+06,148,2267.67,150,149
13136,1,500,0,0,150,3,150,3,2.48404e+06,148,2429.33,150,149
13137,1,500,0,0,150,3,150,3,2.56404e+06,148,2509.33,150,149
13138,1,500,0,0,150,3,150,3,2.57971e+06,148,2525,150,149
13139,1,500,0,0,150,3,150,3,2.60904e+06,148,2554.33,150,149
13140,1,500,0,0,150,3,150,3,2.61571e+06,148,2561,150,149
13141,1,500,0,0,150,3,150,3,2.31004e+06,148,2255.33,150,149
13142,1,500,0,0,150,3,150,3,2.25171e+06,148,2197,150,149
13143,1,500,0,0,150,3,150,3,2.42438e+06,148,2369.67,150,149
13144,1,500,0,0,150,3,150,3,2.58238e+06,148,2527.67,150,149
13145,1,500,0,0,150,3,150,3,2.45004e+06,148,2395.33,150,149
13146,1,500,0,0,150,3,150,3,2.42104e+06,148,2366.33,150,149
13147,1,500,0,0,150,3,150,3,2.46538e+06,148,2410.67,150,149
13148,1,500,0,0,150,3,150,3,2.46071e+06,148,2406,150,149
13149,1,500,0,0,150,3,150,3,2.44971e+06,148,2395,150,149
13150,1,500,0,0,150,3,150,3,2.35838e+06,148,2303.67,150,149
13151,1,500,0,0,150,3,150,3,2.46771e+06,148,2413,150,149
13152,1,500,0,0,150,3,150,3,2.39238e+06,148,2337.67,150,149
13153,1,500,0,0,150,3,150,3,2.42738e+06,148,2372.67,150,149
13154,1,500,0,0,150,3,150,3,2.71204e+06,148,2657.33,150,149
13155,1,500,0,0,150,3,150,3,2.74971e+06,148,2695,150,149
13156,1,500,0,0,150,3,150,3,2.73171e+06,148,2677,150,149
13157,1,500,0,0,150,3,150,3,2.36904e+06,148,2314.33,150,149
13158,1,500,0,0,150,3,150,3,2.44971e+06,148,2395,150,149
13159,1,500,0,0,150,3,150,3,2.40538e+06,148,2350.67,150,149
13160,1,500,0,0,150,3,150,3,2.51471e+06,148,2460,150,149
13161,1,500,0,0,150,3,150,3,2.46438e+06,148,2409.67,150,149
13162,1,500,0,0,150,3,150,3,2.60038e+06,148,2545.67,150,149
13163,1,500,0,0,150,3,150,3,2.45338e+06,148,2398.67,150,149
13164,1,500,0,0,150,3,150,3,2.42671e+06,148,2372,150,149
13165,1,500,0,0,150,3,150,3,2.44671e+06,148,2392,150,149
13166,1,500,0,0,150,3,150,3,2.20604e+06,148,2151.33,150,149
13167,1,500,0,0,150,3,150,3,2.51038e+06,148,2455.67,150,149
13168,1,500,0,0,150,3,150,3,2.48604e+06,148,2431.33,150,149
13169,1,500,0,0,150,3,150,3,2.35671e+06,148,2302,150,149
13170,1,500,0,0,150,3,150,3,2.65704e+06,148,2602.33,150,149
13171,1,500,0,0,150,3,150,3,2.29838e+06,148,2243.67,150,149
13172,1,500,0,0,150,3,150,3,2.60771e+06,148,2553,150,149
13173,1,500,0,0,150,3,150,3,2.34604e+06,148,2291.33,150,149
13174,1,500,0,0,150,3,150,3,2.49538e+06,148,2440.67,150,149
13175,1,500,0,0,150,3,150,3,2.37004e+06,148,2315.33,150,149
13176,1,500,0,0,150,3,150,3,2.31038e+06,148,2255.67,150,149
13177,1,500,0,0,150,3,150,3,2.61871e+06,148,2564,150,149
13178,1,500,0,0,150,3,150,3,2.48904e+06,148,2434.33,150,149
13179,1,500,0,0,150,3,150,3,2.35971e+06,148,2305,150,149
13180,1,500,0,0,150,3,150,3,2.57704e+06,148,2522.33,150,149
13181,1,500,0,0,150,3,150,3,2.49504e+06,148,2440.33,150,149
13182,1,500,0,0,150,3,150,3,2.63338e+06,148,2578.67,150,149
13183,1,500,0,0,150,3,150,3,2.45138e+06,148,2396.67,150,149
13184,1,500,0,0,150,3,150,3,2.59604e+06,148,2541.33,150,149
13185,1,500,0,0,150,3,150,3,2.57004e+06,148,2515.33,150,149
13186,1,500,0,0,150,3,150,3,2.48738e+06,148,2432.67,150,149
13187,1,500,0,0,150,3,150,3,2.37138e+06,148,2316.67,150,149
13188,1,500,0,0,150,3,150,3,2.51138e+06,148,2456.67,150,149
13189,1,500,0,0,150,3,150,3,2.40004e+06,148,2345.33,150,149
13190,1,500,0,0,150,3,150,3,2.50571e+06,148,2451,150,149
13191,1,500,0,0,150,3,150,3,2.35338e+06,148,2298.67,150,149
13192,1,500,0,0,150,3,150,3,2.54171e+06,148,2487,150,149
13193,1,500,0,0,150,3,150,3,2.47771e+06,148,2423,150,149
13194,1,500,0,0,150,3,150,3,2.57004e+06,148,2515.33,150,149
13195,1,500,0,0,150,3,150,3,2.35638e+06,148,2301.67,150,149
13196,1,500,0,0,150,3,150,3,2.58004e+06,148,2525.33,150,149
13197,1,500,0,0,150,3,150,3,2.55338e+06,148,2498.67,150,149
13198,1,500,0,0,150,3,150,3,2.35604e+06,148,2301.33,150,149
13199,1,500,0,0,150,3,150,3,2.46304e+06,148,2408.33,150,149
13200,1,500,0,0,150,3,150,3,2.46238e+06,148,2407.67,150,149
13201,1,500,0,0,150,3,150,3,2.54038e+06,148,2485.67,150,149
13202,1,500,0,0,150,3,150,3,2.54971e+06,148,2495,150,149
13203,1,500,0,0,150,3,150,3,2.52204e+06,148,2467.33,150,149
13204,1,500,0,0,150,3,150,3,2.43004e+06,148,2375.33,150,149
13205,1,500,0,0,150,3,150,3,2.49338e+06,148,2438.67,150,149
13206,1,500,0,0,150,3,150,3,2.52971e+06,148,2475,150,149
13207,1,500,0,0,150,3,150,3,2.56704e+06,148,2512.33,150,149
13208,1,500,0,0,150,3,150,3,2.56704e+06,148,2512.33,150,149
13209,1,500,0,0,150,3,150,3,2.44438e+06,148,2389.67,150,149
13210,1,500,0,0,150,3,150,3,2.43271e+06,148,2378,150,149
13211,1,500,0,0,150,3,150,3,2.66171e+06,148,2607,150,149
13212,1,500,0,0,150,3,150,3,2.40371e+06,148,2349,150,149
13213,1,500,0,0,150,3,150,3,2.50371e+06,148,2449,150,149
13214,1,500,0,0,150,3,150,3,2.47038e+06,148,2415.67,150,149
13215,1,500,0,0,150,3,150,3,2.37938e+06,148,2324.67,150,149
13216,1,500,0,0,150,3,150,3,2.49271e+06,148,2438,150,149
13217,1,500,0,0,150,3,150,3,2.55504e+06,148,2500.33,150,149
13218,1,500,0,0,150,3,150,3,2.65538e+06,148,2600.67,150,149
13219,1,500,0,0,150,3,150,3,2.57671e+06,148,2522,150,149
13220,1,500,0,0,150,3,150,3,2.62571e+06,148,2571,150,149
13221,1,500,0,0,150,3,150,3,2.50704e+06,148,2452.33,150,149
13222,1,500,0,0,150,3,150,3,2.43371e+06,148,2379,150,149
13223,1,500,0,0,150,3,150,3,2.44504e+06,148,2390.33,150,149
13224,1,500,0,0,150,3,150,3,2.33638e+06,148,2281.67,150,149
13225,1,500,0,0,150,3,150,3,2.77871e+06,148,2724,150,149
13226,1,500,0,0,150,3,150,3,2.49038e+06,148,2435.67,150,149
13227,1,500,0,0,150,3,150,3,2.37404e+06,148,2319.33,150,149
13228,1,500,0,0,150,3,150,3,2.41404e+06,148,2359.33,150,149
13229,1,500,0,0,150,3,150,3,2.48338e+06,148,2428.67,150,149
13230,1,500,0,0,150,3,150,3,2.47404e+06,148,2419.33,150,149
13231,1,500,0,0,150,3,150,3,2.36671e+06,148,2312,150,149
13232,1,500,0,0,150,3,150,3,2.42804e+06,148,2373.33,150,149
13233,1,500,0,0,150,3,150,3,2.57638e+06,148,2521.67,150,149
13234,1,500,0,0,150,3,150,3,2.65238e+06,148,2597.67,150,149
13235,1,500,0,0,150,3,150,3,2.59504e+06,148,2540.33,150,149
13236,1,500,0,0,150,3,150,3,2.38271e+06,148,2328,150,149
13237,1,500,0,0,150,3,150,3,2.38471e+06,148,2330,150,149
13238,1,500,0,0,150,3,150,3,2.35038e+06,148,2295.67,150,149
13239,1,500,0,0,150,3,150,3,2.47771e+06,148,2423,150,149
13240,1,500,0,0,150,3,150,3,2.55304e+06,148,2498.33,150,149
13241,1,500,0,0,150,3,150,3,2.49704e+06,148,2442.33,150,149
13242,1,500,0,0,150,3,150,3,2.32371e+06,148,2269,150,149
13243,1,500,0,0,150,3,150,3,2.33804e+06,148,2283.33,150,149
13244,1,500,0,0,150,3,150,3,2.50338e+06,148,2448.67,150,149
13245,1,500,0,0,150,3,150,3,2.46804e+06,148,2413.33,150,149
13246,1,500,0,0,150,3,150,3,2.59238e+06,148,2537.67,150,149
13247,1,500,0,0,150,3,150,3,2.43038e+06,148,2375.67,150,149
13248,1,500,0,0,150,3,150,3,2.53104e+06,148,2476.33,150,149
13249,1,500,0,0,150,3,150,3,2.54871e+06,148,2494,150,149
13250,1,500,0,0,150,3,150,3,2.40438e+06,148,2349.67,150,149
13251,1,500,0,0,150,3,150,3,2.48971e+06,148,2435,150,149
13252,1,500,0,0,150,3,150,3,2.48504e+06,148,2430.33,150,149
13253,1,500,0,0,150,3,150,3,2.39638e+06,148,2341.67,150,149
13254,1,500,0,0,150,3,150,3,2.47638e+06,148,2421.67,150,149
13255,1,500,0,0,150,3,150,3,2.44571e+06,148,2391,150,149
13256,1,500,0,0,150,3,150,3,2.59104e+06,148,2536.33,150,149
13257,1,500,0,0,150,3,150,3,2.54904e+06,148,2494.33,150,149
13258,1,500,0,0,150,3,150,3,2.37338e+06,148,2318.67,150,149
13259,1,500,0,0,150,3,150,3,2.21704e+06,148,2162.33,150,149
13260,1,500,0,0,150,3,150,3,2.64438e+06,148,2589.67,150,149
13261,1,500,0,0,150,3,150,3,2.30338e+06,148,2248.67,150,149
13262,1,500,0,0,150,3,150,3,2.67971e+06,148,2625,150,149
13263,1,500,0,0,150,3,150,3,2.55571e+06,148,2501,150,149
13264,1,500,0,0,150,3,150,3,2.51238e+06,148,2457.67,150,149
13265,1,500,0,0,150,3,150,3,2.42271e+06,148,2368,150,149
13266,1,500,0,0,150,3,150,3,2.42104e+06,148,2366.33,150,149
13267,1,500,0,0,150,3,150,3,2.34404e+06,148,2289.33,150,149
13268,1,500,0,0,150,3,150,3,2.32004e+06,148,2265.33,150,149
13269,1,500,0,0,150,3,150,3,2.44704e+06,148,2392.33,150,149
13270,1,500,0,0,150,3,150,3,2.55104e+06,148,2496.33,150,149
13271,1,500,0,0,150,3,150,3,2.56838e+06,148,2513.67,150,149
13272,1,500,0,0,150,3,150,3,2.62204e+06,148,2567.33,150,149
13273,1,500,0,0,150,3,150,3,2.47571e+06,148,2421,150,149
13274,1,500,0,0,150,3,150,3,2.41538e+06,148,2360.67,150,149
13275,1,500,0,0,150,3,150,3,2.49304e+06,148,2438.33,150,149
13276,1,500,0,0,150,3,150,3,2.54471e+06,148,2490,150,149
13277,1,500,0,0,150,3,150,3,2.50371e+06,148,2449,150,149
13278,1,500,0,0,150,3,150,3,2.44938e+06,148,2394.67,150,149
13279,1,500,0,0,150,3,150,3,2.44771e+06,148,2393,150,149
13280,1,500,0,0,150,3,150,3,2.44971e+06,148,2395,150,149
13281,1,500,0,0,150,3,150,3,2.43538e+06,148,2380.67,150,149
13282,1,500,0,0,150,3,150,3,2.42171e+06,148,2367,150,149
13283,1,500,0,0,150,3,150,3,2.39804e+06,148,2343.33,150,149
13284,1,500,0,0,150,3,150,3,2.49538e+06,148,2440.67,150,149
13285,1,500,0,0,150,3,150,3,2.56638e+06,148,2511.67,150,149
13286,1,500,0,0,150,3,150,3,2.52704e+06,148,2472.33,150,149
13287,1,500,0,0,150,3,150,3,2.38771e+06,148,2333,150,149
13288,1,500,0,0,150,3,150,3,2.45438e+06,148,2399.67,150,149
13289,1,500,0,0,150,3,150,3,2.51371e+06,148,2459,150,149
13290,1,500,0,0,150,3,150,3,2.60438e+06,148,2549.67,150,149
13291,1,500,0,0,150,3,150,3,2.67604e+06,148,2621.33,150,149
13292,1,500,0,0,150,3,150,3,2.47704e+06,148,2422.33,150,149
13293,1,500,0,0,150,3,150,3,2.49304e+06,148,2438.33,150,149
13294,1,500,0,0,150,3,150,3,2.50938e+06,148,2454.67,150,149
13295,1,500,0,0,150,3,150,3,2.49204e+06,148,2437.33,150,149
13296,1,500,0,0,150,3,150,3,2.62604e+06,148,2571.33,150,149
13297,1,500,0,0,150,3,150,3,2.63238e+06,148,2577.67,150,149
13298,1,500,0,0,150,3,150,3,2.41938e+06,148,2364.67,150,149
13299,1,500,0,0,150,3,150,3,2.33271e+06,148,2278,150,149
13300,1,500,0,0,150,3,150,3,2.53204e+06,148,2477.33,150,149
13301,1,500,0,0,150,3,150,3,2.23171e+06,148,2177,150,149
13302,1,500,0,0,150,3,150,3,2.54271e+06,148,2488,150,149
13303,1,500,0,0,150,3,150,3,2.69171e+06,148,2637,150,149
13304,1,500,0,0,150,3,150,3,2.62938e+06,148,2574.67,150,149
13305,1,500,0,0,150,3,150,3,2.47871e+06,148,2424,150,149
13306,1,500,0,0,150,3,150,3,2.48404e+06,148,2429.33,150,149
13307,1,500,0,0,150,3,150,3,2.62371e+06,148,2569,150,149
13308,1,500,0,0,150,3,150,3,2.53971e+06,148,2485,150,149
13309,1,500,0,0,150,3,150,3,2.30871e+06,148,2254,150,149
13310,1,500,0,0,150,3,150,3,2.39004e+06,148,2335.33,150,149
13311,1,500,0,0,150,3,150,3,2.40304e+06,148,2348.33,150,149
13312,1,500,0,0,150,3,150,3,2.48304e+06,148,2428.33,150,149
13313,1,500,0,0,150,3,150,3,2.38304e+06,148,2328.33,150,149
13314,1,500,0,0,150,3,150,3,2.47871e+06,148,2424,150,149
13315,1,500,0,0,150,3,150,3,2.38604e+06,148,2331.33,150,149
13316,1,500,0,0,150,3,150,3,2.58204e+06,148,2527.33,150,149
13317,1,500,0,0,150,3,150,3,2.78704e+06,148,2732.33,150,149
13318,1,500,0,0,150,3,150,3,2.48104e+06,148,2426.33,150,149
13319,1,500,0,0,150,3,150,3,2.44538e+06,148,2390.67,150,149
13320,1,500,0,0,150,3,150,3,2.45271e+06,148,2398,150,149
13321,1,500,0,0,150,3,150,3,2.31671e+06,148,2262,150,149
13322,1,500,0,0,150,3,150,3,2.46971e+06,148,2415,150,149
13323,1,500,0,0,150,3,150,3,2.58438e+06,148,2529.67,150,149
13324,1,500,0,0,150,3,150,3,2.37871e+06,148,2324,150,149
13325,1,500,0,0,150,3,150,3,2.49604e+06,148,2441.33,150,149
13326,1,500,0,0,150,3,150,3,2.52104e+06,148,2466.33,150,149
13327,1,500,0,0,150,3,150,3,2.54571e+06,148,2491,150,149
13328,1,500,0,0,150,3,150,3,2.47538e+06,148,2420.67,150,149
13329,1,500,0,0,150,3,150,3,2.45571e+06,148,2401,150,149
13330,1,500,0,0,150,3,150,3,2.50938e+06,148,2454.67,150,149
13331,1,500,0,0,150,3,150,3,2.61271e+06,148,2558,150,149
13332,1,500,0,0,150,3,150,3,2.27304e+06,148,2218.33,150,149
13333,1,500,0,0,150,3,150,3,2.52271e+06,148,2468,150,149
13334,1,500,0,0,150,3,150,3,2.32904e+06,148,2274.33,150,149
13335,1,500,0,0,150,3,150,3,2.41271e+06,148,2358,150,149
13336,1,500,0,0,150,3,150,3,2.75904e+06,148,2704.33,150,149
13337,1,500,0,0,150,3,150,3,2.39571e+06,148,2341,150,149
13338,1,500,0,0,150,3,150,3,2.49238e+06,148,2437.67,150,149
13339,1,500,0,0,150,3,150,3,2.49638e+06,148,2441.67,150,149
13340,1,500,0,0,150,3,150,3,2.55404e+06,148,2499.33,150,149
13341,1,500,0,0,150,3,150,3,2.51404e+06,148,2459.33,150,149
13342,1,500,0,0,150,3,150,3,2.51171e+06,148,2457,150,149
13343,1,500,0,0,150,3,150,3,2.53538e+06,148,2480.67,150,149
13344,1,500,0,0,150,3,150,3,2.47371e+06,148,2419,150,149
13345,1,500,0,0,150,3,150,3,2.52138e+06,148,2466.67,150,149
13346,1,500,0,0,150,3,150,3,2.43604e+06,148,2381.33,150,149
13347,1,500,0,0,150,3,150,3,2.50538e+06,148,2450.67,150,149
13348,1,500,0,0,150,3,150,3,2.54571e+06,148,2491,150,149
13349,1,500,0,0,150,3,150,3,2.28538e+06,148,2230.67,150,149
13350,1,500,0,0,150,3,150,3,2.56404e+06,148,2509.33,150,149
13351,1,500,0,0,150,3,150,3,2.51304e+06,148,2458.33,150,149
13352,1,500,0,0,150,3,150,3,2.50638e+06,148,2451.67,150,149
13353,1,500,0,0,150,3,150,3,2.22738e+06,148,2172.67,150,149
13354,1,500,0,0,150,3,150,3,2.53638e+06,148,2481.67,150,149
13355,1,500,0,0,150,3,150,3,2.59004e+06,148,2535.33,150,149
13356,1,500,0,0,150,3,150,3,2.36704e+06,148,2312.33,150,149
13357,1,500,0,0,150,3,150,3,2.52171e+06,148,2467,150,149
13358,1,500,0,0,150,3,150,3,2.38504e+06,148,2330.33,150,149
13359,1,500,0,0,150,3,150,3,2.33971e+06,148,2285,150,149
13360,1,500,0,0,150,3,150,3,2.46738e+06,148,2412.67,150,149
13361,1,500,0,0,150,3,150,3,2.63238e+06,148,2577.67,150,149
13362,1,500,0,0,150,3,150,3,2.26271e+06,148,2208,150,149
13363,1,500,0,0,150,3,150,3,2.49304e+06,148,2438.33,150,149
13364,1,500,0,0,150,3,150,3,2.51138e+06,148,2456.67,150,149
13365,1,500,0,0,150,3,150,3,2.65171e+06,148,2597,150,149
13366,1,500,0,0,150,3,150,3,2.40471e+06,148,2350,150,149
13367,1,500,0,0,150,3,150,3,2.64104e+06,148,2586.33,150,149
13368,1,500,0,0,150,3,150,3,2.36138e+06,148,2306.67,150,149
13369,1,500,0,0,150,3,150,3,2.41504e+06,148,2360.33,150,149
13370,1,500,0,0,150,3,150,3,2.49304e+06,148,2438.33,150,149
13371,1,500,0,0,150,3,150,3,2.41404e+06,148,2359.33,150,149
13372,1,500,0,0,150,3,150,3,2.50271e+06,148,2448,150,149
13373,1,500,0,0,150,3,150,3,2.52338e+06,148,2468.67,150,149
13374,1,500,0,0,150,3,150,3,2.37938e+06,148,2324.67,150,149
13375,1,500,0,0,150,3,150,3,2.54204e+06,148,2487.33,150,149
13376,1,500,0,0,150,3,150,3,2.29938e+06,148,2244.67,150,149
13377,1,500,0,0,150,3,150,3,2.39438e+06,148,2339.67,150,149
13378,1,500,0,0,150,3,150,3,2.65738e+06,148,2602.67,150,149
13379,1,500,0,0,150,3,150,3,2.43604e+06,148,2381.33,150,149
13380,1,500,0,0,150,3,150,3,2.39838e+06,148,2343.67,150,149
13381,1,500,0,0,150,3,150,3,2.53271e+06,148,2478,150,149
13382,1,500,0,0,150,3,150,3,2.61571e+06,148,2561,150,149
13383,1,500,0,0,150,3,150,3,2.46204e+06,148,2407.33,150,149
13384,1,500,0,0,150,3,150,3,2.50671e+06,148,2452,150,149
13385,1,500,0,0,150,3,150,3,2.49971e+06,148,2445,150,149
13386,1,500,0,0,150,3,150,3,2.34071e+06,148,2286,150,149
13387,1,500,0,0,150,3,150,3,2.45971e+06,148,2405,150,149
13388,1,500,0,0,150,3,150,3,2.33071e+06,148,2276,150,149
13389,1,500,0,0,150,3,150,3,2.38138e+06,148,2326.67,150,149
13390,1,500,0,0,150,3,150,3,2.40304e+06,148,2348.33,150,149
13391,1,500,0,0,150,3,150,3,2.63604e+06,148,2581.33,150,149
13392,1,500,0,0,150,3,150,3,2.40604e+06,148,2351.33,150,149
13393,1,500,0,0,150,3,150,3,2.41938e+06,148,2364.67,150,149
13394,1,500,0,0,150,3,150,3,2.50138e+06,148,2446.67,150,149
13395,1,500,0,0,150,3,150,3,2.56438e+06,148,2509.67,150,149
13396,1,500,0,0,150,3,150,3,2.55371e+06,148,2499,150,149
13397,1,500,0,0,150,3,150,3,2.46104e+06,148,2406.33,150,149
13398,1,500,0,0,150,3,150,3,2.38038e+06,148,2325.67,150,149
13399,1,500,0,0,150,3,150,3,2.44204e+06,148,2387.33,150,149
13400,1,500,0,0,150,3,150,3,2.38004e+06,148,2325.33,150,149
13401,1,500,0,0,150,3,150,3,2.50938e+06,148,2454.67,150,149
13402,1,500,0,0,150,3,150,3,2.55171e+06,148,2497,150,149
13403,1,500,0,0,150,3,150,3,2.54504e+06,148,2490.33,150,149
13404,1,500,0,0,150,3,150,3,2.56504e+06,148,2510.33,150,149
13405,1,500,0,0,150,3,150,3,2.65171e+06,148,2597,150,149
13406,1,500,0,0,150,3,150,3,2.54238e+06,148,2487.67,150,149
13407,1,500,0,0,150,3,150,3,2.71438e+06,148,2659.67,150,149
13408,1,500,0,0,150,3,150,3,2.47371e+06,148,2419,150,149
13409,1,500,0,0,150,3,150,3,2.40471e+06,148,2350,150,149
13410,1,500,0,0,150,3,150,3,2.52071e+06,148,2466,150,149
13411,1,500,0,0,150,3,150,3,2.67338e+06,148,2618.67,150,149
13412,1,500,0,0,150,3,150,3,2.35204e+06,148,2297.33,150,149
13413,1,500,0,0,150,3,150,3,2.47038e+06,148,2415.67,150,149
13414,1,500,0,0,150,3,150,3,2.36471e+06,148,2310,150,149
13415,1,500,0,0,150,3,150,3,2.46171e+06,148,2407,150,149
13416,1,500,0,0,150,3,150,3,2.58938e+06,148,2534.67,150,149
13417,1,500,0,0,150,3,150,3,2.58404e+06,148,2529.33,150,149
13418,1,500,0,0,150,3,150,3,2.36904e+06,148,2314.33,150,149
13419,1,500,0,0,150,3,150,3,2.73504e+06,148,2680.33,150,149
13420,1,500,0,0,150,3,150,3,2.49838e+06,148,2443.67,150,149
13421,1,500,0,0,150,3,150,3,2.35538e+06,148,2300.67,150,149
13422,1,500,0,0,150,3,150,3,2.48171e+06,148,2427,150,149
13423,1,500,0,0,150,3,150,3,2.41704e+06,148,2362.33,150,149
13424,1,500,0,0,150,3,150,3,2.49104e+06,148,2436.33,150,149
13425,1,500,0,0,150,3,150,3,2.55338e+06,148,2498.67,150,149
13426,1,500,0,0,150,3,150,3,2.63338e+06,148,2578.67,150,149
13427,1,500,0,0,150,3,150,3,2.45271e+06,148,2398,150,149
13428,1,500,0,0,150,3,150,3,2.37404e+06,148,2319.33,150,149
13429,1,500,0,0,150,3,150,3,2.55938e+06,148,2504.67,150,149
13430,1,500,0,0,150,3,150,3,2.51104e+06,148,2456.33,150,149
13431,1,500,0,0,150,3,150,3,2.54704e+06,148,2492.33,150,149
13432,1,500,0,0,150,3,150,3,2.52604e+06,148,2471.33,150,149
13433,1,500,0,0,150,3,150,3,2.32504e+06,148,2270.33,150,149
13434,1,500,0,0,150,3,150,3,2.49871e+06,148,2444,150,149
13435,1,500,0,0,150,3,150,3,2.53571e+06,148,2481,150,149
13436,1,500,0,0,150,3,150,3,2.54038e+06,148,2485.67,150,149
13437,1,500,0,0,150,3,150,3,2.56238e+06,148,2507.67,150,149
13438,1,500,0,0,150,3,150,3,2.47138e+06,148,2416.67,150,149
13439,1,500,0,0,150,3,150,3,2.42604e+06,148,2371.33,150,149
13440,1,500,0,0,150,3,150,3,2.59671e+06,148,2542,150,149
13441,1,500,0,0,150,3,150,3,2.55204e+06,148,2497.33,150,149
13442,1,500,0,0,150,3,150,3,2.32604e+06,148,2271.33,150,149
13443,1,500,0,0,150,3,150,3,2.58538e+06,148,2530.67,150,149
13444,1,500,0,0,150,3,150,3,2.58904e+06,148,2534.33,150,149
13445,1,500,0,0,150,3,150,3,2.55071e+06,148,2496,150,149
13446,1,500,0,0,150,3,150,3,2.45471e+06,148,2400,150,149
13447,1,500,0,0,150,3,150,3,2.43038e+06,148,2375.67,150,149
13448,1,500,0,0,150,3,150,3,2.61804e+06,148,2563.33,150,149
13449,1,500,0,0,150,3,150,3,2.57638e+06,148,2521.67,150,149
13450,1,500,0,0,150,3,150,3,2.37271e+06,148,2318,150,149
13451,1,500,0,0,150,3,150,3,2.40838e+06,148,2353.67,150,149
13452,1,500,0,0,150,3,150,3,2.50938e+06,148,2454.67,150,149
13453,1,500,0,0,150,3,150,3,2.28504e+06,148,2230.33,150,149
13454,1,500,0,0,150,3,150,3,2.46371e+06,148,2409,150,149
13455,1,500,0,0,150,3,150,3,2.41871e+06,148,2364,150,149
13456,1,500,0,0,150,3,150,3,2.51904e+06,148,2464.33,150,149
13457,1,500,0,0,150,3,150,3,2.41571e+06,148,2361,150,149
13458,1,500,0,0,150,3,150,3,2.42138e+06,148,2366.67,150,149
13459,1,500,0,0,150,3,150,3,2.47971e+06,148,2425,150,149
13460,1,500,0,0,150,3,150,3,2.48338e+06,148,2428.67,150,149
13461,1,500,0,0,150,3,150,3,2.67338e+06,148,2618.67,150,149
13462,1,500,0,0,150,3,150,3,2.45804e+06,148,2403.33,150,149
13463,1,500,0,0,150,3,150,3,2.30071e+06,148,2246,150,149
13464,1,500,0,0,150,3,150,3,2.36638e+06,148,2311.67,150,149
13465,1,500,0,0,150,3,150,3,2.27204e+06,148,2217.33,150,149
13466,1,500,0,0,150,3,150,3,2.39504e+06,148,2340.33,150,149
13467,1,500,0,0,150,3,150,3,2.57504e+06,148,2520.33,150,149
13468,1,500,0,0,150,3,150,3,2.44771e+06,148,2393,150,149
13469,1,500,0,0,150,3,150,3,2.43371e+06,148,2379,150,149
13470,1,500,0,0,150,3,150,3,2.68804e+06,148,2633.33,150,149
13471,1,500,0,0,150,3,150,3,2.44704e+06,148,2392.33,150,149
13472,1,500,0,0,150,3,150,3,2.43604e+06,148,2381.33,150,149
13473,1,500,0,0,150,3,150,3,2.40938e+06,148,2354.67,150,149
13474,1,500,0,0,150,3,150,3,2.46504e+06,148,2410.33,150,149
13475,1,500,0,0,150,3,150,3,2.40671e+06,148,2352,150,149
13476,1,500,0,0,150,3,150,3,2.46004e+06,148,2405.33,150,149
13477,1,500,0,0,150,3,150,3,2.50204e+06,148,2447.33,150,149
13478,1,500,0,0,150,3,150,3,2.48071e+06,148,2426,150,149
13479,1,500,0,0,150,3,150,3,2.54771e+06,148,2493,150,149
13480,1,500,0,0,150,3,150,3,2.57471e+06,148,2520,150,149
13481,1,500,0,0,150,3,150,3,2.60904e+06,148,2554.33,150,149
13482,1,500,0,0,150,3,150,3,2.30304e+06,148,2248.33,150,149
13483,1,500,0,0,150,3,150,3,2.45004e+06,148,2395.33,150,149
13484,1,500,0,0,150,3,150,3,2.55838e+06,148,2503.67,150,149
13485,1,500,0,0,150,3,150,3,2.58938e+06,148,2534.67,150,149
13486,1,500,0,0,150,3,150,3,2.56371e+06,148,2509,150,149
13487,1,500,0,0,150,3,150,3,2.45404e+06,148,2399.33,150,149
13488,1,500,0,0,150,3,150,3,2.21204e+06,148,2157.33,150,149
13489,1,500,0,0,150,3,150,3,2.39804e+06,148,2343.33,150,149
13490,1,500,0,0,150,3,150,3,2.48471e+06,148,2430,150,149
13491,1,500,0,0,150,3,150,3,2.35604e+06,148,2301.33,150,149
13492,1,500,0,0,150,3,150,3,2.50071e+06,148,2446,150,149
13493,1,500,0,0,150,3,150,3,2.32404e+06,148,2269.33,150,149
13494,1,500,0,0,150,3,150,3,2.32571e+06,148,2271,150,149
13495,1,500,0,0,150,3,150,3,2.45004e+06,148,2395.33,150,149
13496,1,500,0,0,150,3,150,3,2.58871e+06,148,2534,150,149
13497,1,500,0,0,150,3,150,3,2.48538e+06,148,2430.67,150,149
13498,1,500,0,0,150,3,150,3,2.43104e+06,148,2376.33,150,149
13499,1,500,0,0,150,3,150,3,2.47571e+06,148,2421,150,149
13500,1,500,0,0,150,3,150,3,2.46838e+06,148,2413.67,150,149
13501,1,500,0,0,150,3,150,3,2.70004e+06,148,2645.33,150,149
13502,1,500,0,0,150,3,150,3,2.49138e+06,148,2436.67,150,149
13503,1,500,0,0,150,3,150,3,2.48638e+06,148,2431.67,150,149
13504,1,500,0,0,150,3,150,3,2.44104e+06,148,2386.33,150,149
13505,1,500,0,0,150,3,150,3,2.43004e+06,148,2375.33,150,149
13506,1,500,0,0,150,3,150,3,2.63671e+06,148,2582,150,149
13507,1,500,0,0,150,3,150,3,2.47338e+06,148,2418.67,150,149
13508,1,500,0,0,150,3,150,3,2.48071e+06,148,2426,150,149
13509,1,500,0,0,150,3,150,3,2.28304e+06,148,2228.33,150,149
13510,1,500,0,0,150,3,150,3,2.63738e+06,148,2582.67,150,149
13511,1,500,0,0,150,3,150,3,2.45671e+06,148,2402,150,149
13512,1,500,0,0,150,3,150,3,2.35038e+06,148,2295.67,150,149
13513,1,500,0,0,150,3,150,3,2.48371e+06,148,2429,150,149
13514,1,500,0,0,150,3,150,3,2.28638e+06,148,2231.67,150,149
13515,1,500,0,0,150,3,150,3,2.24771e+06,148,2193,150,149
13516,1,500,0,0,150,3,150,3,2.41271e+06,148,2358,150,149
13517,1,500,0,0,150,3,150,3,2.46271e+06,148,2408,150,149
13518,1,500,0,0,150,3,150,3,2.65038e+06,148,2595.67,150,149
13519,1,500,0,0,150,3,150,3,2.55771e+06,148,2503,150,149
13520,1,500,0,0,150,3,150,3,2.40471e+06,148,2350,150,149
13521,1,500,0,0,150,3,150,3,2.58204e+06,148,2527.33,150,149
13522,1,500,0,0,150,3,150,3,2.32338e+06,148,2268.67,150,149
13523,1,500,0,0,150,3,150,3,2.41938e+06,148,2364.67,150,149
13524,1,500,0,0,150,3,150,3,2.55071e+06,148,2496,150,149
13525,1,500,0,0,150,3,150,3,2.52504e+06,148,2470.33,150,149
13526,1,500,0,0,150,3,150,3,2.43638e+06,148,2381.67,150,149
13527,1,500,0,0,150,3,150,3,2.58938e+06,148,2534.67,150,149
13528,1,500,0,0,150,3,150,3,2.46071e+06,148,2406,150,149
13529,1,500,0,0,150,3,150,3,2.60338e+06,148,2548.67,150,149
13530,1,500,0,0,150,3,150,3,2.39404e+06,148,2339.33,150,149
13531,1,500,0,0,150,3,150,3,2.49338e+06,148,2438.67,150,149
13532,1,500,0,0,150,3,150,3,2.75338e+06,148,2698.67,150,149
13533,1,500,0,0,150,3,150,3,2.42771e+06,148,2373,150,149
13534,1,500,0,0,150,3,150,3,2.45604e+06,148,2401.33,150,149
13535,1,500,0,0,150,3,150,3,2.62704e+06,148,2572.33,150,149
13536,1,500,0,0,150,3,150,3,2.48771e+06,148,2433,150,149
13537,1,500,0,0,150,3,150,3,2.52504e+06,148,2470.33,150,149
13538,1,500,0,0,150,3,150,3,2.70771e+06,148,2653,150,149
13539,1,500,0,0,150,3,150,3,2.56404e+06,148,2509.33,150,149
13540,1,500,0,0,150,3,150,3,2.62604e+06,148,2571.33,150,149
13541,1,500,0,0,150,3,150,3,2.49038e+06,148,2435.67,150,149
13542,1,500,0,0,150,3,150,3,2.52904e+06,148,2474.33,150,149
13543,1,500,0,0,150,3,150,3,2.43404e+06,148,2379.33,150,149
13544,1,500,0,0,150,3,150,3,2.47071e+06,148,2416,150,149
13545,1,500,0,0,150,3,150,3,2.59938e+06,148,2544.67,150,149
13546,1,500,0,0,150,3,150,3,2.48538e+06,148,2430.67,150,149
13547,1,500,0,0,150,3,150,3,2.52438e+06,148,2469.67,150,149
13548,1,500,0,0,150,3,150,3,2.55638e+06,148,2501.67,150,149
13549,1,500,0,0,150,3,150,3,2.52471e+06,148,2470,150,149
13550,1,500,0,0,150,3,150,3,2.47971e+06,148,2425,150,149
13551,1,500,0,0,150,3,150,3,2.55271e+06,148,2498,150,149
13552,1,500,0,0,150,3,150,3,2.45171e+06,148,2397,150,149
13553,1,500,0,0,150,3,150,3,2.41438e+06,148,2359.67,150,149
13554,1,500,0,0,150,3,150,3,2.45871e+06,148,2404,150,149
13555,1,500,0,0,150,3,150,3,2.38038e+06,148,2325.67,150,149
13556,1,500,0,0,150,3,150,3,2.41038e+06,148,2355.67,150,149
13557,1,500,0,0,150,3,150,3,2.39138e+06,148,2336.67,150,149
13558,1,500,0,0,150,3,150,3,2.53938e+06,148,2484.67,150,149
13559,1,500,0,0,150,3,150,3,2.46338e+06,148,2408.67,150,149
13560,1,500,0,0,150,3,150,3,2.26471e+06,148,2210,150,149
13561,1,500,0,0,150,3,150,3,2.53338e+06,148,2478.67,150,149
13562,1,500,0,0,150,3,150,3,2.63838e+06,148,2583.67,150,149
13563,1,500,0,0,150,3,150,3,2.50538e+06,148,2450.67,150,149
13564,1,500,0,0,150,3,150,3,2.53071e+06,148,2476,150,149
13565,1,500,0,0,150,3,150,3,2.40971e+06,148,2355,150,149
13566,1,500,0,0,150,3,150,3,2.45071e+06,148,2396,150,149
13567,1,500,0,0,150,3,150,3,2.64371e+06,148,2589,150,149
13568,1,500,0,0,150,3,150,3,2.49904e+06,148,2444.33,150,149
13569,1,500,0,0,150,3,150,3,2.47838e+06,148,2423.67,150,149
13570,1,500,0,0,150,3,150,3,2.44504e+06,148,2390.33,150,149
13571,1,500,0,0,150,3,150,3,2.44338e+06,148,2388.67,150,149
13572,1,500,0,0,150,3,150,3,2.44004e+06,148,2385.33,150,149
13573,1,500,0,0,150,3,150,3,2.41104e+06,148,2356.33,150,149
13574,1,500,0,0,150,3,150,3,2.53304e+06,148,2478.33,150,149
13575,1,500,0,0,150,3,150,3,2.66371e+06,148,2609,150,149
13576,1,500,0,0,150,3,150,3,2.35671e+06,148,2302,150,149
13577,1,500,0,0,150,3,150,3,2.32004e+06,148,2265.33,150,149
13578,1,500,0,0,150,3,150,3,2.47071e+06,148,2416,150,149
13579,1,500,0,0,150,3,150,3,2.54371e+06,148,2489,150,149
13580,1,500,0,0,150,3,150,3,2.41571e+06,148,2361,150,149
13581,1,500,0,0,150,3,150,3,2.42738e+06,148,2372.67,150,149
13582,1,500,0,0,150,3,150,3,2.61838e+06,148,2563.67,150,149
13583,1,500,0,0,150,3,150,3,2.58204e+06,148,2527.33,150,149
13584,1,500,0,0,150,3,150,3,2.47671e+06,148,2422,150,149
13585,1,500,0,0,150,3,150,3,2.45771e+06,148,2403,150,149
13586,1,500,0,0,150,3,150,3,2.31804e+06,148,2263.33,150,149
13587,1,500,0,0,150,3,150,3,2.38638e+06,148,2331.67,150,149
13588,1,500,0,0,150,3,150,3,2.28304e+06,148,2228.33,150,149
13589,1,500,0,0,150,3,150,3,2.52271e+06,148,2468,150,149
13590,1,500,0,0,150,3,150,3,2.51871e+06,148,2464,150,149
13591,1,500,0,0,150,3,150,3,2.56238e+06,148,2507.67,150,149
13592,1,500,0,0,150,3,150,3,2.61171e+06,148,2557,150,149
13593,1,500,0,0,150,3,150,3,2.47004e+06,148,2415.33,150,149
13594,1,500,0,0,150,3,150,3,2.61971e+06,148,2565,150,149
13595,1,500,0,0,150,3,150,3,2.63404e+06,148,2579.33,150,149
13596,1,500,0,0,150,3,150,3,2.55604e+06,148,2501.33,150,149
13597,1,500,0,0,150,3,150,3,2.40204e+06,148,2347.33,150,149
13598,1,500,0,0,150,3,150,3,2.54471e+06,148,2490,150,149
13599,1,500,0,0,150,3,150,3,2.34604e+06,148,2291.33,150,149
13600,1,500,0,0,150,3,150,3,2.58604e+06,148,2531.33,150,149
13601,1,500,0,0,150,3,150,3,2.53838e+06,148,2483.67,150,149
13602,1,500,0,0,150,3,150,3,2.58604e+06,148,2531.33,150,149
13603,1,500,0,0,150,3,150,3,2.34071e+06,148,2286,150,149
13604,1,500,0,0,150,3,150,3,2.41438e+06,148,2359.67,150,149
13605,1,500,0,0,150,3,150,3,2.46838e+06,148,2413.67,150,149
13606,1,500,0,0,150,3,150,3,2.62538e+06,148,2570.67,150,149
13607,1,500,0,0,150,3,150,3,2.55071e+06,148,2496,150,149
13608,1,500,0,0,150,3,150,3,2.41971e+06,148,2365,150,149
13609,1,500,0,0,150,3,150,3,2.65371e+06,148,2599,150,149
13610,1,500,0,0,150,3,150,3,2.57104e+06,148,2516.33,150,149
13611,1,500,0,0,150,3,150,3,2.44404e+06,148,2389.33,150,149
13612,1,500,0,0,150,3,150,3,2.55971e+06,148,2505,150,149
13613,1,500,0,0,150,3,150,3,2.44138e+06,148,2386.67,150,149
13614,1,500,0,0,150,3,150,3,2.58071e+06,148,2526,150,149
13615,1,500,0,0,150,3,150,3,2.59304e+06,148,2538.33,150,149
13616,1,500,0,0,150,3,150,3,2.64771e+06,148,2593,150,149
13617,1,500,0,0,150,3,150,3,2.65371e+06,148,2599,150,149
13618,1,500,0,0,150,3,150,3,2.59071e+06,148,2536,150,149
13619,1,500,0,0,150,3,150,3,2.68104e+06,148,2626.33,150,149
13620,1,500,0,0,150,3,150,3,2.42438e+06,148,2369.67,150,149
13621,1,500,0,0,150,3,150,3,2.42038e+06,148,2365.67,150,149
13622,1,500,0,0,150,3,150,3,2.56471e+06,148,2510,150,149
13623,1,500,0,0,150,3,150,3,2.70804e+06,148,2653.33,150,149
13624,1,500,0,0,150,3,150,3,2.51471e+06,148,2460,150,149
13625,1,500,0,0,150,3,150,3,2.62571e+06,148,2571,150,149
13626,1,500,0,0,150,3,150,3,2.50704e+06,148,2452.33,150,149
13627,1,500,0,0,150,3,150,3,2.48004e+06,148,2425.33,150,149
13628,1,500,0,0,150,3,150,3,2.74004e+06,148,2685.33,150,149
13629,1,500,0,0,150,3,150,3,2.55504e+06,148,2500.33,150,149
13630,1,500,0,0,150,3,150,3,2.25238e+06,148,2197.67,150,149
13631,1,500,0,0,150,3,150,3,2.56238e+06,148,2507.67,150,149
13632,1,500,0,0,150,3,150,3,2.40171e+06,148,2347,150,149
13633,1,500,0,0,150,3,150,3,2.41238e+06,148,2357.67,150,149
13634,1,500,0,0,150,3,150,3,2.30671e+06,148,2252,150,149
13635,1,500,0,0,150,3,150,3,2.35304e+06,148,2298.33,150,149
13636,1,500,0,0,150,3,150,3,2.44871e+06,148,2394,150,149
13637,1,500,0,0,150,3,150,3,2.43738e+06,148,2382.67,150,149
13638,1,500,0,0,150,3,150,3,2.62204e+06,148,2567.33,150,149
13639,1,500,0,0,150,3,150,3,2.48804e+06,148,2433.33,150,149
13640,1,500,0,0,150,3,150,3,2.54271e+06,148,2488,150,149
13641,1,500,0,0,150,3,150,3,2.39138e+06,148,2336.67,150,149
13642,1,500,0,0,150,3,150,3,2.31138e+06,148,2256.67,150,149
13643,1,500,0,0,150,3,150,3,2.59404e+06,148,2539.33,150,149
13644,1,500,0,0,150,3,150,3,2.69171e+06,148,2637,150,149
13645,1,500,0,0,150,3,150,3,2.67604e+06,148,2621.33,150,149
13646,1,500,0,0,150,3,150,3,2.62971e+06,148,2575,150,149
13647,1,500,0,0,150,3,150,3,2.42371e+06,148,2369,150,149
13648,1,500,0,0,150,3,150,3,2.43604e+06,148,2381.33,150,149
13649,1,500,0,0,150,3,150,3,2.64171e+06,148,2587,150,149
13650,1,500,0,0,150,3,150,3,2.51704e+06,148,2462.33,150,149
13651,1,500,0,0,150,3,150,3,2.54704e+06,148,2492.33,150,149
13652,1,500,0,0,150,3,150,3,2.50004e+06,148,2445.33,150,149
13653,1,500,0,0,150,3,150,3,2.37738e+06,148,2322.67,150,149
13654,1,500,0,0,150,3,150,3,2.29538e+06,148,2240.67,150,149
13655,1,500,0,0,150,3,150,3,2.53071e+06,148,2476,150,149
13656,1,500,0,0,150,3,150,3,2.52038e+06,148,2465.67,150,149
13657,1,500,0,0,150,3,150,3,2.58338e+06,148,2528.67,150,149
13658,1,500,0,0,150,3,150,3,2.28538e+06,148,2230.67,150,149
13659,1,500,0,0,150,3,150,3,2.43338e+06,148,2378.67,150,149
13660,1,500,0,0,150,3,150,3,2.46171e+06,148,2407,150,149
13661,1,500,0,0,150,3,150,3,2.46471e+06,148,2410,150,149
13662,1,500,0,0,150,3,150,3,2.68838e+06,148,2633.67,150,149
13663,1,500,0,0,150,3,150,3,2.44338e+06,148,2388.67,150,149
13664,1,500,0,0,150,3,150,3,2.77538e+06,148,2720.67,150,149
13665,1,500,0,0,150,3,150,3,2.26804e+06,148,2213.33,150,149
13666,1,500,0,0,150,3,150,3,2.60404e+06,148,2549.33,150,149
13667,1,500,0,0,150,3,150,3,2.52304e+06,148,2468.33,150,149
13668,1,500,0,0,150,3,150,3,2.71771e+06,148,2663,150,149
13669,1,500,0,0,150,3,150,3,2.12504e+06,148,2070.33,150,149
13670,1,500,0,0,150,3,150,3,2.69204e+06,148,2637.33,150,149
13671,1,500,0,0,150,3,150,3,2.51138e+06,148,2456.67,150,149
13672,1,500,0,0,150,3,150,3,2.37104e+06,148,2316.33,150,149
13673,1,500,0,0,150,3,150,3,2.59271e+06,148,2538,150,149
13674,1,500,0,0,150,3,150,3,2.56904e+06,148,2514.33,150,149
13675,1,500,0,0,150,3,150,3,2.42938e+06,148,2374.67,150,149
13676,1,500,0,0,150,3,150,3,2.61104e+06,148,2556.33,150,149
13677,1,500,0,0,150,3,150,3,2.36638e+06,148,2311.67,150,149
13678,1,500,0,0,150,3,150,3,2.45771e+06,148,2403,150,149
13679,1,500,0,0,150,3,150,3,2.39038e+06,148,2335.67,150,149
13680,1,500,0,0,150,3,150,3,2.58971e+06,148,2535,150,149
13681,1,500,0,0,150,3,150,3,2.54904e+06,148,2494.33,150,149
13682,1,500,0,0,150,3,150,3,2.33038e+06,148,2275.67,150,149
13683,1,500,0,0,150,3,150,3,2.77238e+06,148,2717.67,150,149
13684,1,500,0,0,150,3,150,3,2.50471e+06,148,2450,150,149
13685,1,500,0,0,150,3,150,3,2.41638e+06,148,2361.67,150,149
13686,1,500,0,0,150,3,150,3,2.46004e+06,148,2405.33,150,149
13687,1,500,0,0,150,3,150,3,2.23404e+06,148,2179.33,150,149
13688,1,500,0,0,150,3,150,3,2.60038e+06,148,2545.67,150,149
13689,1,500,0,0,150,3,150,3,2.46204e+06,148,2407.33,150,149
13690,1,500,0,0,150,3,150,3,2.66938e+06,148,2614.67,150,149
13691,1,500,0,0,150,3,150,3,2.45871e+06,148,2404,150,149
13692,1,500,0,0,150,3,150,3,2.45971e+06,148,2405,150,149
13693,1,500,0,0,150,3,150,3,2.36538e+06,148,2310.67,150,149
13694,1,500,0,0,150,3,150,3,2.34838e+06,148,2293.67,150,149
13695,1,500,0,0,150,3,150,3,2.42004e+06,148,2365.33,150,149
13696,1,500,0,0,150,3,150,3,2.43804e+06,148,2383.33,150,149
13697,1,500,0,0,150,3,150,3,2.34004e+06,148,2285.33,150,149
13698,1,500,0,0,150,3,150,3,2.68271e+06,148,2628,150,149
13699,1,500,0,0,150,3,150,3,2.44404e+06,148,2389.33,150,149
13700,1,500,0,0,150,3,150,3,2.57671e+06,148,2522,150,149
13701,1,500,0,0,150,3,150,3,2.34671e+06,148,2292,150,149
13702,1,500,0,0,150,3,150,3,2.54104e+06,148,2486.33,150,149
13703,1,500,0,0,150,3,150,3,2.43404e+06,148,2379.33,150,149
13704,1,500,0,0,150,3,150,3,2.52538e+06,148,2470.67,150,149
13705,1,500,0,0,150,3,150,3,2.53504e+06,148,2480.33,150,149
13706,1,500,0,0,150,3,150,3,2.60338e+06,148,2548.67,150,149
13707,1,500,0,0,150,3,150,3,2.63071e+06,148,2576,150,149
13708,1,500,0,0,150,3,150,3,2.68371e+06,148,2629,150,149
13709,1,500,0,0,150,3,150,3,2.47438e+06,148,2419.67,150,149
13710,1,500,0,0,150,3,150,3,2.44304e+06,148,2388.33,150,149
13711,1,500,0,0,150,3,150,3,2.37338e+06,148,2318.67,150,149
13712,1,500,0,0,150,3,150,3,2.65471e+06,148,2600,150,149
13713,1,500,0,0,150,3,150,3,2.64604e+06,148,2591.33,150,149
13714,1,500,0,0,150,3,150,3,2.46404e+06,148,2409.33,150,149
13715,1,500,0,0,150,3,150,3,2.30304e+06,148,2248.33,150,149
13716,1,500,0,0,150,3,150,3,2.43471e+06,148,2380,150,149
13717,1,500,0,0,150,3,150,3,2.62038e+06,148,2565.67,150,149
13718,1,500,0,0,150,3,150,3,2.50871e+06,148,2454,150,149
13719,1,500,0,0,150,3,150,3,2.50604e+06,148,2451.33,150,149
13720,1,500,0,0,150,3,150,3,2.37704e+06,148,2322.33,150,149
13721,1,500,0,0,150,3,150,3,2.69804e+06,148,2643.33,150,149
13722,1,500,0,0,150,3,150,3,2.49104e+06,148,2436.33,150,149
13723,1,500,0,0,150,3,150,3,2.37204e+06,148,2317.33,150,149
13724,1,500,0,0,150,3,150,3,2.39271e+06,148,2338,150,149
13725,1,500,0,0,150,3,150,3,2.52404e+06,148,2469.33,150,149
13726,1,500,0,0,150,3,150,3,2.45304e+06,148,2398.33,150,149
13727,1,500,0,0,150,3,150,3,2.47638e+06,148,2421.67,150,149
13728,1,500,0,0,150,3,150,3,2.43038e+06,148,2375.67,150,149
13729,1,500,0,0,150,3,150,3,2.45771e+06,148,2403,150,149
13730,1,500,0,0,150,3,150,3,2.59771e+06,148,2543,150,149
13731,1,500,0,0,150,3,150,3,2.55638e+06,148,2501.67,150,149
13732,1,500,0,0,150,3,150,3,2.40404e+06,148,2349.33,150,149
13733,1,500,0,0,150,3,150,3,2.58704e+06,148,2532.33,150,149
13734,1,500,0,0,150,3,150,3,2.49138e+06,148,2436.67,150,149
13735,1,500,0,0,150,3,150,3,2.41871e+06,148,2364,150,149
13736,1,500,0,0,150,3,150,3,2.61104e+06,148,2556.33,150,149
13737,1,500,0,0,150,3,150,3,2.58238e+06,148,2527.67,150,149
13738,1,500,0,0,150,3,150,3,2.65138e+06,148,2596.67,150,149
13739,1,500,0,0,150,3,150,3,2.41538e+06,148,2360.67,150,149
13740,1,500,0,0,150,3,150,3,2.43704e+06,148,2382.33,150,149
13741,1,500,0,0,150,3,150,3,2.52971e+06,148,2475,150,149
13742,1,500,0,0,150,3,150,3,2.39038e+06,148,2335.67,150,149
13743,1,500,0,0,150,3,150,3,2.74204e+06,148,2687.33,150,149
13744,1,500,0,0,150,3,150,3,2.57704e+06,148,2522.33,150,149
13745,1,500,0,0,150,3,150,3,2.40738e+06,148,2352.67,150,149
13746,1,500,0,0,150,3,150,3,2.48838e+06,148,2433.67,150,149
13747,1,500,0,0,150,3,150,3,2.33838e+06,148,2283.67,150,149
13748,1,500,0,0,150,3,150,3,2.46138e+06,148,2406.67,150,149
13749,1,500,0,0,150,3,150,3,2.47471e+06,148,2420,150,149
13750,1,500,0,0,150,3,150,3,2.51104e+06,148,2456.33,150,149
13751,1,500,0,0,150,3,150,3,2.65438e+06,148,2599.67,150,149
13752,1,500,0,0,150,3,150,3,2.45538e+06,148,2400.67,150,149
13753,1,500,0,0,150,3,150,3,2.71138e+06,148,2656.67,150,149
13754,1,500,0,0,150,3,150,3,2.49371e+06,148,2439,150,149
13755,1,500,0,0,150,3,150,3,2.49738e+06,148,2442.67,150,149
13756,1,500,0,0,150,3,150,3,2.72771e+06,148,2673,150,149
13757,1,500,0,0,150,3,150,3,2.23804e+06,148,2183.33,150,149
13758,1,500,0,0,150,3,150,3,2.38304e+06,148,2328.33,150,149
13759,1,500,0,0,150,3,150,3,2.38838e+06,148,2333.67,150,149
13760,1,500,0,0,150,3,150,3,2.51171e+06,148,2457,150,149
13761,1,500,0,0,150,3,150,3,2.59838e+06,148,2543.67,150,149
13762,1,500,0,0,150,3,150,3,2.49504e+06,148,2440.33,150,149
13763,1,500,0,0,150,3,150,3,2.55104e+06,148,2496.33,150,149
13764,1,500,0,0,150,3,150,3,2.60838e+06,148,2553.67,150,149
13765,1,500,0,0,150,3,150,3,2.52971e+06,148,2475,150,149
13766,1,500,0,0,150,3,150,3,2.48638e+06,148,2431.67,150,149
13767,1,500,0,0,150,3,150,3,2.35504e+06,148,2300.33,150,149
13768,1,500,0,0,150,3,150,3,2.44271e+06,148,2388,150,149
13769,1,500,0,0,150,3,150,3,2.35738e+06,148,2302.67,150,149
13770,1,500,0,0,150,3,150,3,2.63904e+06,148,2584.33,150,149
13771,1,500,0,0,150,3,150,3,2.62471e+06,148,2570,150,149
13772,1,500,0,0,150,3,150,3,2.48604e+06,148,2431.33,150,149
13773,1,500,0,0,150,3,150,3,2.49071e+06,148,2436,150,149
13774,1,500,0,0,150,3,150,3,2.50038e+06,148,2445.67,150,149
13775,1,500,0,0,150,3,150,3,2.62571e+06,148,2571,150,149
13776,1,500,0,0,150,3,150,3,2.49271e+06,148,2438,150,149
13777,1,500,0,0,150,3,150,3,2.33238e+06,148,2277.67,150,149
13778,1,500,0,0,150,3,150,3,2.33638e+06,148,2281.67,150,149
13779,1,500,0,0,150,3,150,3,2.34171e+06,148,2287,150,149
13780,1,500,0,0,150,3,150,3,2.49271e+06,148,2438,150,149
13781,1,500,0,0,150,3,150,3,2.60071e+06,148,2546,150,149
13782,1,500,0,0,150,3,150,3,2.39371e+06,148,2339,150,149
13783,1,500,0,0,150,3,150,3,2.30971e+06,148,2255,150,149
13784,1,500,0,0,150,3,150,3,2.51871e+06,148,2464,150,149
13785,1,500,0,0,150,3,150,3,2.28771e+06,148,2233,150,149
13786,1,500,0,0,150,3,150,3,2.68004e+06,148,2625.33,150,149
13787,1,500,0,0,150,3,150,3,2.34971e+06,148,2295,150,149
13788,1,500,0,0,150,3,150,3,2.55171e+06,148,2497,150,149
13789,1,500,0,0,150,3,150,3,2.35238e+06,148,2297.67,150,149
13790,1,500,0,0,150,3,150,3,2.50738e+06,148,2452.67,150,149
13791,1,500,0,0,150,3,150,3,2.40004e+06,148,2345.33,150,149
13792,1,500,0,0,150,3,150,3,2.39671e+06,148,2342,150,149
13793,1,500,0,0,150,3,150,3,2.39904e+06,148,2344.33,150,149
13794,1,500,0,0,150,3,150,3,2.57871e+06,148,2524,150,149
13795,1,500,0,0,150,3,150,3,2.30271e+06,148,2248,150,149
13796,1,500,0,0,150,3,150,3,2.46404e+06,148,2409.33,150,149
13797,1,500,0,0,150,3,150,3,2.64004e+06,148,2585.33,150,149
13798,1,500,0,0,150,3,150,3,2.45904e+06,148,2404.33,150,149
13799,1,500,0,0,150,3,150,3,2.52871e+06,148,2474,150,149
13800,1,500,0,0,150,3,150,3,2.58371e+06,148,2529,150,149
13801,1,500,0,0,150,3,150,3,2.37871e+06,148,2324,150,149
13802,1,500,0,0,150,3,150,3,2.52438e+06,148,2469.67,150,149
13803,1,500,0,0,150,3,150,3,2.43971e+06,148,2385,150,149
13804,1,500,0,0,150,3,150,3,2.52238e+06,148,2467.67,150,149
13805,1,500,0,0,150,3,150,3,2.36204e+06,148,2307.33,150,149
13806,1,500,0,0,150,3,150,3,2.64971e+06,148,2595,150,149
13807,1,500,0,0,150,3,150,3,2.54171e+06,148,2487,150,149
13808,1,500,0,0,150,3,150,3,2.39938e+06,148,2344.67,150,149
13809,1,500,0,0,150,3,150,3,2.52871e+06,148,2474,150,149
13810,1,500,0,0,150,3,150,3,2.50671e+06,148,2452,150,149
13811,1,500,0,0,150,3,150,3,2.44304e+06,148,2388.33,150,149
13812,1,500,0,0,150,3,150,3,2.62471e+06,148,2570,150,149
13813,1,500,0,0,150,3,150,3,2.33604e+06,148,2281.33,150,149
13814,1,500,0,0,150,3,150,3,2.31138e+06,148,2256.67,150,149
13815,1,500,0,0,150,3,150,3,2.40804e+06,148,2353.33,150,149
13816,1,500,0,0,150,3,150,3,2.59538e+06,148,2540.67,150,149
13817,1,500,0,0,150,3,150,3,2.30638e+06,148,2251.67,150,149
13818,1,500,0,0,150,3,150,3,2.47038e+06,148,2415.67,150,149
13819,1,500,0,0,150,3,150,3,2.38704e+06,148,2332.33,150,149
13820,1,500,0,0,150,3,150,3,2.61104e+06,148,2556.33,150,149
13821,1,500,0,0,150,3,150,3,2.38138e+06,148,2326.67,150,149
13822,1,500,0,0,150,3,150,3,2.55038e+06,148,2495.67,150,149
13823,1,500,0,0,150,3,150,3,2.24938e+06,148,2194.67,150,149
13824,1,500,0,0,150,3,150,3,2.42304e+06,148,2368.33,150,149
13825,1,500,0,0,150,3,150,3,2.51738e+06,148,2462.67,150,149
13826,1,500,0,0,150,3,150,3,2.31438e+06,148,2259.67,150,149
13827,1,500,0,0,150,3,150,3,2.56538e+06,148,2510.67,150,149
13828,1,500,0,0,150,3,150,3,2.57004e+06,148,2515.33,150,149
13829,1,500,0,0,150,3,150,3,2.43138e+06,148,2376.67,150,149
13830,1,500,0,0,150,3,150,3,2.38171e+06,148,2327,150,149
13831,1,500,0,0,150,3,150,3,2.38604e+06,148,2331.33,150,149
13832,1,500,0,0,150,3,150,3,2.49038e+06,148,2435.67,150,149
13833,1,500,0,0,150,3,150,3,2.40804e+06,148,2353.33,150,149
13834,1,500,0,0,150,3,150,3,2.56771e+06,148,2513,150,149
13835,1,500,0,0,150,3,150,3,2.52504e+06,148,2470.33,150,149
13836,1,500,0,0,150,3,150,3,2.58104e+06,148,2526.33,150,149
13837,1,500,0,0,150,3,150,3,2.44271e+06,148,2388,150,149
13838,1,500,0,0,150,3,150,3,2.39104e+06,148,2336.33,150,149
13839,1,500,0,0,150,3,150,3,2.43904e+06,148,2384.33,150,149
13840,1,500,0,0,150,3,150,3,2.55571e+06,148,2501,150,149
13841,1,500,0,0,150,3,150,3,2.63204e+06,148,2577.33,150,149
13842,1,500,0,0,150,3,150,3,2.26138e+06,148,2206.67,150,149
13843,1,500,0,0,150,3,150,3,2.32838e+06,148,2273.67,150,149
13844,1,500,0,0,150,3,150,3,2.51971e+06,148,2465,150,149
13845,1,500,0,0,150,3,150,3,2.36371e+06,148,2309,150,149
13846,1,500,0,0,150,3,150,3,2.58138e+06,148,2526.67,150,149
13847,1,500,0,0,150,3,150,3,2.52338e+06,148,2468.67,150,149
13848,1,500,0,0,150,3,150,3,2.56071e+06,148,2506,150,149
13849,1,500,0,0,150,3,150,3,2.52038e+06,148,2465.67,150,149
13850,1,500,0,0,150,3,150,3,2.45104e+06,148,2396.33,150,149
13851,1,500,0,0,150,3,150,3,2.48304e+06,148,2428.33,150,149
13852,1,500,0,0,150,3,150,3,2.39471e+06,148,2340,150,149
13853,1,500,0,0,150,3,150,3,2.45371e+06,148,2399,150,149
13854,1,500,0,0,150,3,150,3,2.72038e+06,148,2665.67,150,149
13855,1,500,0,0,150,3,150,3,2.57304e+06,148,2518.33,150,149
13856,1,500,0,0,150,3,150,3,2.52871e+06,148,2474,150,149
13857,1,500,0,0,150,3,150,3,2.35804e+06,148,2303.33,150,149
13858,1,500,0,0,150,3,150,3,2.60338e+06,148,2548.67,150,149
13859,1,500,0,0,150,3,150,3,2.18004e+06,148,2125.33,150,149
13860,1,500,0,0,150,3,150,3,2.53204e+06,148,2477.33,150,149
13861,1,500,0,0,150,3,150,3,2.51804e+06,148,2463.33,150,149
13862,1,500,0,0,150,3,150,3,2.54404e+06,148,2489.33,150,149
13863,1,500,0,0,150,3,150,3,2.48404e+06,148,2429.33,150,149
13864,1,500,0,0,150,3,150,3,2.70738e+06,148,2652.67,150,149
13865,1,500,0,0,150,3,150,3,2.55804e+06,148,2503.33,150,149
13866,1,500,0,0,150,3,150,3,2.41104e+06,148,2356.33,150,149
13867,1,500,0,0,150,3,150,3,2.42371e+06,148,2369,150,149
13868,1,500,0,0,150,3,150,3,2.60671e+06,148,2552,150,149
13869,1,500,0,0,150,3,150,3,2.54671e+06,148,2492,150,149
13870,1,500,0,0,150,3,150,3,2.57971e+06,148,2525,150,149
13871,1,500,0,0,150,3,150,3,2.50438e+06,148,2449.67,150,149
13872,1,500,0,0,150,3,150,3,2.57771e+06,148,2523,150,149
13873,1,500,0,0,150,3,150,3,2.52271e+06,148,2468,150,149
13874,1,500,0,0,150,3,150,3,2.61638e+06,148,2561.67,150,149
13875,1,500,0,0,150,3,150,3,2.61304e+06,148,2558.33,150,149
13876,1,500,0,0,150,3,150,3,2.50938e+06,148,2454.67,150,149
13877,1,500,0,0,150,3,150,3,2.52238e+06,148,2467.67,150,149
13878,1,500,0,0,150,3,150,3,2.23771e+06,148,2183,150,149
13879,1,500,0,0,150,3,150,3,2.56604e+06,148,2511.33,150,149
13880,1,500,0,0,150,3,150,3,2.49571e+06,148,2441,150,149
13881,1,500,0,0,150,3,150,3,2.37738e+06,148,2322.67,150,149
13882,1,500,0,0,150,3,150,3,2.48471e+06,148,2430,150,149
13883,1,500,0,0,150,3,150,3,2.66404e+06,148,2609.33,150,149
13884,1,500,0,0,150,3,150,3,2.48571e+06,148,2431,150,149
13885,1,500,0,0,150,3,150,3,2.35971e+06,148,2305,150,149
13886,1,500,0,0,150,3,150,3,2.66704e+06,148,2612.33,150,149
13887,1,500,0,0,150,3,150,3,2.56338e+06,148,2508.67,150,149
13888,1,500,0,0,150,3,150,3,2.54204e+06,148,2487.33,150,149
13889,1,500,0,0,150,3,150,3,2.35071e+06,148,2296,150,149
13890,1,500,0,0,150,3,150,3,2.48471e+06,148,2430,150,149
13891,1,500,0,0,150,3,150,3,2.55638e+06,148,2501.67,150,149
13892,1,500,0,0,150,3,150,3,2.52171e+06,148,2467,150,149
13893,1,500,0,0,150,3,150,3,2.41038e+06,148,2355.67,150,149
13894,1,500,0,0,150,3,150,3,2.56604e+06,148,2511.33,150,149
13895,1,500,0,0,150,3,150,3,2.26438e+06,148,2209.67,150,149
13896,1,500,0,0,150,3,150,3,2.49138e+06,148,2436.67,150,149
13897,1,500,0,0,150,3,150,3,2.43804e+06,148,2383.33,150,149
13898,1,500,0,0,150,3,150,3,2.46738e+06,148,2412.67,150,149
13899,1,500,0,0,150,3,150,3,2.62671e+06,148,2572,150,149
13900,1,500,0,0,150,3,150,3,2.45704e+06,148,2402.33,150,149
13901,1,500,0,0,150,3,150,3,2.60071e+06,148,2546,150,149
13902,1,500,0,0,150,3,150,3,2.58404e+06,148,2529.33,150,149
13903,1,500,0,0,150,3,150,3,2.44671e+06,148,2392,150,149
13904,1,500,0,0,150,3,150,3,2.39004e+06,148,2335.33,150,149
13905,1,500,0,0,150,3,150,3,2.55371e+06,148,2499,150,149
13906,1,500,0,0,150,3,150,3,2.63538e+06,148,2580.67,150,149
13907,1,500,0,0,150,3,150,3,2.26604e+06,148,2211.33,150,149
13908,1,500,0,0,150,3,150,3,2.45571e+06,148,2401,150,149
13909,1,500,0,0,150,3,150,3,2.49004e+06,148,2435.33,150,149
13910,1,500,0,0,150,3,150,3,2.30704e+06,148,2252.33,150,149
13911,1,500,0,0,150,3,150,3,2.34671e+06,148,2292,150,149
13912,1,500,0,0,150,3,150,3,2.65438e+06,148,2599.67,150,149
13913,1,500,0,0,150,3,150,3,2.41004e+06,148,2355.33,150,149
13914,1,500,0,0,150,3,150,3,2.40438e+06,148,2349.67,150,149
13915,1,500,0,0,150,3,150,3,2.27471e+06,148,2220,150,149
13916,1,500,0,0,150,3,150,3,2.45104e+06,148,2396.33,150,149
13917,1,500,0,0,150,3,150,3,2.38104e+06,148,2326.33,150,149
13918,1,500,0,0,150,3,150,3,2.45071e+06,148,2396,150,149
13919,1,500,0,0,150,3,150,3,2.40538e+06,148,2350.67,150,149
13920,1,500,0,0,150,3,150,3,2.50404e+06,148,2449.33,150,149
13921,1,500,0,0,150,3,150,3,2.67271e+06,148,2618,150,149
13922,1,500,0,0,150,3,150,3,2.39271e+06,148,2338,150,149
13923,1,500,0,0,150,3,150,3,2.45504e+06,148,2400.33,150,149
13924,1,500,0,0,150,3,150,3,2.34738e+06,148,2292.67,150,149
13925,1,500,0,0,150,3,150,3,2.52238e+06,148,2467.67,150,149
13926,1,500,0,0,150,3,150,3,2.40038e+06,148,2345.67,150,149
13927,1,500,0,0,150,3,150,3,2.53971e+06,148,2485,150,149
13928,1,500,0,0,150,3,150,3,2.41971e+06,148,2365,150,149
13929,1,500,0,0,150,3,150,3,2.43171e+06,148,2377,150,149
13930,1,500,0,0,150,3,150,3,2.39604e+06,148,2341.33,150,149
13931,1,500,0,0,150,3,150,3,2.46371e+06,148,2409,150,149
13932,1,500,0,0,150,3,150,3,2.36471e+06,148,2310,150,149
13933,1,500,0,0,150,3,150,3,2.49738e+06,148,2442.67,150,149
13934,1,500,0,0,150,3,150,3,2.41838e+06,148,2363.67,150,149
13935,1,500,0,0,150,3,150,3,2.42671e+06,148,2372,150,149
13936,1,500,0,0,150,3,150,3,2.36271e+06,148,2308,150,149
13937,1,500,0,0,150,3,150,3,2.37604e+06,148,2321.33,150,149
13938,1,500,0,0,150,3,150,3,2.56304e+06,148,2508.33,150,149
13939,1,500,0,0,150,3,150,3,2.58004e+06,148,2525.33,150,149
13940,1,500,0,0,150,3,150,3,2.51171e+06,148,2457,150,149
13941,1,500,0,0,150,3,150,3,2.46071e+06,148,2406,150,149
13942,1,500,0,0,150,3,150,3,2.55904e+06,148,2504.33,150,149
13943,1,500,0,0,150,3,150,3,2.62004e+06,148,2565.33,150,149
13944,1,500,0,0,150,3,150,3,2.52904e+06,148,2474.33,150,149
13945,1,500,0,0,150,3,150,3,2.36071e+06,148,2306,150,149
13946,1,500,0,0,150,3,150,3,2.57271e+06,148,2518,150,149
13947,1,500,0,0,150,3,150,3,2.43371e+06,148,2379,150,149
13948,1,500,0,0,150,3,150,3,2.38438e+06,148,2329.67,150,149
13949,1,500,0,0,150,3,150,3,2.66304e+06,148,2608.33,150,149
13950,1,500,0,0,150,3,150,3,2.40438e+06,148,2349.67,150,149
13951,1,500,0,0,150,3,150,3,2.34071e+06,148,2286,150,149
13952,1,500,0,0,150,3,150,3,2.34904e+06,148,2294.33,150,149
13953,1,500,0,0,150,3,150,3,2.39771e+06,148,2343,150,149
13954,1,500,0,0,150,3,150,3,2.35671e+06,148,2302,150,149
13955,1,500,0,0,150,3,150,3,2.56671e+06,148,2512,150,149
13956,1,500,0,0,150,3,150,3,2.66271e+06,148,2608,150,149
13957,1,500,0,0,150,3,150,3,2.40304e+06,148,2348.33,150,149
13958,1,500,0,0,150,3,150,3,2.45471e+06,148,2400,150,149
13959,1,500,0,0,150,3,150,3,2.53871e+06,148,2484,150,149
13960,1,500,0,0,150,3,150,3,2.40204e+06,148,2347.33,150,149
13961,1,500,0,0,150,3,150,3,2.54904e+06,148,2494.33,150,149
13962,1,500,0,0,150,3,150,3,2.41371e+06,148,2359,150,149
13963,1,500,0,0,150,3,150,3,2.46104e+06,148,2406.33,150,149
13964,1,500,0,0,150,3,150,3,2.56971e+06,148,2515,150,149
13965,1,500,0,0,150,3,150,3,2.53038e+06,148,2475.67,150,149
13966,1,500,0,0,150,3,150,3,2.45104e+06,148,2396.33,150,149
13967,1,500,0,0,150,3,150,3,2.36771e+06,148,2313,150,149
13968,1,500,0,0,150,3,150,3,2.32104e+06,148,2266.33,150,149
13969,1,500,0,0,150,3,150,3,2.45204e+06,148,2397.33,150,149
13970,1,500,0,0,150,3,150,3,2.57604e+06,148,2521.33,150,149
13971,1,500,0,0,150,3,150,3,2.66604e+06,148,2611.33,150,149
13972,1,500,0,0,150,3,150,3,2.60838e+06,148,2553.67,150,149
13973,1,500,0,0,150,3,150,3,2.54971e+06,148,2495,150,149
13974,1,500,0,0,150,3,150,3,2.50171e+06,148,2447,150,149
13975,1,500,0,0,150,3,150,3,2.39704e+06,148,2342.33,150,149
13976,1,500,0,0,150,3,150,3,2.63138e+06,148,2576.67,150,149
13977,1,500,0,0,150,3,150,3,2.46571e+06,148,2411,150,149
13978,1,500,0,0,150,3,150,3,2.49038e+06,148,2435.67,150,149
13979,1,500,0,0,150,3,150,3,2.45038e+06,148,2395.67,150,149
13980,1,500,0,0,150,3,150,3,2.61804e+06,148,2563.33,150,149
13981,1,500,0,0,150,3,150,3,2.51371e+06,148,2459,150,149
13982,1,500,0,0,150,3,150,3,2.60604e+06,148,2551.33,150,149
13983,1,500,0,0,150,3,150,3,2.39538e+06,148,2340.67,150,149
13984,1,500,0,0,150,3,150,3,2.33371e+06,148,2279,150,149
13985,1,500,0,0,150,3,150,3,2.39838e+06,148,2343.67,150,149
13986,1,500,0,0,150,3,150,3,2.38638e+06,148,2331.67,150,149
13987,1,500,0,0,150,3,150,3,2.45804e+06,148,2403.33,150,149
13988,1,500,0,0,150,3,150,3,2.30471e+06,148,2250,150,149
13989,1,500,0,0,150,3,150,3,2.38838e+06,148,2333.67,150,149
13990,1,500,0,0,150,3,150,3,2.67438e+06,148,2619.67,150,149
13991,1,500,0,0,150,3,150,3,2.66504e+06,148,2610.33,150,149
13992,1,500,0,0,150,3,150,3,2.40804e+06,148,2353.33,150,149
13993,1,500,0,0,150,3,150,3,2.75438e+06,148,2699.67,150,149
13994,1,500,0,0,150,3,150,3,2.42904e+06,148,2374.33,150,149
13995,1,500,0,0,150,3,150,3,2.46404e+06,148,2409.33,150,149
13996,1,500,0,0,150,3,150,3,2.66504e+06,148,2610.33,150,149
13997,1,500,0,0,150,3,150,3,2.64371e+06,148,2589,150,149
13998,1,500,0,0,150,3,150,3,2.43338e+06,148,2378.67,150,149
13999,1,500,0,0,150,3,150,3,2.49304e+06,148,2438.33,150,149
14000,1,500,0,0,150,3,150,3,2.49238e+06,148,2437.67,150,149
14001,1,500,0,0,150,3,150,3,2.46238e+06,148,2407.67,150,149
14002,1,500,0,0,150,3,150,3,2.48204e+06,148,2427.33,150,149
14003,1,500,0,0,150,3,150,3,2.50371e+06,148,2449,150,149
14004,1,500,0,0,150,3,150,3,2.24738e+06,148,2192.67,150,149
14005,1,500,0,0,150,3,150,3,2.51138e+06,148,2456.67,150,149
14006,1,500,0,0,150,3,150,3,2.54138e+06,148,2486.67,150,149
14007,1,500,0,0,150,3,150,3,2.53904e+06,148,2484.33,150,149
14008,1,500,0,0,150,3,150,3,2.22371e+06,148,2169,150,149
14009,1,500,0,0,150,3,150,3,2.41971e+06,148,2365,150,149
14010,1,500,0,0,150,3,150,3,2.43204e+06,148,2377.33,150,149
14011,1,500,0,0,150,3,150,3,2.52704e+06,148,2472.33,150,149
14012,1,500,0,0,150,3,150,3,2.50938e+06,148,2454.67,150,149
14013,1,500,0,0,150,3,150,3,2.63438e+06,148,2579.67,150,149
14014,1,500,0,0,150,3,150,3,2.40604e+06,148,2351.33,150,149
14015,1,500,0,0,150,3,150,3,2.33271e+06,148,2278,150,149
14016,1,500,0,0,150,3,150,3,2.57971e+06,148,2525,150,149
14017,1,500,0,0,150,3,150,3,2.48571e+06,148,2431,150,149
14018,1,500,0,0,150,3,150,3,2.38971e+06,148,2335,150,149
14019,1,500,0,0,150,3,150,3,2.32604e+06,148,2271.33,150,149
14020,1,500,0,0,150,3,150,3,2.56371e+06,148,2509,150,149
14021,1,500,0,0,150,3,150,3,2.67538e+06,148,2620.67,150,149
14022,1,500,0,0,150,3,150,3,2.30638e+06,148,2251.67,150,149
14023,1,500,0,0,150,3,150,3,2.64604e+06,148,2591.33,150,149
14024,1,500,0,0,150,3,150,3,2.35238e+06,148,2297.67,150,149
14025,1,500,0,0,150,3,150,3,2.29138e+06,148,2236.67,150,149
14026,1,500,0,0,150,3,150,3,2.53238e+06,148,2477.67,150,149
14027,1,500,0,0,150,3,150,3,2.38838e+06,148,2333.67,150,149
14028,1,500,0,0,150,3,150,3,2.52304e+06,148,2468.33,150,149
14029,1,500,0,0,150,3,150,3,2.36838e+06,148,2313.67,150,149
14030,1,500,0,0,150,3,150,3,2.44871e+06,148,2394,150,149
14031,1,500,0,0,150,3,150,3,2.37471e+06,148,2320,150,149
14032,1,500,0,0,150,3,150,3,2.44438e+06,148,2389.67,150,149
14033,1,500,0,0,150,3,150,3,2.31771e+06,148,2263,150,149
14034,1,500,0,0,150,3,150,3,2.33338e+06,148,2278.67,150,149
14035,1,500,0,0,150,3,150,3,2.53371e+06,148,2479,150,149
14036,1,500,0,0,150,3,150,3,2.53838e+06,148,2483.67,150,149
14037,1,500,0,0,150,3,150,3,2.44404e+06,148,2389.33,150,149
14038,1,500,0,0,150,3,150,3,2.42571e+06,148,2371,150,149
14039,1,500,0,0,150,3,150,3,2.41104e+06,148,2356.33,150,149
14040,1,500,0,0,150,3,150,3,2.42871e+06,148,2374,150,149
14041,1,500,0,0,150,3,150,3,2.46838e+06,148,2413.67,150,149
14042,1,500,0,0,150,3,150,3,2.41804e+06,148,2363.33,150,149
14043,1,500,0,0,150,3,150,3,2.57138e+06,148,2516.67,150,149
14044,1,500,0,0,150,3,150,3,2.31971e+06,148,2265,150,149
14045,1,500,0,0,150,3,150,3,2.32538e+06,148,2270.67,150,149
14046,1,500,0,0,150,3,150,3,2.49404e+06,148,2439.33,150,149
14047,1,500,0,0,150,3,150,3,2.30104e+06,148,2246.33,150,149
14048,1,500,0,0,150,3,150,3,2.69771e+06,148,2643,150,149
14049,1,500,0,0,150,3,150,3,2.62504e+06,148,2570.33,150,149
14050,1,500,0,0,150,3,150,3,2.38871e+06,148,2334,150,149
14051,1,500,0,0,150,3,150,3,2.53238e+06,148,2477.67,150,149
14052,1,500,0,0,150,3,150,3,2.38871e+06,148,2334,150,149
14053,1,500,0,0,150,3,150,3,2.55271e+06,148,2498,150,149
14054,1,500,0,0,150,3,150,3,2.36004e+06,148,2305.33,150,149
14055,1,500,0,0,150,3,150,3,2.41971e+06,148,2365,150,149
14056,1,500,0,0,150,3,150,3,2.58538e+06,148,2530.67,150,149
14057,1,500,0,0,150,3,150,3,2.43238e+06,148,2377.67,150,149
14058,1,500,0,0,150,3,150,3,2.58904e+06,148,2534.33,150,149
14059,1,500,0,0,150,3,150,3,2.36338e+06,148,2308.67,150,149
14060,1,500,0,0,150,3,150,3,2.51304e+06,148,2458.33,150,149
14061,1,500,0,0,150,3,150,3,2.41371e+06,148,2359,150,149
14062,1,500,0,0,150,3,150,3,2.29804e+06,148,2243.33,150,149
14063,1,500,0,0,150,3,150,3,2.67338e+06,148,2618.67,150,149
14064,1,500,0,0,150,3,150,3,2.52438e+06,148,2469.67,150,149
14065,1,500,0,0,150,3,150,3,2.51504e+06,148,2460.33,150,149
14066,1,500,0,0,150,3,150,3,2.46171e+06,148,2407,150,149
14067,1,500,0,0,150,3,150,3,2.67071e+06,148,2616,150,149
14068,1,500,0,0,150,3,150,3,2.68104e+06,148,2626.33,150,149
14069,1,500,0,0,150,3,150,3,2.30271e+06,148,2248,150,149
14070,1,500,0,0,150,3,150,3,2.51571e+06,148,2461,150,149
14071,1,500,0,0,150,3,150,3,2.50404e+06,148,2449.33,150,149
14072,1,500,0,0,150,3,150,3,2.56871e+06,148,2514,150,149
14073,1,500,0,0,150,3,150,3,2.54204e+06,148,2487.33,150,149
14074,1,500,0,0,150,3,150,3,2.56238e+06,148,2507.67,150,149
14075,1,500,0,0,150,3,150,3,2.60071e+06,148,2546,150,149
14076,1,500,0,0,150,3,150,3,2.56738e+06,148,2512.67,150,149
14077,1,500,0,0,150,3,150,3,2.52571e+06,148,2471,150,149
14078,1,500,0,0,150,3,150,3,2.33471e+06,148,2280,150,149
14079,1,500,0,0,150,3,150,3,2.53871e+06,148,2484,150,149
14080,1,500,0,0,150,3,150,3,2.56638e+06,148,2511.67,150,149
14081,1,500,0,0,150,3,150,3,2.41638e+06,148,2361.67,150,149
14082,1,500,0,0,150,3,150,3,2.45104e+06,148,2396.33,150,149
14083,1,500,0,0,150,3,150,3,2.42304e+06,148,2368.33,150,149
14084,1,500,0,0,150,3,150,3,2.30271e+06,148,2248,150,149
14085,1,500,0,0,150,3,150,3,2.45071e+06,148,2396,150,149
14086,1,500,0,0,150,3,150,3,2.43038e+06,148,2375.67,150,149
14087,1,500,0,0,150,3,150,3,2.59704e+06,148,2542.33,150,149
14088,1,500,0,0,150,3,150,3,2.46638e+06,148,2411.67,150,149
14089,1,500,0,0,150,3,150,3,2.32938e+06,148,2274.67,150,149
14090,1,500,0,0,150,3,150,3,2.49204e+06,148,2437.33,150,149
14091,1,500,0,0,150,3,150,3,2.60371e+06,148,2549,150,149
14092,1,500,0,0,150,3,150,3,2.52804e+06,148,2473.33,150,149
14093,1,500,0,0,150,3,150,3,2.52171e+06,148,2467,150,149
14094,1,500,0,0,150,3,150,3,2.62038e+06,148,2565.67,150,149
14095,1,500,0,0,150,3,150,3,2.42904e+06,148,2374.33,150,149
14096,1,500,0,0,150,3,150,3,2.46638e+06,148,2411.67,150,149
14097,1,500,0,0,150,3,150,3,2.59704e+06,148,2542.33,150,149
14098,1,500,0,0,150,3,150,3,2.41638e+06,148,2361.67,150,149
14099,1,500,0,0,150,3,150,3,2.49638e+06,148,2441.67,150,149
14100,1,500,0,0,150,3,150,3,2.28404e+06,148,2229.33,150,149
14101,1,500,0,0,150,3,150,3,2.44804e+06,148,2393.33,150,149
14102,1,500,0,0,150,3,150,3,2.75138e+06,148,2696.67,150,149
14103,1,500,0,0,150,3,150,3,2.38604e+06,148,2331.33,150,149
14104,1,500,0,0,150,3,150,3,2.67938e+06,148,2624.67,150,149
14105,1,500,0,0,150,3,150,3,2.47138e+06,148,2416.67,150,149
14106,1,500,0,0,150,3,150,3,2.54438e+06,148,2489.67,150,149
14107,1,500,0,0,150,3,150,3,2.36071e+06,148,2306,150,149
14108,1,500,0,0,150,3,150,3,2.63038e+06,148,2575.67,150,149
14109,1,500,0,0,150,3,150,3,2.30371e+06,148,2249,150,149
14110,1,500,0,0,150,3,150,3,2.48371e+06,148,2429,150,149
14111,1,500,0,0,150,3,150,3,2.45738e+06,148,2402.67,150,149
14112,1,500,0,0,150,3,150,3,2.31971e+06,148,2265,150,149
14113,1,500,0,0,150,3,150,3,2.66938e+06,148,2614.67,150,149
14114,1,500,0,0,150,3,150,3,2.57538e+06,148,2520.67,150,149
14115,1,500,0,0,150,3,150,3,2.40704e+06,148,2352.33,150,149
14116,1,500,0,0,150,3,150,3,2.50438e+06,148,2449.67,150,149
14117,1,500,0,0,150,3,150,3,2.30671e+06,148,2252,150,149
14118,1,500,0,0,150,3,150,3,2.58204e+06,148,2527.33,150,149
14119,1,500,0,0,150,3,150,3,2.33104e+06,148,2276.33,150,149
14120,1,500,0,0,150,3,150,3,2.61404e+06,148,2559.33,150,149
14121,1,500,0,0,150,3,150,3,2.53204e+06,148,2477.33,150,149
14122,1,500,0,0,150,3,150,3,2.59938e+06,148,2544.67,150,149
14123,1,500,0,0,150,3,150,3,2.62571e+06,148,2571,150,149
14124,1,500,0,0,150,3,150,3,2.54204e+06,148,2487.33,150,149
14125,1,500,0,0,150,3,150,3,2.49971e+06,148,2445,150,149
14126,1,500,0,0,150,3,150,3,2.44971e+06,148,2395,150,149
14127,1,500,0,0,150,3,150,3,2.33671e+06,148,2282,150,149
14128,1,500,0,0,150,3,150,3,2.67371e+06,148,2619,150,149
14129,1,500,0,0,150,3,150,3,2.68571e+06,148,2631,150,149
14130,1,500,0,0,150,3,150,3,2.48504e+06,148,2430.33,150,149
14131,1,500,0,0,150,3,150,3,2.40571e+06,148,2351,150,149
14132,1,500,0,0,150,3,150,3,2.61271e+06,148,2558,150,149
14133,1,500,0,0,150,3,150,3,2.45438e+06,148,2399.67,150,149
14134,1,500,0,0,150,3,150,3,2.47504e+06,148,2420.33,150,149
14135,1,500,0,0,150,3,150,3,2.49504e+06,148,2440.33,150,149
14136,1,500,0,0,150,3,150,3,2.37604e+06,148,2321.33,150,149
14137,1,500,0,0,150,3,150,3,2.52471e+06,148,2470,150,149
14138,1,500,0,0,150,3,150,3,2.43104e+06,148,2376.33,150,149
14139,1,500,0,0,150,3,150,3,2.60738e+06,148,2552.67,150,149
14140,1,500,0,0,150,3,150,3,2.47904e+06,148,2424.33,150,149
14141,1,500,0,0,150,3,150,3,2.40804e+06,148,2353.33,150,149
14142,1,500,0,0,150,3,150,3,2.43304e+06,148,2378.33,150,149
14143,1,500,0,0,150,3,150,3,2.40704e+06,148,2352.33,150,149
14144,1,500,0,0,150,3,150,3,2.53238e+06,148,2477.67,150,149
14145,1,500,0,0,150,3,150,3,2.26538e+06,148,2210.67,150,149
14146,1,500,0,0,150,3,150,3,2.38704e+06,148,2332.33,150,149
14147,1,500,0,0,150,3,150,3,2.60104e+06,148,2546.33,150,149
14148,1,500,0,0,150,3,150,3,2.44438e+06,148,2389.67,150,149
14149,1,500,0,0,150,3,150,3,2.27271e+06,148,2218,150,149
14150,1,500,0,0,150,3,150,3,2.53838e+06,148,2483.67,150,149
14151,1,500,0,0,150,3,150,3,2.58838e+06,148,2533.67,150,149
14152,1,500,0,0,150,3,150,3,2.57604e+06,148,2521.33,150,149
14153,1,500,0,0,150,3,150,3,2.63171e+06,148,2577,150,149
14154,1,500,0,0,150,3,150,3,2.44604e+06,148,2391.33,150,149
14155,1,500,0,0,150,3,150,3,2.23438e+06,148,2179.67,150,149
14156,1,500,0,0,150,3,150,3,2.56571e+06,148,2511,150,149
14157,1,500,0,0,150,3,150,3,2.51738e+06,148,2462.67,150,149
14158,1,500,0,0,150,3,150,3,2.33104e+06,148,2276.33,150,149
14159,1,500,0,0,150,3,150,3,2.49371e+06,148,2439,150,149
14160,1,500,0,0,150,3,150,3,2.41838e+06,148,2363.67,150,149
14161,1,500,0,0,150,3,150,3,2.40304e+06,148,2348.33,150,149
14162,1,500,0,0,150,3,150,3,2.44871e+06,148,2394,150,149
14163,1,500,0,0,150,3,150,3,2.43471e+06,148,2380,150,149
14164,1,500,0,0,150,3,150,3,2.58771e+06,148,2533,150,149
14165,1,500,0,0,150,3,150,3,2.41838e+06,148,2363.67,150,149
14166,1,500,0,0,150,3,150,3,2.59404e+06,148,2539.33,150,149
14167,1,500,0,0,150,3,150,3,2.48071e+06,148,2426,150,149
14168,1,500,0,0,150,3,150,3,2.30771e+06,148,2253,150,149
14169,1,500,0,0,150,3,150,3,2.61638e+06,148,2561.67,150,149
14170,1,500,0,0,150,3,150,3,2.40738e+06,148,2352.67,150,149
14171,1,500,0,0,150,3,150,3,2.35304e+06,148,2298.33,150,149
14172,1,500,0,0,150,3,150,3,2.42371e+06,148,2369,150,149
14173,1,500,0,0,150,3,150,3,2.66738e+06,148,2612.67,150,149
14174,1,500,0,0,150,3,150,3,2.61704e+06,148,2562.33,150,149
14175,1,500,0,0,150,3,150,3,2.38638e+06,148,2331.67,150,149
14176,1,500,0,0,150,3,150,3,2.45171e+06,148,2397,150,149
14177,1,500,0,0,150,3,150,3,2.32404e+06,148,2269.33,150,149
14178,1,500,0,0,150,3,150,3,2.47871e+06,148,2424,150,149
14179,1,500,0,0,150,3,150,3,2.67271e+06,148,2618,150,149
14180,1,500,0,0,150,3,150,3,2.41004e+06,148,2355.33,150,149
14181,1,500,0,0,150,3,150,3,2.53704e+06,148,2482.33,150,149
14182,1,500,0,0,150,3,150,3,2.54604e+06,148,2491.33,150,149
14183,1,500,0,0,150,3,150,3,2.49004e+06,148,2435.33,150,149
14184,1,500,0,0,150,3,150,3,2.49271e+06,148,2438,150,149
14185,1,500,0,0,150,3,150,3,2.38071e+06,148,2326,150,149
14186,1,500,0,0,150,3,150,3,2.39971e+06,148,2345,150,149
14187,1,500,0,0,150,3,150,3,2.49004e+06,148,2435.33,150,149
14188,1,500,0,0,150,3,150,3,2.67571e+06,148,2621,150,149
14189,1,500,0,0,150,3,150,3,2.43604e+06,148,2381.33,150,149
14190,1,500,0,0,150,3,150,3,2.31704e+06,148,2262.33,150,149
14191,1,500,0,0,150,3,150,3,2.50671e+06,148,2452,150,149
14192,1,500,0,0,150,3,150,3,2.40238e+06,148,2347.67,150,149
14193,1,500,0,0,150,3,150,3,2.47238e+06,148,2417.67,150,149
14194,1,500,0,0,150,3,150,3,2.37238e+06,148,2317.67,150,149
14195,1,500,0,0,150,3,150,3,2.49238e+06,148,2437.67,150,149
14196,1,500,0,0,150,3,150,3,2.47571e+06,148,2421,150,149
14197,1,500,0,0,150,3,150,3,2.39204e+06,148,2337.33,150,149
14198,1,500,0,0,150,3,150,3,2.66004e+06,148,2605.33,150,149
14199,1,500,0,0,150,3,150,3,2.42271e+06,148,2368,150,149
14200,1,500,0,0,150,3,150,3,2.54871e+06,148,2494,150,149
14201,1,500,0,0,150,3,150,3,2.62304e+06,148,2568.33,150,149
14202,1,500,0,0,150,3,150,3,2.46271e+06,148,2408,150,149
14203,1,500,0,0,150,3,150,3,2.35438e+06,148,2299.67,150,149
14204,1,500,0,0,150,3,150,3,2.33838e+06,148,2283.67,150,149
14205,1,500,0,0,150,3,150,3,2.70504e+06,148,2650.33,150,149
14206,1,500,0,0,150,3,150,3,2.55004e+06,148,2495.33,150,149
14207,1,500,0,0,150,3,150,3,2.51438e+06,148,2459.67,150,149
14208,1,500,0,0,150,3,150,3,2.38571e+06,148,2331,150,149
14209,1,500,0,0,150,3,150,3,2.45238e+06,148,2397.67,150,149
14210,1,500,0,0,150,3,150,3,2.23004e+06,148,2175.33,150,149
14211,1,500,0,0,150,3,150,3,2.38771e+06,148,2333,150,149
14212,1,500,0,0,150,3,150,3,2.56238e+06,148,2507.67,150,149
14213,1,500,0,0,150,3,150,3,2.53971e+06,148,2485,150,149
14214,1,500,0,0,150,3,150,3,2.53238e+06,148,2477.67,150,149
14215,1,500,0,0,150,3,150,3,2.59938e+06,148,2544.67,150,149
14216,1,500,0,0,150,3,150,3,2.54171e+06,148,2487,150,149
14217,1,500,0,0,150,3,150,3,2.40604e+06,148,2351.33,150,149
14218,1,500,0,0,150,3,150,3,2.57671e+06,148,2522,150,149
14219,1,500,0,0,150,3,150,3,2.51138e+06,148,2456.67,150,149
14220,1,500,0,0,150,3,150,3,2.50538e+06,148,2450.67,150,149
14221,1,500,0,0,150,3,150,3,2.48871e+06,148,2434,150,149
14222,1,500,0,0,150,3,150,3,2.58704e+06,148,2532.33,150,149
14223,1,500,0,0,150,3,150,3,2.52104e+06,148,2466.33,150,149
14224,1,500,0,0,150,3,150,3,2.45004e+06,148,2395.33,150,149
14225,1,500,0,0,150,3,150,3,2.56371e+06,148,2509,150,149
14226,1,500,0,0,150,3,150,3,2.52104e+06,148,2466.33,150,149
14227,1,500,0,0,150,3,150,3,2.41138e+06,148,2356.67,150,149
14228,1,500,0,0,150,3,150,3,2.34838e+06,148,2293.67,150,149
14229,1,500,0,0,150,3,150,3,2.67738e+06,148,2622.67,150,149
14230,1,500,0,0,150,3,150,3,2.66871e+06,148,2614,150,149
14231,1,500,0,0,150,3,150,3,2.35371e+06,148,2299,150,149
14232,1,500,0,0,150,3,150,3,2.50404e+06,148,2449.33,150,149
14233,1,500,0,0,150,3,150,3,2.46771e+06,148,2413,150,149
14234,1,500,0,0,150,3,150,3,2.54171e+06,148,2487,150,149
14235,1,500,0,0,150,3,150,3,2.45538e+06,148,2400.67,150,149
14236,1,500,0,0,150,3,150,3,2.37104e+06,148,2316.33,150,149
14237,1,500,0,0,150,3,150,3,2.38504e+06,148,2330.33,150,149
14238,1,500,0,0,150,3,150,3,2.33238e+06,148,2277.67,150,149
14239,1,500,0,0,150,3,150,3,2.52971e+06,148,2475,150,149
14240,1,500,0,0,150,3,150,3,2.57971e+06,148,2525,150,149
14241,1,500,0,0,150,3,150,3,2.32871e+06,148,2274,150,149
14242,1,500,0,0,150,3,150,3,2.30504e+06,148,2250.33,150,149
14243,1,500,0,0,150,3,150,3,2.45304e+06,148,2398.33,150,149
14244,1,500,0,0,150,3,150,3,2.44071e+06,148,2386,150,149
14245,1,500,0,0,150,3,150,3,2.39704e+06,148,2342.33,150,149
14246,1,500,0,0,150,3,150,3,2.39571e+06,148,2341,150,149
14247,1,500,0,0,150,3,150,3,2.29004e+06,148,2235.33,150,149
14248,1,500,0,0,150,3,150,3,2.51804e+06,148,2463.33,150,149
14249,1,500,0,0,150,3,150,3,2.39804e+06,148,2343.33,150,149
14250,1,500,0,0,150,3,150,3,2.51471e+06,148,2460,150,149
14251,1,500,0,0,150,3,150,3,2.43071e+06,148,2376,150,149
14252,1,500,0,0,150,3,150,3,2.57071e+06,148,2516,150,149
14253,1,500,0,0,150,3,150,3,2.50504e+06,148,2450.33,150,149
14254,1,500,0,0,150,3,150,3,2.40271e+06,148,2348,150,149
14255,1,500,0,0,150,3,150,3,2.74471e+06,148,2690,150,149
14256,1,500,0,0,150,3,150,3,2.47838e+06,148,2423.67,150,149
14257,1,500,0,0,150,3,150,3,2.62638e+06,148,2571.67,150,149
14258,1,500,0,0,150,3,150,3,2.55804e+06,148,2503.33,150,149
14259,1,500,0,0,150,3,150,3,2.40571e+06,148,2351,150,149
14260,1,500,0,0,150,3,150,3,2.34371e+06,148,2289,150,149
14261,1,500,0,0,150,3,150,3,2.45671e+06,148,2402,150,149
14262,1,500,0,0,150,3,150,3,2.56971e+06,148,2515,150,149
14263,1,500,0,0,150,3,150,3,2.58304e+06,148,2528.33,150,149
14264,1,500,0,0,150,3,150,3,2.46771e+06,148,2413,150,149
14265,1,500,0,0,150,3,150,3,2.35604e+06,148,2301.33,150,149
14266,1,500,0,0,150,3,150,3,2.35871e+06,148,2304,150,149
14267,1,500,0,0,150,3,150,3,2.60404e+06,148,2549.33,150,149
14268,1,500,0,0,150,3,150,3,2.61938e+06,148,2564.67,150,149
14269,1,500,0,0,150,3,150,3,2.46238e+06,148,2407.67,150,149
14270,1,500,0,0,150,3,150,3,2.54404e+06,148,2489.33,150,149
14271,1,500,0,0,150,3,150,3,2.49471e+06,148,2440,150,149
14272,1,500,0,0,150,3,150,3,2.59071e+06,148,2536,150,149
14273,1,500,0,0,150,3,150,3,2.45004e+06,148,2395.33,150,149
14274,1,500,0,0,150,3,150,3,2.43038e+06,148,2375.67,150,149
14275,1,500,0,0,150,3,150,3,2.22104e+06,148,2166.33,150,149
14276,1,500,0,0,150,3,150,3,2.57171e+06,148,2517,150,149
14277,1,500,0,0,150,3,150,3,2.33104e+06,148,2276.33,150,149
14278,1,500,0,0,150,3,150,3,2.48671e+06,148,2432,150,149
14279,1,500,0,0,150,3,150,3,2.50904e+06,148,2454.33,150,149
14280,1,500,0,0,150,3,150,3,2.48138e+06,148,2426.67,150,149
14281,1,500,0,0,150,3,150,3,2.36604e+06,148,2311.33,150,149
14282,1,500,0,0,150,3,150,3,2.41538e+06,148,2360.67,150,149
14283,1,500,0,0,150,3,150,3,2.51704e+06,148,2462.33,150,149
14284,1,500,0,0,150,3,150,3,2.55904e+06,148,2504.33,150,149
14285,1,500,0,0,150,3,150,3,2.46938e+06,148,2414.67,150,149
14286,1,500,0,0,150,3,150,3,2.58271e+06,148,2528,150,149
14287,1,500,0,0,150,3,150,3,2.38004e+06,148,2325.33,150,149
14288,1,500,0,0,150,3,150,3,2.43771e+06,148,2383,150,149
14289,1,500,0,0,150,3,150,3,2.56204e+06,148,2507.33,150,149
14290,1,500,0,0,150,3,150,3,2.41238e+06,148,2357.67,150,149
14291,1,500,0,0,150,3,150,3,2.34671e+06,148,2292,150,149
14292,1,500,0,0,150,3,150,3,2.33938e+06,148,2284.67,150,149
14293,1,500,0,0,150,3,150,3,2.53971e+06,148,2485,150,149
14294,1,500,0,0,150,3,150,3,2.43204e+06,148,2377.33,150,149
14295,1,500,0,0,150,3,150,3,2.33204e+06,148,2277.33,150,149
14296,1,500,0,0,150,3,150,3,2.34504e+06,148,2290.33,150,149
14297,1,500,0,0,150,3,150,3,2.59304e+06,148,2538.33,150,149
14298,1,500,0,0,150,3,150,3,2.61004e+06,148,2555.33,150,149
14299,1,500,0,0,150,3,150,3,2.60471e+06,148,2550,150,149
14300,1,500,0,0,150,3,150,3,2.62671e+06,148,2572,150,149
14301,1,500,0,0,150,3,150,3,2.46138e+06,148,2406.67,150,149
14302,1,500,0,0,150,3,150,3,2.58538e+06,148,2530.67,150,149
14303,1,500,0,0,150,3,150,3,2.52938e+06,148,2474.67,150,149
14304,1,500,0,0,150,3,150,3,2.59504e+06,148,2540.33,150,149
14305,1,500,0,0,150,3,150,3,2.53171e+06,148,2477,150,149
14306,1,500,0,0,150,3,150,3,2.59604e+06,148,2541.33,150,149
14307,1,500,0,0,150,3,150,3,2.44904e+06,148,2394.33,150,149
14308,1,500,0,0,150,3,150,3,2.37804e+06,148,2323.33,150,149
14309,1,500,0,0,150,3,150,3,2.31371e+06,148,2259,150,149
14310,1,500,0,0,150,3,150,3,2.62938e+06,148,2574.67,150,149
14311,1,500,0,0,150,3,150,3,2.66838e+06,148,2613.67,150,149
14312,1,500,0,0,150,3,150,3,2.45038e+06,148,2395.67,150,149
14313,1,500,0,0,150,3,150,3,2.51904e+06,148,2464.33,150,149
14314,1,500,0,0,150,3,150,3,2.34704e+06,148,2292.33,150,149
14315,1,500,0,0,150,3,150,3,2.57204e+06,148,2517.33,150,149
14316,1,500,0,0,150,3,150,3,2.44838e+06,148,2393.67,150,149
14317,1,500,0,0,150,3,150,3,2.35904e+06,148,2304.33,150,149
14318,1,500,0,0,150,3,150,3,2.67138e+06,148,2616.67,150,149
14319,1,500,0,0,150,3,150,3,2.73838e+06,148,2683.67,150,149
14320,1,500,0,0,150,3,150,3,2.42604e+06,148,2371.33,150,149
14321,1,500,0,0,150,3,150,3,2.44138e+06,148,2386.67,150,149
14322,1,500,0,0,150,3,150,3,2.33804e+06,148,2283.33,150,149
14323,1,500,0,0,150,3,150,3,2.81771e+06,148,2763,150,149
14324,1,500,0,0,150,3,150,3,2.55771e+06,148,2503,150,149
14325,1,500,0,0,150,3,150,3,2.43204e+06,148,2377.33,150,149
14326,1,500,0,0,150,3,150,3,2.24904e+06,148,2194.33,150,149
14327,1,500,0,0,150,3,150,3,2.68571e+06,148,2631,150,149
14328,1,500,0,0,150,3,150,3,2.54504e+06,148,2490.33,150,149
14329,1,500,0,0,150,3,150,3,2.70538e+06,148,2650.67,150,149
14330,1,500,0,0,150,3,150,3,2.56204e+06,148,2507.33,150,149
14331,1,500,0,0,150,3,150,3,2.47271e+06,148,2418,150,149
14332,1,500,0,0,150,3,150,3,2.46571e+06,148,2411,150,149
14333,1,500,0,0,150,3,150,3,2.54338e+06,148,2488.67,150,149
14334,1,500,0,0,150,3,150,3,2.51838e+06,148,2463.67,150,149
14335,1,500,0,0,150,3,150,3,2.53571e+06,148,2481,150,149
14336,1,500,0,0,150,3,150,3,2.60071e+06,148,2546,150,149
14337,1,500,0,0,150,3,150,3,2.51771e+06,148,2463,150,149
14338,1,500,0,0,150,3,150,3,2.58604e+06,148,2531.33,150,149
14339,1,500,0,0,150,3,150,3,2.45204e+06,148,2397.33,150,149
14340,1,500,0,0,150,3,150,3,2.51004e+06,148,2455.33,150,149
14341,1,500,0,0,150,3,150,3,2.41338e+06,148,2358.67,150,149
14342,1,500,0,0,150,3,150,3,2.32671e+06,148,2272,150,149
14343,1,500,0,0,150,3,150,3,2.31971e+06,148,2265,150,149
14344,1,500,0,0,150,3,150,3,2.52904e+06,148,2474.33,150,149
14345,1,500,0,0,150,3,150,3,2.54004e+06,148,2485.33,150,149
14346,1,500,0,0,150,3,150,3,2.40704e+06,148,2352.33,150,149
14347,1,500,0,0,150,3,150,3,2.61538e+06,148,2560.67,150,149
14348,1,500,0,0,150,3,150,3,2.47938e+06,148,2424.67,150,149
14349,1,500,0,0,150,3,150,3,2.20904e+06,148,2154.33,150,149
14350,1,500,0,0,150,3,150,3,2.37038e+06,148,2315.67,150,149
14351,1,500,0,0,150,3,150,3,2.65238e+06,148,2597.67,150,149
14352,1,500,0,0,150,3,150,3,2.44871e+06,148,2394,150,149
14353,1,500,0,0,150,3,150,3,2.72271e+06,148,2668,150,149
14354,1,500,0,0,150,3,150,3,2.08471e+06,148,2030,150,149
14355,1,500,0,0,150,3,150,3,2.48338e+06,148,2428.67,150,149
14356,1,500,0,0,150,3,150,3,2.19904e+06,148,2144.33,150,149
14357,1,500,0,0,150,3,150,3,2.35971e+06,148,2305,150,149
14358,1,500,0,0,150,3,150,3,2.60804e+06,148,2553.33,150,149
14359,1,500,0,0,150,3,150,3,2.41504e+06,148,2360.33,150,149
14360,1,500,0,0,150,3,150,3,2.64038e+06,148,2585.67,150,149
14361,1,500,0,0,150,3,150,3,2.65738e+06,148,2602.67,150,149
14362,1,500,0,0,150,3,150,3,2.50571e+06,148,2451,150,149
14363,1,500,0,0,150,3,150,3,2.51104e+06,148,2456.33,150,149
14364,1,500,0,0,150,3,150,3,2.43138e+06,148,2376.67,150,149
14365,1,500,0,0,150,3,150,3,2.47604e+06,148,2421.33,150,149
14366,1,500,0,0,150,3,150,3,2.61304e+06,148,2558.33,150,149
14367,1,500,0,0,150,3,150,3,2.31771e+06,148,2263,150,149
14368,1,500,0,0,150,3,150,3,2.41504e+06,148,2360.33,150,149
14369,1,500,0,0,150,3,150,3,2.39571e+06,148,2341,150,149
14370,1,500,0,0,150,3,150,3,2.50371e+06,148,2449,150,149
14371,1,500,0,0,150,3,150,3,2.53471e+06,148,2480,150,149
14372,1,500,0,0,150,3,150,3,2.29471e+06,148,2240,150,149
14373,1,500,0,0,150,3,150,3,2.32604e+06,148,2271.33,150,149
14374,1,500,0,0,150,3,150,3,2.30671e+06,148,2252,150,149
14375,1,500,0,0,150,3,150,3,2.53938e+06,148,2484.67,150,149
14376,1,500,0,0,150,3,150,3,2.33004e+06,148,2275.33,150,149
14377,1,500,0,0,150,3,150,3,2.47438e+06,148,2419.67,150,149
14378,1,500,0,0,150,3,150,3,2.42871e+06,148,2374,150,149
14379,1,500,0,0,150,3,150,3,2.42604e+06,148,2371.33,150,149
14380,1,500,0,0,150,3,150,3,2.49438e+06,148,2439.67,150,149
14381,1,500,0,0,150,3,150,3,2.55038e+06,148,2495.67,150,149
14382,1,500,0,0,150,3,150,3,2.44038e+06,148,2385.67,150,149
14383,1,500,0,0,150,3,150,3,2.34238e+06,148,2287.67,150,149
14384,1,500,0,0,150,3,150,3,2.52271e+06,148,2468,150,149
14385,1,500,0,0,150,3,150,3,2.44171e+06,148,2387,150,149
14386,1,500,0,0,150,3,150,3,2.53371e+06,148,2479,150,149
14387,1,500,0,0,150,3,150,3,2.59738e+06,148,2542.67,150,149
14388,1,500,0,0,150,3,150,3,2.48804e+06,148,2433.33,150,149
14389,1,500,0,0,150,3,150,3,2.54704e+06,148,2492.33,150,149
14390,1,500,0,0,150,3,150,3,2.62138e+06,148,2566.67,150,149
14391,1,500,0,0,150,3,150,3,2.62704e+06,148,2572.33,150,149
14392,1,500,0,0,150,3,150,3,2.53438e+06,148,2479.67,150,149
14393,1,500,0,0,150,3,150,3,2.42604e+06,148,2371.33,150,149
14394,1,500,0,0,150,3,150,3,2.40238e+06,148,2347.67,150,149
14395,1,500,0,0,150,3,150,3,2.65504e+06,148,2600.33,150,149
14396,1,500,0,0,150,3,150,3,2.63071e+06,148,2576,150,149
14397,1,500,0,0,150,3,150,3,2.40038e+06,148,2345.67,150,149
14398,1,500,0,0,150,3,150,3,2.54671e+06,148,2492,150,149
14399,1,500,0,0,150,3,150,3,2.47504e+06,148,2420.33,150,149
14400,1,500,0,0,150,3,150,3,2.58504e+06,148,2530.33,150,149
14401,1,500,0,0,150,3,150,3,2.53038e+06,148,2475.67,150,149
14402,1,500,0,0,150,3,150,3,2.52571e+06,148,2471,150,149
14403,1,500,0,0,150,3,150,3,2.35371e+06,148,2299,150,149
14404,1,500,0,0,150,3,150,3,2.57804e+06,148,2523.33,150,149
14405,1,500,0,0,150,3,150,3,2.56104e+06,148,2506.33,150,149
14406,1,500,0,0,150,3,150,3,2.52938e+06,148,2474.67,150,149
14407,1,500,0,0,150,3,150,3,2.50238e+06,148,2447.67,150,149
14408,1,500,0,0,150,3,150,3,2.23804e+06,148,2183.33,150,149
14409,1,500,0,0,150,3,150,3,2.50371e+06,148,2449,150,149
14410,1,500,0,0,150,3,150,3,2.62671e+06,148,2572,150,149
14411,1,500,0,0,150,3,150,3,2.50604e+06,148,2451.33,150,149
14412,1,500,0,0,150,3,150,3,2.51471e+06,148,2460,150,149
14413,1,500,0,0,150,3,150,3,2.37304e+06,148,2318.33,150,149
14414,1,500,0,0,150,3,150,3,2.75104e+06,148,2696.33,150,149
14415,1,500,0,0,150,3,150,3,2.66104e+06,148,2606.33,150,149
14416,1,500,0,0,150,3,150,3,2.61838e+06,148,2563.67,150,149
14417,1,500,0,0,150,3,150,3,2.52038e+06,148,2465.67,150,149
14418,1,500,0,0,150,3,150,3,2.47604e+06,148,2421.33,150,149
14419,1,500,0,0,150,3,150,3,2.58171e+06,148,2527,150,149
14420,1,500,0,0,150,3,150,3,2.49704e+06,148,2442.33,150,149
14421,1,500,0,0,150,3,150,3,2.31871e+06,148,2264,150,149
14422,1,500,0,0,150,3,150,3,2.46104e+06,148,2406.33,150,149
14423,1,500,0,0,150,3,150,3,2.59938e+06,148,2544.67,150,149
14424,1,500,0,0,150,3,150,3,2.38238e+06,148,2327.67,150,149
14425,1,500,0,0,150,3,150,3,2.45204e+06,148,2397.33,150,149
14426,1,500,0,0,150,3,150,3,2.50138e+06,148,2446.67,150,149
14427,1,500,0,0,150,3,150,3,2.31171e+06,148,2257,150,149
14428,1,500,0,0,150,3,150,3,2.52138e+06,148,2466.67,150,149
14429,1,500,0,0,150,3,150,3,2.49838e+06,148,2443.67,150,149
14430,1,500,0,0,150,3,150,3,2.45204e+06,148,2397.33,150,149
14431,1,500,0,0,150,3,150,3,2.47871e+06,148,2424,150,149
14432,1,500,0,0,150,3,150,3,2.39171e+06,148,2337,150,149
14433,1,500,0,0,150,3,150,3,2.49104e+06,148,2436.33,150,149
14434,1,500,0,0,150,3,150,3,2.41538e+06,148,2360.67,150,149
14435,1,500,0,0,150,3,150,3,2.32504e+06,148,2270.33,150,149
14436,1,500,0,0,150,3,150,3,2.44104e+06,148,2386.33,150,149
14437,1,500,0,0,150,3,150,3,2.40871e+06,148,2354,150,149
14438,1,500,0,0,150,3,150,3,2.45971e+06,148,2405,150,149
14439,1,500,0,0,150,3,150,3,2.34671e+06,148,2292,150,149
14440,1,500,0,0,150,3,150,3,2.46671e+06,148,2412,150,149
14441,1,500,0,0,150,3,150,3,2.40371e+06,148,2349,150,149
14442,1,500,0,0,150,3,150,3,2.62771e+06,148,2573,150,149
14443,1,500,0,0,150,3,150,3,2.56904e+06,148,2514.33,150,149
14444,1,500,0,0,150,3,150,3,2.48071e+06,148,2426,150,149
14445,1,500,0,0,150,3,150,3,2.51338e+06,148,2458.67,150,149
14446,1,500,0,0,150,3,150,3,2.51938e+06,148,2464.67,150,149
14447,1,500,0,0,150,3,150,3,2.62804e+06,148,2573.33,150,149
14448,1,500,0,0,150,3,150,3,2.56504e+06,148,2510.33,150,149
14449,1,500,0,0,150,3,150,3,2.31838e+06,148,2263.67,150,149
14450,1,500,0,0,150,3,150,3,2.46904e+06,148,2414.33,150,149
14451,1,500,0,0,150,3,150,3,2.49338e+06,148,2438.67,150,149
14452,1,500,0,0,150,3,150,3,2.38371e+06,148,2329,150,149
14453,1,500,0,0,150,3,150,3,2.23171e+06,148,2177,150,149
14454,1,500,0,0,150,3,150,3,2.35738e+06,148,2302.67,150,149
14455,1,500,0,0,150,3,150,3,2.44204e+06,148,2387.33,150,149
14456,1,500,0,0,150,3,150,3,2.46438e+06,148,2409.67,150,149
14457,1,500,0,0,150,3,150,3,2.66471e+06,148,2610,150,149
14458,1,500,0,0,150,3,150,3,2.35904e+06,148,2304.33,150,149
14459,1,500,0,0,150,3,150,3,2.31804e+06,148,2263.33,150,149
14460,1,500,0,0,150,3,150,3,2.49704e+06,148,2442.33,150,149
14461,1,500,0,0,150,3,150,3,2.33038e+06,148,2275.67,150,149
14462,1,500,0,0,150,3,150,3,2.49171e+06,148,2437,150,149
14463,1,500,0,0,150,3,150,3,2.54471e+06,148,2490,150,149
14464,1,500,0,0,150,3,150,3,2.38504e+06,148,2330.33,150,149
14465,1,500,0,0,150,3,150,3,2.38038e+06,148,2325.67,150,149
14466,1,500,0,0,150,3,150,3,2.49971e+06,148,2445,150,149
14467,1,500,0,0,150,3,150,3,2.37938e+06,148,2324.67,150,149
14468,1,500,0,0,150,3,150,3,2.49438e+06,148,2439.67,150,149
14469,1,500,0,0,150,3,150,3,2.53538e+06,148,2480.67,150,149
14470,1,500,0,0,150,3,150,3,2.39304e+06,148,2338.33,150,149
14471,1,500,0,0,150,3,150,3,2.57404e+06,148,2519.33,150,149
14472,1,500,0,0,150,3,150,3,2.47704e+06,148,2422.33,150,149
14473,1,500,0,0,150,3,150,3,2.37271e+06,148,2318,150,149
14474,1,500,0,0,150,3,150,3,2.41804e+06,148,2363.33,150,149
14475,1,500,0,0,150,3,150,3,2.27038e+06,148,2215.67,150,149
14476,1,500,0,0,150,3,150,3,2.57804e+06,148,2523.33,150,149
14477,1,500,0,0,150,3,150,3,2.49704e+06,148,2442.33,150,149
14478,1,500,0,0,150,3,150,3,2.58404e+06,148,2529.33,150,149
14479,1,500,0,0,150,3,150,3,2.46671e+06,148,2412,150,149
14480,1,500,0,0,150,3,150,3,2.50338e+06,148,2448.67,150,149
14481,1,500,0,0,150,3,150,3,2.50938e+06,148,2454.67,150,149
14482,1,500,0,0,150,3,150,3,2.55371e+06,148,2499,150,149
14483,1,500,0,0,150,3,150,3,2.54971e+06,148,2495,150,149
14484,1,500,0,0,150,3,150,3,2.31004e+06,148,2255.33,150,149
14485,1,500,0,0,150,3,150,3,2.56571e+06,148,2511,150,149
14486,1,500,0,0,150,3,150,3,2.69638e+06,148,2641.67,150,149
14487,1,500,0,0,150,3,150,3,2.48738e+06,148,2432.67,150,149
14488,1,500,0,0,150,3,150,3,2.47871e+06,148,2424,150,149
14489,1,500,0,0,150,3,150,3,2.51804e+06,148,2463.33,150,149
14490,1,500,0,0,150,3,150,3,2.67138e+06,148,2616.67,150,149
14491,1,500,0,0,150,3,150,3,2.55504e+06,148,2500.33,150,149
14492,1,500,0,0,150,3,150,3,2.55638e+06,148,2501.67,150,149
14493,1,500,0,0,150,3,150,3,2.44038e+06,148,2385.67,150,149
14494,1,500,0,0,150,3,150,3,2.53538e+06,148,2480.67,150,149
14495,1,500,0,0,150,3,150,3,2.49938e+06,148,2444.67,150,149
14496,1,500,0,0,150,3,150,3,2.56138e+06,148,2506.67,150,149
14497,1,500,0,0,150,3,150,3,2.58438e+06,148,2529.67,150,149
14498,1,500,0,0,150,3,150,3,2.48938e+06,148,2434.67,150,149
14499,1,500,0,0,150,3,150,3,2.40138e+06,148,2346.67,150,149
14500,1,500,0,0,150,3,150,3,2.41004e+06,148,2355.33,150,149
14501,1,500,0,0,150,3,150,3,2.49904e+06,148,2444.33,150,149
14502,1,500,0,0,150,3,150,3,2.52804e+06,148,2473.33,150,149
14503,1,500,0,0,150,3,150,3,2.26804e+06,148,2213.33,150,149
14504,1,500,0,0,150,3,150,3,2.40038e+06,148,2345.67,150,149
14505,1,500,0,0,150,3,150,3,2.38571e+06,148,2331,150,149
14506,1,500,0,0,150,3,150,3,2.66104e+06,148,2606.33,150,149
14507,1,500,0,0,150,3,150,3,2.46738e+06,148,2412.67,150,149
14508,1,500,0,0,150,3,150,3,2.61604e+06,148,2561.33,150,149
14509,1,500,0,0,150,3,150,3,2.54938e+06,148,2494.67,150,149
14510,1,500,0,0,150,3,150,3,2.37404e+06,148,2319.33,150,149
14511,1,500,0,0,150,3,150,3,2.56138e+06,148,2506.67,150,149
14512,1,500,0,0,150,3,150,3,2.28004e+06,148,2225.33,150,149
14513,1,500,0,0,150,3,150,3,2.64504e+06,148,2590.33,150,149
14514,1,500,0,0,150,3,150,3,2.53338e+06,148,2478.67,150,149
14515,1,500,0,0,150,3,150,3,2.26404e+06,148,2209.33,150,149
14516,1,500,0,0,150,3,150,3,2.54371e+06,148,2489,150,149
14517,1,500,0,0,150,3,150,3,2.47304e+06,148,2418.33,150,149
14518,1,500,0,0,150,3,150,3,2.35104e+06,148,2296.33,150,149
14519,1,500,0,0,150,3,150,3,2.65438e+06,148,2599.67,150,149
14520,1,500,0,0,150,3,150,3,2.51404e+06,148,2459.33,150,149
14521,1,500,0,0,150,3,150,3,2.73304e+06,148,2678.33,150,149
14522,1,500,0,0,150,3,150,3,2.36904e+06,148,2314.33,150,149
14523,1,500,0,0,150,3,150,3,2.44371e+06,148,2389,150,149
14524,1,500,0,0,150,3,150,3,2.30338e+06,148,2248.67,150,149
14525,1,500,0,0,150,3,150,3,2.37804e+06,148,2323.33,150,149
14526,1,500,0,0,150,3,150,3,2.45104e+06,148,2396.33,150,149
14527,1,500,0,0,150,3,150,3,2.68938e+06,148,2634.67,150,149
14528,1,500,0,0,150,3,150,3,2.55871e+06,148,2504,150,149
14529,1,500,0,0,150,3,150,3,2.61738e+06,148,2562.67,150,149
14530,1,500,0,0,150,3,150,3,2.47004e+06,148,2415.33,150,149
14531,1,500,0,0,150,3,150,3,2.44271e+06,148,2388,150,149
14532,1,500,0,0,150,3,150,3,2.60971e+06,148,2555,150,149
14533,1,500,0,0,150,3,150,3,2.45538e+06,148,2400.67,150,149
14534,1,500,0,0,150,3,150,3,2.35171e+06,148,2297,150,149
14535,1,500,0,0,150,3,150,3,2.38671e+06,148,2332,150,149
14536,1,500,0,0,150,3,150,3,2.49404e+06,148,2439.33,150,149
14537,1,500,0,0,150,3,150,3,2.52938e+06,148,2474.67,150,149
14538,1,500,0,0,150,3,150,3,2.19904e+06,148,2144.33,150,149
14539,1,500,0,0,150,3,150,3,2.53138e+06,148,2476.67,150,149
14540,1,500,0,0,150,3,150,3,2.13738e+06,148,2082.67,150,149
14541,1,500,0,0,150,3,150,3,2.42371e+06,148,2369,150,149
14542,1,500,0,0,150,3,150,3,2.25938e+06,148,2204.67,150,149
14543,1,500,0,0,150,3,150,3,2.61304e+06,148,2558.33,150,149
14544,1,500,0,0,150,3,150,3,2.32904e+06,148,2274.33,150,149
14545,1,500,0,0,150,3,150,3,2.31571e+06,148,2261,150,149
14546,1,500,0,0,150,3,150,3,2.66438e+06,148,2609.67,150,149
14547,1,500,0,0,150,3,150,3,2.44138e+06,148,2386.67,150,149
14548,1,500,0,0,150,3,150,3,2.68404e+06,148,2629.33,150,149
14549,1,500,0,0,150,3,150,3,2.43671e+06,148,2382,150,149
14550,1,500,0,0,150,3,150,3,2.55604e+06,148,2501.33,150,149
14551,1,500,0,0,150,3,150,3,2.25071e+06,148,2196,150,149
14552,1,500,0,0,150,3,150,3,2.68671e+06,148,2632,150,149
14553,1,500,0,0,150,3,150,3,2.62338e+06,148,2568.67,150,149
14554,1,500,0,0,150,3,150,3,2.54971e+06,148,2495,150,149
14555,1,500,0,0,150,3,150,3,2.55871e+06,148,2504,150,149
14556,1,500,0,0,150,3,150,3,2.41904e+06,148,2364.33,150,149
14557,1,500,0,0,150,3,150,3,2.48871e+06,148,2434,150,149
14558,1,500,0,0,150,3,150,3,2.57004e+06,148,2515.33,150,149
14559,1,500,0,0,150,3,150,3,2.86838e+06,148,2813.67,150,149
14560,1,500,0,0,150,3,150,3,2.53204e+06,148,2477.33,150,149
14561,1,500,0,0,150,3,150,3,2.37838e+06,148,2323.67,150,149
14562,1,500,0,0,150,3,150,3,2.37104e+06,148,2316.33,150,149
14563,1,500,0,0,150,3,150,3,2.44138e+06,148,2386.67,150,149
14564,1,500,0,0,150,3,150,3,2.57571e+06,148,2521,150,149
14565,1,500,0,0,150,3,150,3,2.42238e+06,148,2367.67,150,149
14566,1,500,0,0,150,3,150,3,2.52971e+06,148,2475,150,149
14567,1,500,0,0,150,3,150,3,2.53304e+06,148,2478.33,150,149
14568,1,500,0,0,150,3,150,3,2.54604e+06,148,2491.33,150,149
14569,1,500,0,0,150,3,150,3,2.60738e+06,148,2552.67,150,149
14570,1,500,0,0,150,3,150,3,2.57971e+06,148,2525,150,149
14571,1,500,0,0,150,3,150,3,2.28638e+06,148,2231.67,150,149
14572,1,500,0,0,150,3,150,3,2.54404e+06,148,2489.33,150,149
14573,1,500,0,0,150,3,150,3,2.43338e+06,148,2378.67,150,149
14574,1,500,0,0,150,3,150,3,2.60871e+06,148,2554,150,149
14575,1,500,0,0,150,3,150,3,2.43371e+06,148,2379,150,149
14576,1,500,0,0,150,3,150,3,2.47104e+06,148,2416.33,150,149
14577,1,500,0,0,150,3,150,3,2.39571e+06,148,2341,150,149
14578,1,500,0,0,150,3,150,3,2.63071e+06,148,2576,150,149
14579,1,500,0,0,150,3,150,3,2.40338e+06,148,2348.67,150,149
14580,1,500,0,0,150,3,150,3,2.54804e+06,148,2493.33,150,149
14581,1,500,0,0,150,3,150,3,2.51738e+06,148,2462.67,150,149
14582,1,500,0,0,150,3,150,3,2.58271e+06,148,2528,150,149
14583,1,500,0,0,150,3,150,3,2.44838e+06,148,2393.67,150,149
14584,1,500,0,0,150,3,150,3,2.62504e+06,148,2570.33,150,149
14585,1,500,0,0,150,3,150,3,2.52738e+06,148,2472.67,150,149
14586,1,500,0,0,150,3,150,3,2.35538e+06,148,2300.67,150,149
14587,1,500,0,0,150,3,150,3,2.32571e+06,148,2271,150,149
14588,1,500,0,0,150,3,150,3,2.53938e+06,148,2484.67,150,149
14589,1,500,0,0,150,3,150,3,2.58838e+06,148,2533.67,150,149
14590,1,500,0,0,150,3,150,3,2.57471e+06,148,2520,150,149
14591,1,500,0,0,150,3,150,3,2.37838e+06,148,2323.67,150,149
14592,1,500,0,0,150,3,150,3,2.57071e+06,148,2516,150,149
14593,1,500,0,0,150,3,150,3,2.41571e+06,148,2361,150,149
14594,1,500,0,0,150,3,150,3,2.65904e+06,148,2604.33,150,149
14595,1,500,0,0,150,3,150,3,2.42504e+06,148,2370.33,150,149
14596,1,500,0,0,150,3,150,3,2.38904e+06,148,2334.33,150,149
14597,1,500,0,0,150,3,150,3,2.22504e+06,148,2170.33,150,149
14598,1,500,0,0,150,3,150,3,2.28138e+06,148,2226.67,150,149
14599,1,500,0,0,150,3,150,3,2.54938e+06,148,2494.67,150,149
14600,1,500,0,0,150,3,150,3,2.57304e+06,148,2518.33,150,149
14601,1,500,0,0,150,3,150,3,2.33704e+06,148,2282.33,150,149
14602,1,500,0,0,150,3,150,3,2.54538e+06,148,2490.67,150,149
14603,1,500,0,0,150,3,150,3,2.39071e+06,148,2336,150,149
14604,1,500,0,0,150,3,150,3,2.44704e+06,148,2392.33,150,149
14605,1,500,0,0,150,3,150,3,2.57904e+06,148,2524.33,150,149
14606,1,500,0,0,150,3,150,3,2.31604e+06,148,2261.33,150,149
14607,1,500,0,0,150,3,150,3,2.39238e+06,148,2337.67,150,149
14608,1,500,0,0,150,3,150,3,2.52271e+06,148,2468,150,149
14609,1,500,0,0,150,3,150,3,2.51404e+06,148,2459.33,150,149
14610,1,500,0,0,150,3,150,3,2.48404e+06,148,2429.33,150,149
14611,1,500,0,0,150,3,150,3,2.30471e+06,148,2250,150,149
14612,1,500,0,0,150,3,150,3,2.43271e+06,148,2378,150,149
14613,1,500,0,0,150,3,150,3,2.39504e+06,148,2340.33,150,149
14614,1,500,0,0,150,3,150,3,2.35071e+06,148,2296,150,149
14615,1,500,0,0,150,3,150,3,2.59804e+06,148,2543.33,150,149
14616,1,500,0,0,150,3,150,3,2.36971e+06,148,2315,150,149
14617,1,500,0,0,150,3,150,3,2.50038e+06,148,2445.67,150,149
14618,1,500,0,0,150,3,150,3,2.43271e+06,148,2378,150,149
14619,1,500,0,0,150,3,150,3,2.35838e+06,148,2303.67,150,149
14620,1,500,0,0,150,3,150,3,2.35071e+06,148,2296,150,149
14621,1,500,0,0,150,3,150,3,2.41504e+06,148,2360.33,150,149
14622,1,500,0,0,150,3,150,3,2.34938e+06,148,2294.67,150,149
14623,1,500,0,0,150,3,150,3,2.50638e+06,148,2451.67,150,149
14624,1,500,0,0,150,3,150,3,2.54671e+06,148,2492,150,149
14625,1,500,0,0,150,3,150,3,2.45671e+06,148,2402,150,149
14626,1,500,0,0,150,3,150,3,2.48538e+06,148,2430.67,150,149
14627,1,500,0,0,150,3,150,3,2.69338e+06,148,2638.67,150,149
14628,1,500,0,0,150,3,150,3,2.40938e+06,148,2354.67,150,149
14629,1,500,0,0,150,3,150,3,2.54238e+06,148,2487.67,150,149
14630,1,500,0,0,150,3,150,3,2.54738e+06,148,2492.67,150,149
14631,1,500,0,0,150,3,150,3,2.38871e+06,148,2334,150,149
14632,1,500,0,0,150,3,150,3,2.61571e+06,148,2561,150,149
14633,1,500,0,0,150,3,150,3,2.49871e+06,148,2444,150,149
14634,1,500,0,0,150,3,150,3,2.66471e+06,148,2610,150,149
14635,1,500,0,0,150,3,150,3,2.30438e+06,148,2249.67,150,149
14636,1,500,0,0,150,3,150,3,2.48138e+06,148,2426.67,150,149
14637,1,500,0,0,150,3,150,3,2.57938e+06,148,2524.67,150,149
14638,1,500,0,0,150,3,150,3,2.48138e+06,148,2426.67,150,149
14639,1,500,0,0,150,3,150,3,2.34004e+06,148,2285.33,150,149
14640,1,500,0,0,150,3,150,3,2.41071e+06,148,2356,150,149
14641,1,500,0,0,150,3,150,3,2.61304e+06,148,2558.33,150,149
14642,1,500,0,0,150,3,150,3,2.82304e+06,148,2768.33,150,149
14643,1,500,0,0,150,3,150,3,2.48338e+06,148,2428.67,150,149
14644,1,500,0,0,150,3,150,3,2.60871e+06,148,2554,150,149
14645,1,500,0,0,150,3,150,3,2.46138e+06,148,2406.67,150,149
14646,1,500,0,0,150,3,150,3,2.37404e+06,148,2319.33,150,149
14647,1,500,0,0,150,3,150,3,2.14571e+06,148,2091,150,149
14648,1,500,0,0,150,3,150,3,2.36538e+06,148,2310.67,150,149
14649,1,500,0,0,150,3,150,3,2.47171e+06,148,2417,150,149
14650,1,500,0,0,150,3,150,3,2.37604e+06,148,2321.33,150,149
14651,1,500,0,0,150,3,150,3,2.53338e+06,148,2478.67,150,149
14652,1,500,0,0,150,3,150,3,2.32704e+06,148,2272.33,150,149
14653,1,500,0,0,150,3,150,3,2.32771e+06,148,2273,150,149
14654,1,500,0,0,150,3,150,3,2.58738e+06,148,2532.67,150,149
14655,1,500,0,0,150,3,150,3,2.30871e+06,148,2254,150,149
14656,1,500,0,0,150,3,150,3,2.61971e+06,148,2565,150,149
14657,1,500,0,0,150,3,150,3,2.40304e+06,148,2348.33,150,149
14658,1,500,0,0,150,3,150,3,2.53438e+06,148,2479.67,150,149
14659,1,500,0,0,150,3,150,3,2.50104e+06,148,2446.33,150,149
14660,1,500,0,0,150,3,150,3,2.43071e+06,148,2376,150,149
14661,1,500,0,0,150,3,150,3,2.33138e+06,148,2276.67,150,149
14662,1,500,0,0,150,3,150,3,2.48238e+06,148,2427.67,150,149
14663,1,500,0,0,150,3,150,3,2.44304e+06,148,2388.33,150,149
14664,1,500,0,0,150,3,150,3,2.45071e+06,148,2396,150,149
14665,1,500,0,0,150,3,150,3,2.30004e+06,148,2245.33,150,149
14666,1,500,0,0,150,3,150,3,2.46938e+06,148,2414.67,150,149
14667,1,500,0,0,150,3,150,3,2.53304e+06,148,2478.33,150,149
14668,1,500,0,0,150,3,150,3,2.52838e+06,148,2473.67,150,149
14669,1,500,0,0,150,3,150,3,2.50471e+06,148,2450,150,149
14670,1,500,0,0,150,3,150,3,2.44304e+06,148,2388.33,150,149
14671,1,500,0,0,150,3,150,3,2.53938e+06,148,2484.67,150,149
14672,1,500,0,0,150,3,150,3,2.79838e+06,148,2743.67,150,149
14673,1,500,0,0,150,3,150,3,2.39571e+06,148,2341,150,149
14674,1,500,0,0,150,3,150,3,2.55304e+06,148,2498.33,150,149
14675,1,500,0,0,150,3,150,3,2.74904e+06,148,2694.33,150,149
14676,1,500,0,0,150,3,150,3,2.66271e+06,148,2608,150,149
14677,1,500,0,0,150,3,150,3,2.42238e+06,148,2367.67,150,149
14678,1,500,0,0,150,3,150,3,2.62304e+06,148,2568.33,150,149
14679,1,500,0,0,150,3,150,3,2.46704e+06,148,2412.33,150,149
14680,1,500,0,0,150,3,150,3,2.34138e+06,148,2286.67,150,149
14681,1,500,0,0,150,3,150,3,2.44904e+06,148,2394.33,150,149
14682,1,500,0,0,150,3,150,3,2.47638e+06,148,2421.67,150,149
14683,1,500,0,0,150,3,150,3,2.50738e+06,148,2452.67,150,149
14684,1,500,0,0,150,3,150,3,2.55404e+06,148,2499.33,150,149
14685,1,500,0,0,150,3,150,3,2.50304e+06,148,2448.33,150,149
14686,1,500,0,0,150,3,150,3,2.51271e+06,148,2458,150,149
14687,1,500,0,0,150,3,150,3,2.23438e+06,148,2179.67,150,149
14688,1,500,0,0,150,3,150,3,2.51871e+06,148,2464,150,149
14689,1,500,0,0,150,3,150,3,2.58371e+06,148,2529,150,149
14690,1,500,0,0,150,3,150,3,2.36904e+06,148,2314.33,150,149
14691,1,500,0,0,150,3,150,3,2.46038e+06,148,2405.67,150,149
14692,1,500,0,0,150,3,150,3,2.50904e+06,148,2454.33,150,149
14693,1,500,0,0,150,3,150,3,2.42404e+06,148,2369.33,150,149
14694,1,500,0,0,150,3,150,3,2.48938e+06,148,2434.67,150,149
14695,1,500,0,0,150,3,150,3,2.50771e+06,148,2453,150,149
14696,1,500,0,0,150,3,150,3,2.50438e+06,148,2449.67,150,149
14697,1,500,0,0,150,3,150,3,2.46038e+06,148,2405.67,150,149
14698,1,500,0,0,150,3,150,3,2.62738e+06,148,2572.67,150,149
14699,1,500,0,0,150,3,150,3,2.50638e+06,148,2451.67,150,149
14700,1,500,0,0,150,3,150,3,2.29271e+06,148,2238,150,149
14701,1,500,0,0,150,3,150,3,2.45238e+06,148,2397.67,150,149
14702,1,500,0,0,150,3,150,3,2.29538e+06,148,2240.67,150,149
14703,1,500,0,0,150,3,150,3,2.62038e+06,148,2565.67,150,149
14704,1,500,0,0,150,3,150,3,2.40971e+06,148,2355,150,149
14705,1,500,0,0,150,3,150,3,2.55104e+06,148,2496.33,150,149
14706,1,500,0,0,150,3,150,3,2.58671e+06,148,2532,150,149
14707,1,500,0,0,150,3,150,3,2.55771e+06,148,2503,150,149
14708,1,500,0,0,150,3,150,3,2.49238e+06,148,2437.67,150,149
14709,1,500,0,0,150,3,150,3,2.31438e+06,148,2259.67,150,149
14710,1,500,0,0,150,3,150,3,2.54638e+06,148,2491.67,150,149
14711,1,500,0,0,150,3,150,3,2.35838e+06,148,2303.67,150,149
14712,1,500,0,0,150,3,150,3,2.56404e+06,148,2509.33,150,149
14713,1,500,0,0,150,3,150,3,2.61971e+06,148,2565,150,149
14714,1,500,0,0,150,3,150,3,2.57604e+06,148,2521.33,150,149
14715,1,500,0,0,150,3,150,3,2.22338e+06,148,2168.67,150,149
14716,1,500,0,0,150,3,150,3,2.57504e+06,148,2520.33,150,149
14717,1,500,0,0,150,3,150,3,2.37371e+06,148,2319,150,149
14718,1,500,0,0,150,3,150,3,2.38871e+06,148,2334,150,149
14719,1,500,0,0,150,3,150,3,2.53138e+06,148,2476.67,150,149
14720,1,500,0,0,150,3,150,3,2.50738e+06,148,2452.67,150,149
14721,1,500,0,0,150,3,150,3,2.43638e+06,148,2381.67,150,149
14722,1,500,0,0,150,3,150,3,2.43504e+06,148,2380.33,150,149
14723,1,500,0,0,150,3,150,3,2.38971e+06,148,2335,150,149
14724,1,500,0,0,150,3,150,3,2.69238e+06,148,2637.67,150,149
14725,1,500,0,0,150,3,150,3,2.40238e+06,148,2347.67,150,149
14726,1,500,0,0,150,3,150,3,2.51571e+06,148,2461,150,149
14727,1,500,0,0,150,3,150,3,2.63471e+06,148,2580,150,149
14728,1,500,0,0,150,3,150,3,2.56738e+06,148,2512.67,150,149
14729,1,500,0,0,150,3,150,3,2.63638e+06,148,2581.67,150,149
14730,1,500,0,0,150,3,150,3,2.65504e+06,148,2600.33,150,149
14731,1,500,0,0,150,3,150,3,2.53971e+06,148,2485,150,149
14732,1,500,0,0,150,3,150,3,2.60404e+06,148,2549.33,150,149
14733,1,500,0,0,150,3,150,3,2.36438e+06,148,2309.67,150,149
14734,1,500,0,0,150,3,150,3,2.42704e+06,148,2372.33,150,149
14735,1,500,0,0,150,3,150,3,2.44838e+06,148,2393.67,150,149
14736,1,500,0,0,150,3,150,3,2.51371e+06,148,2459,150,149
14737,1,500,0,0,150,3,150,3,2.58171e+06,148,2527,150,149
14738,1,500,0,0,150,3,150,3,2.67204e+06,148,2617.33,150,149
14739,1,500,0,0,150,3,150,3,2.50571e+06,148,2451,150,149
14740,1,500,0,0,150,3,150,3,2.43871e+06,148,2384,150,149
14741,1,500,0,0,150,3,150,3,2.35971e+06,148,2305,150,149
14742,1,500,0,0,150,3,150,3,2.61138e+06,148,2556.67,150,149
14743,1,500,0,0,150,3,150,3,2.54104e+06,148,2486.33,150,149
14744,1,500,0,0,150,3,150,3,2.52504e+06,148,2470.33,150,149
14745,1,500,0,0,150,3,150,3,2.57071e+06,148,2516,150,149
14746,1,500,0,0,150,3,150,3,2.50404e+06,148,2449.33,150,149
14747,1,500,0,0,150,3,150,3,2.36671e+06,148,2312,150,149
14748,1,500,0,0,150,3,150,3,2.34104e+06,148,2286.33,150,149
14749,1,500,0,0,150,3,150,3,2.39738e+06,148,2342.67,150,149
14750,1,500,0,0,150,3,150,3,2.40638e+06,148,2351.67,150,149
14751,1,500,0,0,150,3,150,3,2.47638e+06,148,2421.67,150,149
14752,1,500,0,0,150,3,150,3,2.45471e+06,148,2400,150,149
14753,1,500,0,0,150,3,150,3,2.51271e+06,148,2458,150,149
14754,1,500,0,0,150,3,150,3,2.44938e+06,148,2394.67,150,149
14755,1,500,0,0,150,3,150,3,2.69438e+06,148,2639.67,150,149
14756,1,500,0,0,150,3,150,3,2.43271e+06,148,2378,150,149
14757,1,500,0,0,150,3,150,3,2.35304e+06,148,2298.33,150,149
14758,1,500,0,0,150,3,150,3,2.65438e+06,148,2599.67,150,149
14759,1,500,0,0,150,3,150,3,2.55138e+06,148,2496.67,150,149
14760,1,500,0,0,150,3,150,3,2.56538e+06,148,2510.67,150,149
14761,1,500,0,0,150,3,150,3,2.59738e+06,148,2542.67,150,149
14762,1,500,0,0,150,3,150,3,2.38738e+06,148,2332.67,150,149
14763,1,500,0,0,150,3,150,3,2.77304e+06,148,2718.33,150,149
14764,1,500,0,0,150,3,150,3,2.32938e+06,148,2274.67,150,149
14765,1,500,0,0,150,3,150,3,2.72471e+06,148,2670,150,149
14766,1,500,0,0,150,3,150,3,2.47404e+06,148,2419.33,150,149
14767,1,500,0,0,150,3,150,3,2.32871e+06,148,2274,150,149
14768,1,500,0,0,150,3,150,3,2.48638e+06,148,2431.67,150,149
14769,1,500,0,0,150,3,150,3,2.43304e+06,148,2378.33,150,149
14770,1,500,0,0,150,3,150,3,2.57738e+06,148,2522.67,150,149
14771,1,500,0,0,150,3,150,3,2.17471e+06,148,2120,150,149
14772,1,500,0,0,150,3,150,3,2.51538e+06,148,2460.67,150,149
14773,1,500,0,0,150,3,150,3,2.47404e+06,148,2419.33,150,149
14774,1,500,0,0,150,3,150,3,2.36004e+06,148,2305.33,150,149
14775,1,500,0,0,150,3,150,3,2.59538e+06,148,2540.67,150,149
14776,1,500,0,0,150,3,150,3,2.61904e+06,148,2564.33,150,149
14777,1,500,0,0,150,3,150,3,2.29071e+06,148,2236,150,149
14778,1,500,0,0,150,3,150,3,2.34004e+06,148,2285.33,150,149
14779,1,500,0,0,150,3,150,3,2.43871e+06,148,2384,150,149
14780,1,500,0,0,150,3,150,3,2.28471e+06,148,2230,150,149
14781,1,500,0,0,150,3,150,3,2.55238e+06,148,2497.67,150,149
14782,1,500,0,0,150,3,150,3,2.68271e+06,148,2628,150,149
14783,1,500,0,0,150,3,150,3,2.64504e+06,148,2590.33,150,149
14784,1,500,0,0,150,3,150,3,2.41938e+06,148,2364.67,150,149
14785,1,500,0,0,150,3,150,3,2.33538e+06,148,2280.67,150,149
14786,1,500,0,0,150,3,150,3,2.40004e+06,148,2345.33,150,149
14787,1,500,0,0,150,3,150,3,2.46938e+06,148,2414.67,150,149
14788,1,500,0,0,150,3,150,3,2.53104e+06,148,2476.33,150,149
14789,1,500,0,0,150,3,150,3,2.50871e+06,148,2454,150,149
14790,1,500,0,0,150,3,150,3,2.45504e+06,148,2400.33,150,149
14791,1,500,0,0,150,3,150,3,2.43904e+06,148,2384.33,150,149
14792,1,500,0,0,150,3,150,3,2.36638e+06,148,2311.67,150,149
14793,1,500,0,0,150,3,150,3,2.30538e+06,148,2250.67,150,149
14794,1,500,0,0,150,3,150,3,2.32138e+06,148,2266.67,150,149
14795,1,500,0,0,150,3,150,3,2.57171e+06,148,2517,150,149
14796,1,500,0,0,150,3,150,3,2.33671e+06,148,2282,150,149
14797,1,500,0,0,150,3,150,3,2.39771e+06,148,2343,150,149
14798,1,500,0,0,150,3,150,3,2.59171e+06,148,2537,150,149
14799,1,500,0,0,150,3,150,3,2.62671e+06,148,2572,150,149
14800,1,500,0,0,150,3,150,3,2.38038e+06,148,2325.67,150,149
14801,1,500,0,0,150,3,150,3,2.50538e+06,148,2450.67,150,149
14802,1,500,0,0,150,3,150,3,2.54638e+06,148,2491.67,150,149
14803,1,500,0,0,150,3,150,3,2.47304e+06,148,2418.33,150,149
14804,1,500,0,0,150,3,150,3,2.44004e+06,148,2385.33,150,149
14805,1,500,0,0,150,3,150,3,2.44538e+06,148,2390.67,150,149
14806,1,500,0,0,150,3,150,3,2.27104e+06,148,2216.33,150,149
14807,1,500,0,0,150,3,150,3,2.34504e+06,148,2290.33,150,149
14808,1,500,0,0,150,3,150,3,2.44738e+06,148,2392.67,150,149
14809,1,500,0,0,150,3,150,3,2.42438e+06,148,2369.67,150,149
14810,1,500,0,0,150,3,150,3,2.44404e+06,148,2389.33,150,149
14811,1,500,0,0,150,3,150,3,2.40304e+06,148,2348.33,150,149
14812,1,500,0,0,150,3,150,3,2.51004e+06,148,2455.33,150,149
14813,1,500,0,0,150,3,150,3,2.42671e+06,148,2372,150,149
14814,1,500,0,0,150,3,150,3,2.44571e+06,148,2391,150,149
14815,1,500,0,0,150,3,150,3,2.48371e+06,148,2429,150,149
14816,1,500,0,0,150,3,150,3,2.38838e+06,148,2333.67,150,149
14817,1,500,0,0,150,3,150,3,2.39204e+06,148,2337.33,150,149
14818,1,500,0,0,150,3,150,3,2.33238e+06,148,2277.67,150,149
14819,1,500,0,0,150,3,150,3,2.41538e+06,148,2360.67,150,149
14820,1,500,0,0,150,3,150,3,2.41738e+06,148,2362.67,150,149
14821,1,500,0,0,150,3,150,3,2.33971e+06,148,2285,150,149
14822,1,500,0,0,150,3,150,3,2.41938e+06,148,2364.67,150,149
14823,1,500,0,0,150,3,150,3,2.43238e+06,148,2377.67,150,149
14824,1,500,0,0,150,3,150,3,2.49271e+06,148,2438,150,149
14825,1,500,0,0,150,3,150,3,2.31171e+06,148,2257,150,149
14826,1,500,0,0,150,3,150,3,2.37304e+06,148,2318.33,150,149
14827,1,500,0,0,150,3,150,3,2.56104e+06,148,2506.33,150,149
14828,1,500,0,0,150,3,150,3,2.72138e+06,148,2666.67,150,149
14829,1,500,0,0,150,3,150,3,2.54538e+06,148,2490.67,150,149
14830,1,500,0,0,150,3,150,3,2.50671e+06,148,2452,150,149
14831,1,500,0,0,150,3,150,3,2.42871e+06,148,2374,150,149
14832,1,500,0,0,150,3,150,3,2.48138e+06,148,2426.67,150,149
14833,1,500,0,0,150,3,150,3,2.28338e+06,148,2228.67,150,149
14834,1,500,0,0,150,3,150,3,2.44871e+06,148,2394,150,149
14835,1,500,0,0,150,3,150,3,2.42871e+06,148,2374,150,149
14836,1,500,0,0,150,3,150,3,2.36438e+06,148,2309.67,150,149
14837,1,500,0,0,150,3,150,3,2.49038e+06,148,2435.67,150,149
14838,1,500,0,0,150,3,150,3,2.45438e+06,148,2399.67,150,149
14839,1,500,0,0,150,3,150,3,2.52671e+06,148,2472,150,149
14840,1,500,0,0,150,3,150,3,2.35038e+06,148,2295.67,150,149
14841,1,500,0,0,150,3,150,3,2.43238e+06,148,2377.67,150,149
14842,1,500,0,0,150,3,150,3,2.31504e+06,148,2260.33,150,149
14843,1,500,0,0,150,3,150,3,2.53371e+06,148,2479,150,149
14844,1,500,0,0,150,3,150,3,2.42871e+06,148,2374,150,149
14845,1,500,0,0,150,3,150,3,2.47171e+06,148,2417,150,149
14846,1,500,0,0,150,3,150,3,2.46704e+06,148,2412.33,150,149
14847,1,500,0,0,150,3,150,3,2.52271e+06,148,2468,150,149
14848,1,500,0,0,150,3,150,3,2.48371e+06,148,2429,150,149
14849,1,500,0,0,150,3,150,3,2.40138e+06,148,2346.67,150,149
14850,1,500,0,0,150,3,150,3,2.56671e+06,148,2512,150,149
14851,1,500,0,0,150,3,150,3,2.71871e+06,148,2664,150,149
14852,1,500,0,0,150,3,150,3,2.68938e+06,148,2634.67,150,149
14853,1,500,0,0,150,3,150,3,2.60438e+06,148,2549.67,150,149
14854,1,500,0,0,150,3,150,3,2.53571e+06,148,2481,150,149
14855,1,500,0,0,150,3,150,3,2.49838e+06,148,2443.67,150,149
14856,1,500,0,0,150,3,150,3,2.47904e+06,148,2424.33,150,149
14857,1,500,0,0,150,3,150,3,2.49671e+06,148,2442,150,149
14858,1,500,0,0,150,3,150,3,2.46304e+06,148,2408.33,150,149
14859,1,500,0,0,150,3,150,3,2.52838e+06,148,2473.67,150,149
14860,1,500,0,0,150,3,150,3,2.28871e+06,148,2234,150,149
14861,1,500,0,0,150,3,150,3,2.43204e+06,148,2377.33,150,149
14862,1,500,0,0,150,3,150,3,2.58371e+06,148,2529,150,149
14863,1,500,0,0,150,3,150,3,2.33004e+06,148,2275.33,150,149
14864,1,500,0,0,150,3,150,3,2.42904e+06,148,2374.33,150,149
14865,1,500,0,0,150,3,150,3,2.35171e+06,148,2297,150,149
14866,1,500,0,0,150,3,150,3,2.52804e+06,148,2473.33,150,149
14867,1,500,0,0,150,3,150,3,2.48338e+06,148,2428.67,150,149
14868,1,500,0,0,150,3,150,3,2.49571e+06,148,2441,150,149
14869,1,500,0,0,150,3,150,3,2.43304e+06,148,2378.33,150,149
14870,1,500,0,0,150,3,150,3,2.39871e+06,148,2344,150,149
14871,1,500,0,0,150,3,150,3,2.51904e+06,148,2464.33,150,149
14872,1,500,0,0,150,3,150,3,2.46704e+06,148,2412.33,150,149
14873,1,500,0,0,150,3,150,3,2.60271e+06,148,2548,150,149
14874,1,500,0,0,150,3,150,3,2.63304e+06,148,2578.33,150,149
14875,1,500,0,0,150,3,150,3,2.49538e+06,148,2440.67,150,149
14876,1,500,0,0,150,3,150,3,2.53804e+06,148,2483.33,150,149
14877,1,500,0,0,150,3,150,3,2.57904e+06,148,2524.33,150,149
14878,1,500,0,0,150,3,150,3,2.28804e+06,148,2233.33,150,149
14879,1,500,0,0,150,3,150,3,2.47904e+06,148,2424.33,150,149
14880,1,500,0,0,150,3,150,3,2.52504e+06,148,2470.33,150,149
14881,1,500,0,0,150,3,150,3,2.40971e+06,148,2355,150,149
14882,1,500,0,0,150,3,150,3,2.38638e+06,148,2331.67,150,149
14883,1,500,0,0,150,3,150,3,2.46204e+06,148,2407.33,150,149
14884,1,500,0,0,150,3,150,3,2.46004e+06,148,2405.33,150,149
14885,1,500,0,0,150,3,150,3,2.55471e+06,148,2500,150,149
14886,1,500,0,0,150,3,150,3,2.36838e+06,148,2313.67,150,149
14887,1,500,0,0,150,3,150,3,2.53671e+06,148,2482,150,149
14888,1,500,0,0,150,3,150,3,2.24904e+06,148,2194.33,150,149
14889,1,500,0,0,150,3,150,3,2.65171e+06,148,2597,150,149
14890,1,500,0,0,150,3,150,3,2.51871e+06,148,2464,150,149
14891,1,500,0,0,150,3,150,3,2.37438e+06,148,2319.67,150,149
14892,1,500,0,0,150,3,150,3,2.32104e+06,148,2266.33,150,149
14893,1,500,0,0,150,3,150,3,2.30438e+06,148,2249.67,150,149
14894,1,500,0,0,150,3,150,3,2.35771e+06,148,2303,150,149
14895,1,500,0,0,150,3,150,3,2.32271e+06,148,2268,150,149
14896,1,500,0,0,150,3,150,3,2.41338e+06,148,2358.67,150,149
14897,1,500,0,0,150,3,150,3,2.45271e+06,148,2398,150,149
14898,1,500,0,0,150,3,150,3,2.48638e+06,148,2431.67,150,149
14899,1,500,0,0,150,3,150,3,2.54404e+06,148,2489.33,150,149
14900,1,500,0,0,150,3,150,3,2.23704e+06,148,2182.33,150,149
14901,1,500,0,0,150,3,150,3,2.57704e+06,148,2522.33,150,149
14902,1,500,0,0,150,3,150,3,2.51238e+06,148,2457.67,150,149
14903,1,500,0,0,150,3,150,3,2.49871e+06,148,2444,150,149
14904,1,500,0,0,150,3,150,3,2.54371e+06,148,2489,150,149
14905,1,500,0,0,150,3,150,3,2.28004e+06,148,2225.33,150,149
14906,1,500,0,0,150,3,150,3,2.65971e+06,148,2605,150,149
14907,1,500,0,0,150,3,150,3,2.36971e+06,148,2315,150,149
14908,1,500,0,0,150,3,150,3,2.39171e+06,148,2337,150,149
14909,1,500,0,0,150,3,150,3,2.39538e+06,148,2340.67,150,149
14910,1,500,0,0,150,3,150,3,2.40471e+06,148,2350,150,149
14911,1,500,0,0,150,3,150,3,2.32971e+06,148,2275,150,149
14912,1,500,0,0,150,3,150,3,2.48371e+06,148,2429,150,149
14913,1,500,0,0,150,3,150,3,2.54038e+06,148,2485.67,150,149
14914,1,500,0,0,150,3,150,3,2.50938e+06,148,2454.67,150,149
14915,1,500,0,0,150,3,150,3,2.39038e+06,148,2335.67,150,149
14916,1,500,0,0,150,3,150,3,2.50271e+06,148,2448,150,149
14917,1,500,0,0,150,3,150,3,2.30504e+06,148,2250.33,150,149
14918,1,500,0,0,150,3,150,3,2.51138e+06,148,2456.67,150,149
14919,1,500,0,0,150,3,150,3,2.47438e+06,148,2419.67,150,149
14920,1,500,0,0,150,3,150,3,2.52471e+06,148,2470,150,149
14921,1,500,0,0,150,3,150,3,2.57804e+06,148,2523.33,150,149
14922,1,500,0,0,150,3,150,3,2.57138e+06,148,2516.67,150,149
14923,1,500,0,0,150,3,150,3,2.36471e+06,148,2310,150,149
14924,1,500,0,0,150,3,150,3,2.48538e+06,148,2430.67,150,149
14925,1,500,0,0,150,3,150,3,2.52504e+06,148,2470.33,150,149
14926,1,500,0,0,150,3,150,3,2.64304e+06,148,2588.33,150,149
14927,1,500,0,0,150,3,150,3,2.42204e+06,148,2367.33,150,149
14928,1,500,0,0,150,3,150,3,2.44804e+06,148,2393.33,150,149
14929,1,500,0,0,150,3,150,3,2.50704e+06,148,2452.33,150,149
14930,1,500,0,0,150,3,150,3,2.63671e+06,148,2582,150,149
14931,1,500,0,0,150,3,150,3,2.52704e+06,148,2472.33,150,149
14932,1,500,0,0,150,3,150,3,2.53204e+06,148,2477.33,150,149
14933,1,500,0,0,150,3,150,3,2.56671e+06,148,2512,150,149
14934,1,500,0,0,150,3,150,3,2.35838e+06,148,2303.67,150,149
14935,1,500,0,0,150,3,150,3,2.43071e+06,148,2376,150,149
14936,1,500,0,0,150,3,150,3,2.61571e+06,148,2561,150,149
14937,1,500,0,0,150,3,150,3,2.47771e+06,148,2423,150,149
14938,1,500,0,0,150,3,150,3,2.36438e+06,148,2309.67,150,149
14939,1,500,0,0,150,3,150,3,2.51504e+06,148,2460.33,150,149
14940,1,500,0,0,150,3,150,3,2.55671e+06,148,2502,150,149
14941,1,500,0,0,150,3,150,3,2.46338e+06,148,2408.67,150,149
14942,1,500,0,0,150,3,150,3,2.46171e+06,148,2407,150,149
14943,1,500,0,0,150,3,150,3,2.36104e+06,148,2306.33,150,149
14944,1,500,0,0,150,3,150,3,2.54071e+06,148,2486,150,149
14945,1,500,0,0,150,3,150,3,2.50471e+06,148,2450,150,149
14946,1,500,0,0,150,3,150,3,2.24804e+06,148,2193.33,150,149
14947,1,500,0,0,150,3,150,3,2.58304e+06,148,2528.33,150,149
14948,1,500,0,0,150,3,150,3,2.36438e+06,148,2309.67,150,149
14949,1,500,0,0,150,3,150,3,2.48404e+06,148,2429.33,150,149
14950,1,500,0,0,150,3,150,3,2.41071e+06,148,2356,150,149
14951,1,500,0,0,150,3,150,3,2.48838e+06,148,2433.67,150,149
14952,1,500,0,0,150,3,150,3,2.56504e+06,148,2510.33,150,149
14953,1,500,0,0,150,3,150,3,2.45938e+06,148,2404.67,150,149
14954,1,500,0,0,150,3,150,3,2.52604e+06,148,2471.33,150,149
14955,1,500,0,0,150,3,150,3,2.50338e+06,148,2448.67,150,149
14956,1,500,0,0,150,3,150,3,2.45538e+06,148,2400.67,150,149
14957,1,500,0,0,150,3,150,3,2.45304e+06,148,2398.33,150,149
14958,1,500,0,0,150,3,150,3,2.45171e+06,148,2397,150,149
14959,1,500,0,0,150,3,150,3,2.53938e+06,148,2484.67,150,149
14960,1,500,0,0,150,3,150,3,2.61004e+06,148,2555.33,150,149
14961,1,500,0,0,150,3,150,3,2.64804e+06,148,2593.33,150,149
14962,1,500,0,0,150,3,150,3,2.45338e+06,148,2398.67,150,149
14963,1,500,0,0,150,3,150,3,2.59971e+06,148,2545,150,149
14964,1,500,0,0,150,3,150,3,2.21704e+06,148,2162.33,150,149
14965,1,500,0,0,150,3,150,3,2.43638e+06,148,2381.67,150,149
14966,1,500,0,0,150,3,150,3,2.38004e+06,148,2325.33,150,149
14967,1,500,0,0,150,3,150,3,2.26238e+06,148,2207.67,150,149
14968,1,500,0,0,150,3,150,3,2.38004e+06,148,2325.33,150,149
14969,1,500,0,0,150,3,150,3,2.54671e+06,148,2492,150,149
14970,1,500,0,0,150,3,150,3,2.37571e+06,148,2321,150,149
14971,1,500,0,0,150,3,150,3,2.34838e+06,148,2293.67,150,149
14972,1,500,0,0,150,3,150,3,2.55938e+06,148,2504.67,150,149
14973,1,500,0,0,150,3,150,3,2.39238e+06,148,2337.67,150,149
14974,1,500,0,0,150,3,150,3,2.37371e+06,148,2319,150,149
14975,1,500,0,0,150,3,150,3,2.56704e+06,148,2512.33,150,149
14976,1,500,0,0,150,3,150,3,2.45738e+06,148,2402.67,150,149
14977,1,500,0,0,150,3,150,3,2.62771e+06,148,2573,150,149
14978,1,500,0,0,150,3,150,3,2.45504e+06,148,2400.33,150,149
14979,1,500,0,0,150,3,150,3,2.73171e+06,148,2677,150,149
14980,1,500,0,0,150,3,150,3,2.53804e+06,148,2483.33,150,149
14981,1,500,0,0,150,3,150,3,2.46204e+06,148,2407.33,150,149
14982,1,500,0,0,150,3,150,3,2.25938e+06,148,2204.67,150,149
14983,1,500,0,0,150,3,150,3,2.55404e+06,148,2499.33,150,149
14984,1,500,0,0,150,3,150,3,2.45438e+06,148,2399.67,150,149
14985,1,500,0,0,150,3,150,3,2.51671e+06,148,2462,150,149
14986,1,500,0,0,150,3,150,3,2.52904e+06,148,2474.33,150,149
14987,1,500,0,0,150,3,150,3,2.52304e+06,148,2468.33,150,149
14988,1,500,0,0,150,3,150,3,2.61671e+06,148,2562,150,149
14989,1,500,0,0,150,3,150,3,2.51738e+06,148,2462.67,150,149
14990,1,500,0,0,150,3,150,3,2.40938e+06,148,2354.67,150,149
14991,1,500,0,0,150,3,150,3,2.34304e+06,148,2288.33,150,149
14992,1,500,0,0,150,3,150,3,2.40604e+06,148,2351.33,150,149
14993,1,500,0,0,150,3,150,3,2.36104e+06,148,2306.33,150,149
14994,1,500,0,0,150,3,150,3,2.34204e+06,148,2287.33,150,149
14995,1,500,0,0,150,3,150,3,2.40638e+06,148,2351.67,150,149
14996,1,500,0,0,150,3,150,3,2.62571e+06,148,2571,150,149
14997,1,500,0,0,150,3,150,3,2.63871e+06,148,2584,150,149
14998,1,500,0,0,150,3,150,3,2.60138e+06,148,2546.67,150,149
14999,1,500,0,0,150,3,150,3,2.54504e+06,148,2490.33,150,149
15000,1,500,0,0,150,3,150,3,2.47271e+06,148,2418,150,149
15001,1,500,0,0,150,3,150,3,2.70071e+06,148,2646,150,149
